2026-09-05T19:08:19.664+05:30  INFO 13676 --- [doc-mind] [main] com.pranit.docmind.DocMindApplication    : Starting DocMindApplication using Java 25.0.3 with PID 13676 (P:\Backend Development\DocMind\DocMind\docmind-backend\doc-mind\build\classes\java\main started by Pranit in P:\Backend Development\DocMind\DocMind\docmind-backend)
2026-09-05T19:08:19.665+05:30  INFO 13676 --- [doc-mind] [main] com.pranit.docmind.DocMindApplication    : The following 1 profile is active: "dev"
2026-09-05T19:08:20.649+05:30  INFO 13676 --- [doc-mind] [main] .s.d.r.c.RepositoryConfigurationDelegate : Multiple Spring Data modules found, entering strict repository configuration mode
2026-09-05T19:08:20.650+05:30  INFO 13676 --- [doc-mind] [main] .s.d.r.c.RepositoryConfigurationDelegate : Bootstrapping Spring Data JPA repositories in DEFAULT mode.
2026-09-05T19:08:20.796+05:30  INFO 13676 --- [doc-mind] [main] .s.d.r.c.RepositoryConfigurationDelegate : Finished Spring Data repository scanning in 139 ms. Found 7 JPA repository interfaces.
2026-09-05T19:08:20.838+05:30  INFO 13676 --- [doc-mind] [main] .s.d.r.c.RepositoryConfigurationDelegate : Multiple Spring Data modules found, entering strict repository configuration mode
2026-09-05T19:08:20.839+05:30  INFO 13676 --- [doc-mind] [main] .s.d.r.c.RepositoryConfigurationDelegate : Bootstrapping Spring Data Redis repositories in DEFAULT mode.
2026-09-05T19:08:20.863+05:30  INFO 13676 --- [doc-mind] [main] .RepositoryConfigurationExtensionSupport : Spring Data Redis - Could not safely identify store assignment for repository candidate interface com.pranit.docmind.authentication.repository.RefreshTokenRepository; If you want this repository to be a Redis repository, consider annotating your entities with one of these annotations: org.springframework.data.redis.core.RedisHash (preferred), or consider extending one of the following types with your repository: org.springframework.data.keyvalue.repository.KeyValueRepository
2026-09-05T19:08:20.864+05:30  INFO 13676 --- [doc-mind] [main] .RepositoryConfigurationExtensionSupport : Spring Data Redis - Could not safely identify store assignment for repository candidate interface com.pranit.docmind.authentication.repository.UserRepository; If you want this repository to be a Redis repository, consider annotating your entities with one of these annotations: org.springframework.data.redis.core.RedisHash (preferred), or consider extending one of the following types with your repository: org.springframework.data.keyvalue.repository.KeyValueRepository
2026-09-05T19:08:20.865+05:30  INFO 13676 --- [doc-mind] [main] .RepositoryConfigurationExtensionSupport : Spring Data Redis - Could not safely identify store assignment for repository candidate interface com.pranit.docmind.authorization.repository.RoleRepository; If you want this repository to be a Redis repository, consider annotating your entities with one of these annotations: org.springframework.data.redis.core.RedisHash (preferred), or consider extending one of the following types with your repository: org.springframework.data.keyvalue.repository.KeyValueRepository
2026-09-05T19:08:20.865+05:30  INFO 13676 --- [doc-mind] [main] .RepositoryConfigurationExtensionSupport : Spring Data Redis - Could not safely identify store assignment for repository candidate interface com.pranit.docmind.authorization.repository.UserRoleRepository; If you want this repository to be a Redis repository, consider annotating your entities with one of these annotations: org.springframework.data.redis.core.RedisHash (preferred), or consider extending one of the following types with your repository: org.springframework.data.keyvalue.repository.KeyValueRepository
2026-09-05T19:08:20.865+05:30  INFO 13676 --- [doc-mind] [main] .RepositoryConfigurationExtensionSupport : Spring Data Redis - Could not safely identify store assignment for repository candidate interface com.pranit.docmind.document.repository.DocumentRepository; If you want this repository to be a Redis repository, consider annotating your entities with one of these annotations: org.springframework.data.redis.core.RedisHash (preferred), or consider extending one of the following types with your repository: org.springframework.data.keyvalue.repository.KeyValueRepository
2026-09-05T19:08:20.866+05:30  INFO 13676 --- [doc-mind] [main] .RepositoryConfigurationExtensionSupport : Spring Data Redis - Could not safely identify store assignment for repository candidate interface com.pranit.docmind.document.repository.SeedHistoryRepository; If you want this repository to be a Redis repository, consider annotating your entities with one of these annotations: org.springframework.data.redis.core.RedisHash (preferred), or consider extending one of the following types with your repository: org.springframework.data.keyvalue.repository.KeyValueRepository
2026-09-05T19:08:20.866+05:30  INFO 13676 --- [doc-mind] [main] .RepositoryConfigurationExtensionSupport : Spring Data Redis - Could not safely identify store assignment for repository candidate interface com.pranit.docmind.otp.repository.OtpRepository; If you want this repository to be a Redis repository, consider annotating your entities with one of these annotations: org.springframework.data.redis.core.RedisHash (preferred), or consider extending one of the following types with your repository: org.springframework.data.keyvalue.repository.KeyValueRepository
2026-09-05T19:08:20.867+05:30  INFO 13676 --- [doc-mind] [main] .s.d.r.c.RepositoryConfigurationDelegate : Finished Spring Data repository scanning in 19 ms. Found 0 Redis repository interfaces.
2026-09-05T19:08:21.536+05:30  INFO 13676 --- [doc-mind] [main] o.s.boot.tomcat.TomcatWebServer          : Tomcat initialized with port 8080 (http)
2026-09-05T19:08:21.548+05:30  INFO 13676 --- [doc-mind] [main] o.apache.catalina.core.StandardService   : Starting service [Tomcat]
2026-09-05T19:08:21.548+05:30  INFO 13676 --- [doc-mind] [main] o.apache.catalina.core.StandardEngine    : Starting Servlet engine: [Apache Tomcat/11.0.24]
2026-09-05T19:08:21.617+05:30  INFO 13676 --- [doc-mind] [main] b.w.c.s.WebApplicationContextInitializer : Root WebApplicationContext: initialization completed in 1927 ms
2026-09-05T19:08:22.237+05:30  INFO 13676 --- [doc-mind] [main] com.zaxxer.hikari.HikariDataSource       : DocMindHikariPool - Starting...
2026-09-05T19:08:22.380+05:30  INFO 13676 --- [doc-mind] [main] com.zaxxer.hikari.pool.HikariPool        : DocMindHikariPool - Added connection org.postgresql.jdbc.PgConnection@40239b34
2026-09-05T19:08:22.381+05:30  INFO 13676 --- [doc-mind] [main] com.zaxxer.hikari.HikariDataSource       : DocMindHikariPool - Start completed.
2026-09-05T19:08:22.404+05:30  INFO 13676 --- [doc-mind] [main] org.flywaydb.core.FlywayExecutor         : Database: jdbc:postgresql://localhost:5432/docmind (PostgreSQL 18.4)
2026-09-05T19:08:22.459+05:30  INFO 13676 --- [doc-mind] [main] o.f.core.internal.command.DbValidate     : Successfully validated 2 migrations (execution time 00:00.025s)
2026-09-05T19:08:22.504+05:30  INFO 13676 --- [doc-mind] [main] o.f.core.internal.command.DbMigrate      : Current version of schema "public": 2
2026-09-05T19:08:22.507+05:30  INFO 13676 --- [doc-mind] [main] o.f.core.internal.command.DbMigrate      : Schema "public" is up to date. No migration necessary.
2026-09-05T19:08:22.618+05:30  INFO 13676 --- [doc-mind] [main] org.hibernate.orm.jpa                    : HHH008540: Processing PersistenceUnitInfo [name: default]
2026-09-05T19:08:22.676+05:30  INFO 13676 --- [doc-mind] [main] org.hibernate.orm.core                   : HHH000001: Hibernate ORM core version 7.4.5.Final
2026-09-05T19:08:23.045+05:30  INFO 13676 --- [doc-mind] [main] o.s.o.j.p.SpringPersistenceUnitInfo      : No LoadTimeWeaver setup: ignoring JPA class transformer
2026-09-05T19:08:23.100+05:30  WARN 13676 --- [doc-mind] [main] org.hibernate.orm.deprecation            : HHH90000025: PostgreSQLDialect does not need to be specified explicitly using 'hibernate.dialect' (remove the property setting and it will be selected by default)
2026-09-05T19:08:23.116+05:30  INFO 13676 --- [doc-mind] [main] org.hibernate.orm.connections.pooling    : HHH10001005: Database info:
	Database JDBC URL [jdbc:postgresql://localhost:5432/docmind]
	Database driver: PostgreSQL JDBC Driver
	Database dialect: PostgreSQLDialect
	Database version: 18.4
	Default catalog/schema: docmind/public
	Autocommit mode: undefined/unknown
	Isolation level: READ_COMMITTED [default READ_COMMITTED]
	JDBC fetch size: none
	Pool: DataSourceConnectionProvider
	Minimum pool size: undefined/unknown
	Maximum pool size: undefined/unknown
2026-09-05T19:08:24.003+05:30  INFO 13676 --- [doc-mind] [main] org.hibernate.orm.core                   : HHH000489: No JTA platform available (set 'hibernate.transaction.jta.platform' to enable JTA platform integration)
2026-09-05T19:08:24.051+05:30  INFO 13676 --- [doc-mind] [main] j.LocalContainerEntityManagerFactoryBean : Initialized JPA EntityManagerFactory for persistence unit 'default'
2026-09-05T19:08:24.101+05:30  INFO 13676 --- [doc-mind] [main] o.s.d.j.r.query.QueryEnhancerFactories   : Hibernate is in classpath; If applicable, HQL parser will be used.
2026-09-05T19:08:26.034+05:30  INFO 13676 --- [doc-mind] [main] r$InitializeUserDetailsManagerConfigurer : Global AuthenticationManager configured with UserDetailsService bean with name userDetailServiceImpl
2026-09-05T19:08:26.290+05:30  WARN 13676 --- [doc-mind] [main] JpaBaseConfiguration$JpaWebConfiguration : spring.jpa.open-in-view is enabled by default. Therefore, database queries may be performed during view rendering. Explicitly configure spring.jpa.open-in-view to disable this warning
2026-09-05T19:08:27.125+05:30  INFO 13676 --- [doc-mind] [main] o.s.b.a.e.web.EndpointLinksResolver      : Exposing 1 endpoint beneath base path '/actuator'
2026-09-05T19:08:27.221+05:30  INFO 13676 --- [doc-mind] [main] o.s.boot.tomcat.TomcatWebServer          : Tomcat started on port 8080 (http) with context path '/'
2026-09-05T19:08:27.230+05:30  INFO 13676 --- [doc-mind] [main] com.pranit.docmind.DocMindApplication    : Started DocMindApplication in 7.867 seconds (process running for 8.236)
2026-09-05T19:08:27.370+05:30  INFO 13676 --- [doc-mind] [main] c.p.d.authentication.seed.AdminSeeder    : Admin user already exists: admin
2026-09-05T19:08:27.392+05:30  INFO 13676 --- [doc-mind] [scheduling-1] c.p.d.document.seed.DocumentSeeder       : Already seeded: java-backend.txt
2026-09-05T19:08:27.392+05:30  INFO 13676 --- [doc-mind] [scheduling-1] c.p.d.document.seed.DocumentSeeder       : Document seeding complete.
2026-09-05T19:09:20.836+05:30  INFO 13676 --- [doc-mind] [http-nio-8080-exec-1] o.a.c.c.C.[Tomcat].[localhost].[/]       : Initializing Spring DispatcherServlet 'dispatcherServlet'
2026-09-05T19:09:20.843+05:30  INFO 13676 --- [doc-mind] [http-nio-8080-exec-1] o.s.web.servlet.DispatcherServlet        : Initializing Servlet 'dispatcherServlet'
2026-09-05T19:09:20.850+05:30  INFO 13676 --- [doc-mind] [http-nio-8080-exec-1] o.s.web.servlet.DispatcherServlet        : Completed initialization in 7 ms
2026-09-05T19:11:28.866+05:30  INFO 13676 --- [doc-mind] [SpringApplicationShutdownHook] o.s.boot.tomcat.GracefulShutdown         : Commencing graceful shutdown. Waiting for active requests to complete
2026-09-05T19:11:28.870+05:30  INFO 13676 --- [doc-mind] [tomcat-shutdown] o.s.boot.tomcat.GracefulShutdown         : Graceful shutdown complete
2026-09-05T19:11:28.885+05:30  INFO 13676 --- [doc-mind] [SpringApplicationShutdownHook] j.LocalContainerEntityManagerFactoryBean : Closing JPA EntityManagerFactory for persistence unit 'default'
2026-09-05T19:11:28.887+05:30  INFO 13676 --- [doc-mind] [SpringApplicationShutdownHook] com.zaxxer.hikari.HikariDataSource       : DocMindHikariPool - Shutdown initiated...
2026-09-05T19:11:28.889+05:30  INFO 13676 --- [doc-mind] [SpringApplicationShutdownHook] com.zaxxer.hikari.HikariDataSource       : DocMindHikariPool - Shutdown completed.
2026-09-05T19:11:31.094+05:30  INFO 32328 --- [doc-mind] [main] com.pranit.docmind.DocMindApplication    : Starting DocMindApplication using Java 25.0.3 with PID 32328 (P:\Backend Development\DocMind\DocMind\docmind-backend\doc-mind\build\classes\java\main started by Pranit in P:\Backend Development\DocMind\DocMind\docmind-backend)
2026-09-05T19:11:31.095+05:30  INFO 32328 --- [doc-mind] [main] com.pranit.docmind.DocMindApplication    : The following 1 profile is active: "dev"
2026-09-05T19:11:31.959+05:30  INFO 32328 --- [doc-mind] [main] .s.d.r.c.RepositoryConfigurationDelegate : Multiple Spring Data modules found, entering strict repository configuration mode
2026-09-05T19:11:31.961+05:30  INFO 32328 --- [doc-mind] [main] .s.d.r.c.RepositoryConfigurationDelegate : Bootstrapping Spring Data JPA repositories in DEFAULT mode.
2026-09-05T19:11:32.076+05:30  INFO 32328 --- [doc-mind] [main] .s.d.r.c.RepositoryConfigurationDelegate : Finished Spring Data repository scanning in 109 ms. Found 7 JPA repository interfaces.
2026-09-05T19:11:32.104+05:30  INFO 32328 --- [doc-mind] [main] .s.d.r.c.RepositoryConfigurationDelegate : Multiple Spring Data modules found, entering strict repository configuration mode
2026-09-05T19:11:32.105+05:30  INFO 32328 --- [doc-mind] [main] .s.d.r.c.RepositoryConfigurationDelegate : Bootstrapping Spring Data Redis repositories in DEFAULT mode.
2026-09-05T19:11:32.125+05:30  INFO 32328 --- [doc-mind] [main] .RepositoryConfigurationExtensionSupport : Spring Data Redis - Could not safely identify store assignment for repository candidate interface com.pranit.docmind.authentication.repository.RefreshTokenRepository; If you want this repository to be a Redis repository, consider annotating your entities with one of these annotations: org.springframework.data.redis.core.RedisHash (preferred), or consider extending one of the following types with your repository: org.springframework.data.keyvalue.repository.KeyValueRepository
2026-09-05T19:11:32.126+05:30  INFO 32328 --- [doc-mind] [main] .RepositoryConfigurationExtensionSupport : Spring Data Redis - Could not safely identify store assignment for repository candidate interface com.pranit.docmind.authentication.repository.UserRepository; If you want this repository to be a Redis repository, consider annotating your entities with one of these annotations: org.springframework.data.redis.core.RedisHash (preferred), or consider extending one of the following types with your repository: org.springframework.data.keyvalue.repository.KeyValueRepository
2026-09-05T19:11:32.126+05:30  INFO 32328 --- [doc-mind] [main] .RepositoryConfigurationExtensionSupport : Spring Data Redis - Could not safely identify store assignment for repository candidate interface com.pranit.docmind.authorization.repository.RoleRepository; If you want this repository to be a Redis repository, consider annotating your entities with one of these annotations: org.springframework.data.redis.core.RedisHash (preferred), or consider extending one of the following types with your repository: org.springframework.data.keyvalue.repository.KeyValueRepository
2026-09-05T19:11:32.126+05:30  INFO 32328 --- [doc-mind] [main] .RepositoryConfigurationExtensionSupport : Spring Data Redis - Could not safely identify store assignment for repository candidate interface com.pranit.docmind.authorization.repository.UserRoleRepository; If you want this repository to be a Redis repository, consider annotating your entities with one of these annotations: org.springframework.data.redis.core.RedisHash (preferred), or consider extending one of the following types with your repository: org.springframework.data.keyvalue.repository.KeyValueRepository
2026-09-05T19:11:32.126+05:30  INFO 32328 --- [doc-mind] [main] .RepositoryConfigurationExtensionSupport : Spring Data Redis - Could not safely identify store assignment for repository candidate interface com.pranit.docmind.document.repository.DocumentRepository; If you want this repository to be a Redis repository, consider annotating your entities with one of these annotations: org.springframework.data.redis.core.RedisHash (preferred), or consider extending one of the following types with your repository: org.springframework.data.keyvalue.repository.KeyValueRepository
2026-09-05T19:11:32.127+05:30  INFO 32328 --- [doc-mind] [main] .RepositoryConfigurationExtensionSupport : Spring Data Redis - Could not safely identify store assignment for repository candidate interface com.pranit.docmind.document.repository.SeedHistoryRepository; If you want this repository to be a Redis repository, consider annotating your entities with one of these annotations: org.springframework.data.redis.core.RedisHash (preferred), or consider extending one of the following types with your repository: org.springframework.data.keyvalue.repository.KeyValueRepository
2026-09-05T19:11:32.127+05:30  INFO 32328 --- [doc-mind] [main] .RepositoryConfigurationExtensionSupport : Spring Data Redis - Could not safely identify store assignment for repository candidate interface com.pranit.docmind.otp.repository.OtpRepository; If you want this repository to be a Redis repository, consider annotating your entities with one of these annotations: org.springframework.data.redis.core.RedisHash (preferred), or consider extending one of the following types with your repository: org.springframework.data.keyvalue.repository.KeyValueRepository
2026-09-05T19:11:32.127+05:30  INFO 32328 --- [doc-mind] [main] .s.d.r.c.RepositoryConfigurationDelegate : Finished Spring Data repository scanning in 15 ms. Found 0 Redis repository interfaces.
2026-09-05T19:11:32.698+05:30  INFO 32328 --- [doc-mind] [main] o.s.boot.tomcat.TomcatWebServer          : Tomcat initialized with port 8080 (http)
2026-09-05T19:11:32.707+05:30  INFO 32328 --- [doc-mind] [main] o.apache.catalina.core.StandardService   : Starting service [Tomcat]
2026-09-05T19:11:32.708+05:30  INFO 32328 --- [doc-mind] [main] o.apache.catalina.core.StandardEngine    : Starting Servlet engine: [Apache Tomcat/11.0.24]
2026-09-05T19:11:32.770+05:30  INFO 32328 --- [doc-mind] [main] b.w.c.s.WebApplicationContextInitializer : Root WebApplicationContext: initialization completed in 1649 ms
2026-09-05T19:11:33.262+05:30  INFO 32328 --- [doc-mind] [main] com.zaxxer.hikari.HikariDataSource       : DocMindHikariPool - Starting...
2026-09-05T19:11:33.367+05:30  INFO 32328 --- [doc-mind] [main] com.zaxxer.hikari.pool.HikariPool        : DocMindHikariPool - Added connection org.postgresql.jdbc.PgConnection@4e553d60
2026-09-05T19:11:33.368+05:30  INFO 32328 --- [doc-mind] [main] com.zaxxer.hikari.HikariDataSource       : DocMindHikariPool - Start completed.
2026-09-05T19:11:33.381+05:30  INFO 32328 --- [doc-mind] [main] org.flywaydb.core.FlywayExecutor         : Database: jdbc:postgresql://localhost:5432/docmind (PostgreSQL 18.4)
2026-09-05T19:11:33.413+05:30  INFO 32328 --- [doc-mind] [main] o.f.c.i.s.JdbcTableSchemaHistory         : Schema history table "public"."flyway_schema_history" does not exist yet
2026-09-05T19:11:33.415+05:30  INFO 32328 --- [doc-mind] [main] o.f.core.internal.command.DbValidate     : Successfully validated 2 migrations (execution time 00:00.010s)
2026-09-05T19:11:33.419+05:30  INFO 32328 --- [doc-mind] [main] org.flywaydb.core.Flyway                 : All configured schemas are empty; a baseline marker will not be added to Flyway's schema history table. A baseline or migration script with a lower version than the baseline version may execute if available. Check the Schemas parameter if this is not intended. See https://help.red-gate.com/help/flyway-cli12/help_4.aspx?topic=baseline-on-migrate for more info
2026-09-05T19:11:33.422+05:30  INFO 32328 --- [doc-mind] [main] o.f.c.i.s.JdbcTableSchemaHistory         : Creating Schema History table "public"."flyway_schema_history" ...
2026-09-05T19:11:33.476+05:30  INFO 32328 --- [doc-mind] [main] o.f.core.internal.command.DbMigrate      : Current version of schema "public": << Empty Schema >>
2026-09-05T19:11:33.485+05:30  INFO 32328 --- [doc-mind] [main] o.f.core.internal.command.DbMigrate      : Migrating schema "public" to version "1 - init"
2026-09-05T19:11:33.563+05:30  INFO 32328 --- [doc-mind] [main] o.f.core.internal.command.DbMigrate      : Migrating schema "public" to version "2 - seed init data"
2026-09-05T19:11:33.568+05:30  INFO 32328 --- [doc-mind] [main] o.f.core.internal.command.DbMigrate      : Successfully applied 2 migrations to schema "public", now at version v2 (execution time 00:00.071s)
2026-09-05T19:11:33.664+05:30  INFO 32328 --- [doc-mind] [main] org.hibernate.orm.jpa                    : HHH008540: Processing PersistenceUnitInfo [name: default]
2026-09-05T19:11:33.704+05:30  INFO 32328 --- [doc-mind] [main] org.hibernate.orm.core                   : HHH000001: Hibernate ORM core version 7.4.5.Final
2026-09-05T19:11:34.019+05:30  INFO 32328 --- [doc-mind] [main] o.s.o.j.p.SpringPersistenceUnitInfo      : No LoadTimeWeaver setup: ignoring JPA class transformer
2026-09-05T19:11:34.061+05:30  WARN 32328 --- [doc-mind] [main] org.hibernate.orm.deprecation            : HHH90000025: PostgreSQLDialect does not need to be specified explicitly using 'hibernate.dialect' (remove the property setting and it will be selected by default)
2026-09-05T19:11:34.074+05:30  INFO 32328 --- [doc-mind] [main] org.hibernate.orm.connections.pooling    : HHH10001005: Database info:
	Database JDBC URL [jdbc:postgresql://localhost:5432/docmind]
	Database driver: PostgreSQL JDBC Driver
	Database dialect: PostgreSQLDialect
	Database version: 18.4
	Default catalog/schema: docmind/public
	Autocommit mode: undefined/unknown
	Isolation level: READ_COMMITTED [default READ_COMMITTED]
	JDBC fetch size: none
	Pool: DataSourceConnectionProvider
	Minimum pool size: undefined/unknown
	Maximum pool size: undefined/unknown
2026-09-05T19:11:34.807+05:30  INFO 32328 --- [doc-mind] [main] org.hibernate.orm.core                   : HHH000489: No JTA platform available (set 'hibernate.transaction.jta.platform' to enable JTA platform integration)
2026-09-05T19:11:34.845+05:30  INFO 32328 --- [doc-mind] [main] j.LocalContainerEntityManagerFactoryBean : Initialized JPA EntityManagerFactory for persistence unit 'default'
2026-09-05T19:11:34.891+05:30  INFO 32328 --- [doc-mind] [main] o.s.d.j.r.query.QueryEnhancerFactories   : Hibernate is in classpath; If applicable, HQL parser will be used.
2026-09-05T19:11:36.542+05:30  INFO 32328 --- [doc-mind] [main] r$InitializeUserDetailsManagerConfigurer : Global AuthenticationManager configured with UserDetailsService bean with name userDetailServiceImpl
2026-09-05T19:11:36.795+05:30  WARN 32328 --- [doc-mind] [main] JpaBaseConfiguration$JpaWebConfiguration : spring.jpa.open-in-view is enabled by default. Therefore, database queries may be performed during view rendering. Explicitly configure spring.jpa.open-in-view to disable this warning
2026-09-05T19:11:37.564+05:30  INFO 32328 --- [doc-mind] [main] o.s.b.a.e.web.EndpointLinksResolver      : Exposing 1 endpoint beneath base path '/actuator'
2026-09-05T19:11:37.643+05:30  INFO 32328 --- [doc-mind] [main] o.s.boot.tomcat.TomcatWebServer          : Tomcat started on port 8080 (http) with context path '/'
2026-09-05T19:11:37.653+05:30  INFO 32328 --- [doc-mind] [main] com.pranit.docmind.DocMindApplication    : Started DocMindApplication in 6.852 seconds (process running for 7.196)
2026-09-05T19:11:37.881+05:30  INFO 32328 --- [doc-mind] [main] c.p.docmind.aop.aspect.LoggingAspect     : Initiating to execute method: addRoleToUser
2026-09-05T19:11:37.908+05:30  INFO 32328 --- [doc-mind] [main] c.p.d.a.s.impl.UserRoleServiceImpl       : Assigned role 'ADMIN' to userId: 6a5417f9-224a-4574-bd57-63826598ef00
2026-09-05T19:11:37.908+05:30  INFO 32328 --- [doc-mind] [main] c.p.docmind.aop.aspect.LoggingAspect     : Completed successfully method: addRoleToUser
2026-09-05T19:11:37.909+05:30  INFO 32328 --- [doc-mind] [main] c.p.d.authentication.seed.AdminSeeder    : Admin user seeded successfully: admin
2026-09-05T19:11:37.931+05:30  INFO 32328 --- [doc-mind] [scheduling-1] c.p.d.document.seed.DocumentSeeder       : Seeding document: java-backend.txt
2026-09-05T19:11:37.948+05:30  INFO 32328 --- [doc-mind] [virtual-91] c.p.docmind.aop.aspect.LoggingAspect     : Initiating to execute method: markProcessing
2026-09-05T19:11:37.957+05:30  INFO 32328 --- [doc-mind] [virtual-91] c.p.docmind.aop.aspect.LoggingAspect     : Completed successfully method: markProcessing
2026-09-05T19:11:38.031+05:30  INFO 32328 --- [doc-mind] [virtual-91] o.s.a.transformer.splitter.TextSplitter  : Splitting up document into 12 chunks.
2026-09-05T19:11:40.362+05:30  INFO 32328 --- [doc-mind] [virtual-91] c.p.d.document.seed.DocumentSeeder       : Document seeded successfully: java-backend.txt
2026-09-05T19:11:40.362+05:30  INFO 32328 --- [doc-mind] [scheduling-1] c.p.d.document.seed.DocumentSeeder       : Document seeding complete.
2026-09-05T19:12:01.190+05:30  INFO 32328 --- [doc-mind] [http-nio-8080-exec-1] o.a.c.c.C.[Tomcat].[localhost].[/]       : Initializing Spring DispatcherServlet 'dispatcherServlet'
2026-09-05T19:12:01.190+05:30  INFO 32328 --- [doc-mind] [http-nio-8080-exec-1] o.s.web.servlet.DispatcherServlet        : Initializing Servlet 'dispatcherServlet'
2026-09-05T19:12:01.190+05:30  INFO 32328 --- [doc-mind] [http-nio-8080-exec-1] o.s.web.servlet.DispatcherServlet        : Completed initialization in 0 ms
2026-09-05T19:21:31.303+05:30  INFO 32328 --- [doc-mind] [SpringApplicationShutdownHook] o.s.boot.tomcat.GracefulShutdown         : Commencing graceful shutdown. Waiting for active requests to complete
2026-09-05T19:21:31.307+05:30  INFO 32328 --- [doc-mind] [tomcat-shutdown] o.s.boot.tomcat.GracefulShutdown         : Graceful shutdown complete
2026-09-05T19:21:31.325+05:30  INFO 32328 --- [doc-mind] [SpringApplicationShutdownHook] j.LocalContainerEntityManagerFactoryBean : Closing JPA EntityManagerFactory for persistence unit 'default'
2026-09-05T19:21:31.327+05:30  INFO 32328 --- [doc-mind] [SpringApplicationShutdownHook] com.zaxxer.hikari.HikariDataSource       : DocMindHikariPool - Shutdown initiated...
2026-09-05T19:21:31.329+05:30  INFO 32328 --- [doc-mind] [SpringApplicationShutdownHook] com.zaxxer.hikari.HikariDataSource       : DocMindHikariPool - Shutdown completed.
2026-09-05T19:21:35.011+05:30  INFO 35748 --- [doc-mind] [main] com.pranit.docmind.DocMindApplication    : Starting DocMindApplication using Java 25.0.3 with PID 35748 (P:\Backend Development\DocMind\DocMind\docmind-backend\doc-mind\build\classes\java\main started by Pranit in P:\Backend Development\DocMind\DocMind\docmind-backend)
2026-09-05T19:21:35.012+05:30  INFO 35748 --- [doc-mind] [main] com.pranit.docmind.DocMindApplication    : The following 1 profile is active: "dev"
2026-09-05T19:21:35.871+05:30  INFO 35748 --- [doc-mind] [main] .s.d.r.c.RepositoryConfigurationDelegate : Multiple Spring Data modules found, entering strict repository configuration mode
2026-09-05T19:21:35.872+05:30  INFO 35748 --- [doc-mind] [main] .s.d.r.c.RepositoryConfigurationDelegate : Bootstrapping Spring Data JPA repositories in DEFAULT mode.
2026-09-05T19:21:35.992+05:30  INFO 35748 --- [doc-mind] [main] .s.d.r.c.RepositoryConfigurationDelegate : Finished Spring Data repository scanning in 115 ms. Found 7 JPA repository interfaces.
2026-09-05T19:21:36.020+05:30  INFO 35748 --- [doc-mind] [main] .s.d.r.c.RepositoryConfigurationDelegate : Multiple Spring Data modules found, entering strict repository configuration mode
2026-09-05T19:21:36.021+05:30  INFO 35748 --- [doc-mind] [main] .s.d.r.c.RepositoryConfigurationDelegate : Bootstrapping Spring Data Redis repositories in DEFAULT mode.
2026-09-05T19:21:36.041+05:30  INFO 35748 --- [doc-mind] [main] .RepositoryConfigurationExtensionSupport : Spring Data Redis - Could not safely identify store assignment for repository candidate interface com.pranit.docmind.authentication.repository.RefreshTokenRepository; If you want this repository to be a Redis repository, consider annotating your entities with one of these annotations: org.springframework.data.redis.core.RedisHash (preferred), or consider extending one of the following types with your repository: org.springframework.data.keyvalue.repository.KeyValueRepository
2026-09-05T19:21:36.043+05:30  INFO 35748 --- [doc-mind] [main] .RepositoryConfigurationExtensionSupport : Spring Data Redis - Could not safely identify store assignment for repository candidate interface com.pranit.docmind.authentication.repository.UserRepository; If you want this repository to be a Redis repository, consider annotating your entities with one of these annotations: org.springframework.data.redis.core.RedisHash (preferred), or consider extending one of the following types with your repository: org.springframework.data.keyvalue.repository.KeyValueRepository
2026-09-05T19:21:36.043+05:30  INFO 35748 --- [doc-mind] [main] .RepositoryConfigurationExtensionSupport : Spring Data Redis - Could not safely identify store assignment for repository candidate interface com.pranit.docmind.authorization.repository.RoleRepository; If you want this repository to be a Redis repository, consider annotating your entities with one of these annotations: org.springframework.data.redis.core.RedisHash (preferred), or consider extending one of the following types with your repository: org.springframework.data.keyvalue.repository.KeyValueRepository
2026-09-05T19:21:36.043+05:30  INFO 35748 --- [doc-mind] [main] .RepositoryConfigurationExtensionSupport : Spring Data Redis - Could not safely identify store assignment for repository candidate interface com.pranit.docmind.authorization.repository.UserRoleRepository; If you want this repository to be a Redis repository, consider annotating your entities with one of these annotations: org.springframework.data.redis.core.RedisHash (preferred), or consider extending one of the following types with your repository: org.springframework.data.keyvalue.repository.KeyValueRepository
2026-09-05T19:21:36.043+05:30  INFO 35748 --- [doc-mind] [main] .RepositoryConfigurationExtensionSupport : Spring Data Redis - Could not safely identify store assignment for repository candidate interface com.pranit.docmind.document.repository.DocumentRepository; If you want this repository to be a Redis repository, consider annotating your entities with one of these annotations: org.springframework.data.redis.core.RedisHash (preferred), or consider extending one of the following types with your repository: org.springframework.data.keyvalue.repository.KeyValueRepository
2026-09-05T19:21:36.043+05:30  INFO 35748 --- [doc-mind] [main] .RepositoryConfigurationExtensionSupport : Spring Data Redis - Could not safely identify store assignment for repository candidate interface com.pranit.docmind.document.repository.SeedHistoryRepository; If you want this repository to be a Redis repository, consider annotating your entities with one of these annotations: org.springframework.data.redis.core.RedisHash (preferred), or consider extending one of the following types with your repository: org.springframework.data.keyvalue.repository.KeyValueRepository
2026-09-05T19:21:36.043+05:30  INFO 35748 --- [doc-mind] [main] .RepositoryConfigurationExtensionSupport : Spring Data Redis - Could not safely identify store assignment for repository candidate interface com.pranit.docmind.otp.repository.OtpRepository; If you want this repository to be a Redis repository, consider annotating your entities with one of these annotations: org.springframework.data.redis.core.RedisHash (preferred), or consider extending one of the following types with your repository: org.springframework.data.keyvalue.repository.KeyValueRepository
2026-09-05T19:21:36.043+05:30  INFO 35748 --- [doc-mind] [main] .s.d.r.c.RepositoryConfigurationDelegate : Finished Spring Data repository scanning in 15 ms. Found 0 Redis repository interfaces.
2026-09-05T19:21:36.620+05:30  INFO 35748 --- [doc-mind] [main] o.s.boot.tomcat.TomcatWebServer          : Tomcat initialized with port 8080 (http)
2026-09-05T19:21:36.630+05:30  INFO 35748 --- [doc-mind] [main] o.apache.catalina.core.StandardService   : Starting service [Tomcat]
2026-09-05T19:21:36.630+05:30  INFO 35748 --- [doc-mind] [main] o.apache.catalina.core.StandardEngine    : Starting Servlet engine: [Apache Tomcat/11.0.24]
2026-09-05T19:21:36.686+05:30  INFO 35748 --- [doc-mind] [main] b.w.c.s.WebApplicationContextInitializer : Root WebApplicationContext: initialization completed in 1650 ms
2026-09-05T19:21:37.183+05:30  INFO 35748 --- [doc-mind] [main] com.zaxxer.hikari.HikariDataSource       : DocMindHikariPool - Starting...
2026-09-05T19:21:37.294+05:30  INFO 35748 --- [doc-mind] [main] com.zaxxer.hikari.pool.HikariPool        : DocMindHikariPool - Added connection org.postgresql.jdbc.PgConnection@4e553d60
2026-09-05T19:21:37.295+05:30  INFO 35748 --- [doc-mind] [main] com.zaxxer.hikari.HikariDataSource       : DocMindHikariPool - Start completed.
2026-09-05T19:21:37.308+05:30  INFO 35748 --- [doc-mind] [main] org.flywaydb.core.FlywayExecutor         : Database: jdbc:postgresql://localhost:5432/docmind (PostgreSQL 18.4)
2026-09-05T19:21:37.346+05:30  INFO 35748 --- [doc-mind] [main] o.f.core.internal.command.DbValidate     : Successfully validated 2 migrations (execution time 00:00.013s)
2026-09-05T19:21:37.385+05:30  INFO 35748 --- [doc-mind] [main] o.f.core.internal.command.DbMigrate      : Current version of schema "public": 2
2026-09-05T19:21:37.387+05:30  INFO 35748 --- [doc-mind] [main] o.f.core.internal.command.DbMigrate      : Schema "public" is up to date. No migration necessary.
2026-09-05T19:21:37.491+05:30  INFO 35748 --- [doc-mind] [main] org.hibernate.orm.jpa                    : HHH008540: Processing PersistenceUnitInfo [name: default]
2026-09-05T19:21:37.527+05:30  INFO 35748 --- [doc-mind] [main] org.hibernate.orm.core                   : HHH000001: Hibernate ORM core version 7.4.5.Final
2026-09-05T19:21:37.818+05:30  INFO 35748 --- [doc-mind] [main] o.s.o.j.p.SpringPersistenceUnitInfo      : No LoadTimeWeaver setup: ignoring JPA class transformer
2026-09-05T19:21:37.856+05:30  WARN 35748 --- [doc-mind] [main] org.hibernate.orm.deprecation            : HHH90000025: PostgreSQLDialect does not need to be specified explicitly using 'hibernate.dialect' (remove the property setting and it will be selected by default)
2026-09-05T19:21:37.869+05:30  INFO 35748 --- [doc-mind] [main] org.hibernate.orm.connections.pooling    : HHH10001005: Database info:
	Database JDBC URL [jdbc:postgresql://localhost:5432/docmind]
	Database driver: PostgreSQL JDBC Driver
	Database dialect: PostgreSQLDialect
	Database version: 18.4
	Default catalog/schema: docmind/public
	Autocommit mode: undefined/unknown
	Isolation level: READ_COMMITTED [default READ_COMMITTED]
	JDBC fetch size: none
	Pool: DataSourceConnectionProvider
	Minimum pool size: undefined/unknown
	Maximum pool size: undefined/unknown
2026-09-05T19:21:38.610+05:30  INFO 35748 --- [doc-mind] [main] org.hibernate.orm.core                   : HHH000489: No JTA platform available (set 'hibernate.transaction.jta.platform' to enable JTA platform integration)
2026-09-05T19:21:38.650+05:30  INFO 35748 --- [doc-mind] [main] j.LocalContainerEntityManagerFactoryBean : Initialized JPA EntityManagerFactory for persistence unit 'default'
2026-09-05T19:21:38.696+05:30  INFO 35748 --- [doc-mind] [main] o.s.d.j.r.query.QueryEnhancerFactories   : Hibernate is in classpath; If applicable, HQL parser will be used.
2026-09-05T19:21:40.307+05:30  INFO 35748 --- [doc-mind] [main] r$InitializeUserDetailsManagerConfigurer : Global AuthenticationManager configured with UserDetailsService bean with name userDetailServiceImpl
2026-09-05T19:21:40.559+05:30  WARN 35748 --- [doc-mind] [main] JpaBaseConfiguration$JpaWebConfiguration : spring.jpa.open-in-view is enabled by default. Therefore, database queries may be performed during view rendering. Explicitly configure spring.jpa.open-in-view to disable this warning
2026-09-05T19:21:41.329+05:30  INFO 35748 --- [doc-mind] [main] o.s.b.a.e.web.EndpointLinksResolver      : Exposing 1 endpoint beneath base path '/actuator'
2026-09-05T19:21:41.412+05:30  INFO 35748 --- [doc-mind] [main] o.s.boot.tomcat.TomcatWebServer          : Tomcat started on port 8080 (http) with context path '/'
2026-09-05T19:21:41.423+05:30  INFO 35748 --- [doc-mind] [main] com.pranit.docmind.DocMindApplication    : Started DocMindApplication in 6.701 seconds (process running for 7.054)
2026-09-05T19:21:41.538+05:30  INFO 35748 --- [doc-mind] [main] c.p.d.authentication.seed.AdminSeeder    : Admin user already exists: admin
2026-09-05T19:21:41.565+05:30  INFO 35748 --- [doc-mind] [scheduling-1] c.p.d.document.seed.DocumentSeeder       : Already seeded: java-backend.txt
2026-09-05T19:21:41.565+05:30  INFO 35748 --- [doc-mind] [scheduling-1] c.p.d.document.seed.DocumentSeeder       : Document seeding complete.
2026-09-05T19:21:47.297+05:30  INFO 35748 --- [doc-mind] [http-nio-8080-exec-1] o.a.c.c.C.[Tomcat].[localhost].[/]       : Initializing Spring DispatcherServlet 'dispatcherServlet'
2026-09-05T19:21:47.304+05:30  INFO 35748 --- [doc-mind] [http-nio-8080-exec-1] o.s.web.servlet.DispatcherServlet        : Initializing Servlet 'dispatcherServlet'
2026-09-05T19:21:47.311+05:30  INFO 35748 --- [doc-mind] [http-nio-8080-exec-1] o.s.web.servlet.DispatcherServlet        : Completed initialization in 7 ms
2026-09-05T19:21:47.748+05:30  INFO 35748 --- [doc-mind] [http-nio-8080-exec-1] c.p.docmind.aop.aspect.LoggingAspect     : Initiating to execute method: authenticateUser
2026-09-05T19:21:48.020+05:30  INFO 35748 --- [doc-mind] [http-nio-8080-exec-1] c.p.docmind.aop.aspect.LoggingAspect     : Initiating to execute method: loadUserByUsername
2026-09-05T19:21:48.249+05:30  INFO 35748 --- [doc-mind] [http-nio-8080-exec-1] c.p.docmind.aop.aspect.LoggingAspect     : Completed successfully method: loadUserByUsername
2026-09-05T19:21:51.734+05:30  INFO 35748 --- [doc-mind] [http-nio-8080-exec-1] c.p.d.a.service.impl.LoginServiceImpl    : User logged in successfully userId: 6a5417f9-224a-4574-bd57-63826598ef00
2026-09-05T19:21:51.734+05:30  INFO 35748 --- [doc-mind] [http-nio-8080-exec-1] c.p.docmind.aop.aspect.LoggingAspect     : Completed successfully method: authenticateUser
2026-09-05T19:21:59.745+05:30  INFO 35748 --- [doc-mind] [http-nio-8080-exec-7] c.p.docmind.aop.aspect.LoggingAspect     : Initiating to execute method: authenticateUser
2026-09-05T19:21:59.745+05:30  INFO 35748 --- [doc-mind] [http-nio-8080-exec-7] c.p.docmind.aop.aspect.LoggingAspect     : Initiating to execute method: loadUserByUsername
2026-09-05T19:21:59.755+05:30  INFO 35748 --- [doc-mind] [http-nio-8080-exec-7] c.p.docmind.aop.aspect.LoggingAspect     : Completed successfully method: loadUserByUsername
2026-09-05T19:22:00.145+05:30  INFO 35748 --- [doc-mind] [http-nio-8080-exec-7] c.p.d.a.service.impl.LoginServiceImpl    : User logged in successfully userId: 6a5417f9-224a-4574-bd57-63826598ef00
2026-09-05T19:22:00.145+05:30  INFO 35748 --- [doc-mind] [http-nio-8080-exec-7] c.p.docmind.aop.aspect.LoggingAspect     : Completed successfully method: authenticateUser
2026-09-05T19:22:00.187+05:30  INFO 35748 --- [doc-mind] [http-nio-8080-exec-3] c.p.d.s.s.impl.ResolveAccessTokenImpl    : Fetching access token from request
2026-09-05T19:22:00.266+05:30  INFO 35748 --- [doc-mind] [http-nio-8080-exec-4] c.p.d.s.s.impl.ResolveAccessTokenImpl    : Fetching access token from request
2026-09-05T19:22:00.345+05:30  INFO 35748 --- [doc-mind] [http-nio-8080-exec-4] c.p.docmind.aop.aspect.LoggingAspect     : Initiating to execute method: loadUserByUsername
2026-09-05T19:22:00.346+05:30  INFO 35748 --- [doc-mind] [http-nio-8080-exec-3] c.p.docmind.aop.aspect.LoggingAspect     : Initiating to execute method: loadUserByUsername
2026-09-05T19:22:00.353+05:30  INFO 35748 --- [doc-mind] [http-nio-8080-exec-4] c.p.docmind.aop.aspect.LoggingAspect     : Completed successfully method: loadUserByUsername
2026-09-05T19:22:00.355+05:30  INFO 35748 --- [doc-mind] [http-nio-8080-exec-3] c.p.docmind.aop.aspect.LoggingAspect     : Completed successfully method: loadUserByUsername
2026-09-05T19:22:00.365+05:30  INFO 35748 --- [doc-mind] [http-nio-8080-exec-3] c.p.docmind.aop.aspect.LoggingAspect     : Initiating to execute method: getCurrentUser
2026-09-05T19:22:00.373+05:30  INFO 35748 --- [doc-mind] [http-nio-8080-exec-3] c.p.docmind.aop.aspect.LoggingAspect     : Completed successfully method: getCurrentUser
2026-09-05T19:22:00.472+05:30  INFO 35748 --- [doc-mind] [http-nio-8080-exec-6] c.p.d.s.s.impl.ResolveAccessTokenImpl    : Fetching access token from request
2026-09-05T19:22:00.484+05:30  INFO 35748 --- [doc-mind] [http-nio-8080-exec-6] c.p.docmind.aop.aspect.LoggingAspect     : Initiating to execute method: loadUserByUsername
2026-09-05T19:22:00.493+05:30  INFO 35748 --- [doc-mind] [http-nio-8080-exec-6] c.p.docmind.aop.aspect.LoggingAspect     : Completed successfully method: loadUserByUsername
2026-09-05T19:22:00.497+05:30  INFO 35748 --- [doc-mind] [http-nio-8080-exec-4] c.p.docmind.aop.aspect.LoggingAspect     : Initiating to execute method: fetchDocuments
2026-09-05T19:22:00.501+05:30  INFO 35748 --- [doc-mind] [http-nio-8080-exec-6] c.p.docmind.aop.aspect.LoggingAspect     : Initiating to execute method: getCurrentUser
2026-09-05T19:22:00.502+05:30  INFO 35748 --- [doc-mind] [http-nio-8080-exec-6] c.p.docmind.aop.aspect.LoggingAspect     : Completed successfully method: getCurrentUser
2026-09-05T19:22:00.635+05:30  INFO 35748 --- [doc-mind] [http-nio-8080-exec-4] c.p.docmind.aop.aspect.LoggingAspect     : Completed successfully method: fetchDocuments
2026-09-05T19:26:03.891+05:30  INFO 35748 --- [doc-mind] [http-nio-8080-exec-2] c.p.d.s.s.impl.ResolveAccessTokenImpl    : Fetching access token from request
2026-09-05T19:26:03.891+05:30  INFO 35748 --- [doc-mind] [http-nio-8080-exec-8] c.p.d.s.s.impl.ResolveAccessTokenImpl    : Fetching access token from request
2026-09-05T19:26:03.901+05:30  INFO 35748 --- [doc-mind] [http-nio-8080-exec-8] c.p.docmind.aop.aspect.LoggingAspect     : Initiating to execute method: loadUserByUsername
2026-09-05T19:26:03.901+05:30  INFO 35748 --- [doc-mind] [http-nio-8080-exec-2] c.p.docmind.aop.aspect.LoggingAspect     : Initiating to execute method: loadUserByUsername
2026-09-05T19:26:03.908+05:30  INFO 35748 --- [doc-mind] [http-nio-8080-exec-8] c.p.docmind.aop.aspect.LoggingAspect     : Completed successfully method: loadUserByUsername
2026-09-05T19:26:03.910+05:30  INFO 35748 --- [doc-mind] [http-nio-8080-exec-2] c.p.docmind.aop.aspect.LoggingAspect     : Completed successfully method: loadUserByUsername
2026-09-05T19:26:03.919+05:30  INFO 35748 --- [doc-mind] [http-nio-8080-exec-8] c.p.docmind.aop.aspect.LoggingAspect     : Initiating to execute method: findAllRoles
2026-09-05T19:26:03.937+05:30  INFO 35748 --- [doc-mind] [http-nio-8080-exec-8] c.p.docmind.aop.aspect.LoggingAspect     : Completed successfully method: findAllRoles
2026-09-05T19:26:03.946+05:30  INFO 35748 --- [doc-mind] [http-nio-8080-exec-2] c.p.docmind.aop.aspect.LoggingAspect     : Initiating to execute method: fetchUsers
2026-09-05T19:26:04.128+05:30  INFO 35748 --- [doc-mind] [http-nio-8080-exec-2] c.p.docmind.aop.aspect.LoggingAspect     : Completed successfully method: fetchUsers
2026-09-05T19:28:18.152+05:30  INFO 35748 --- [doc-mind] [SpringApplicationShutdownHook] o.s.boot.tomcat.GracefulShutdown         : Commencing graceful shutdown. Waiting for active requests to complete
2026-09-05T19:28:18.156+05:30  INFO 35748 --- [doc-mind] [tomcat-shutdown] o.s.boot.tomcat.GracefulShutdown         : Graceful shutdown complete
2026-09-05T19:28:18.178+05:30  INFO 35748 --- [doc-mind] [SpringApplicationShutdownHook] j.LocalContainerEntityManagerFactoryBean : Closing JPA EntityManagerFactory for persistence unit 'default'
2026-09-05T19:28:18.180+05:30  INFO 35748 --- [doc-mind] [SpringApplicationShutdownHook] com.zaxxer.hikari.HikariDataSource       : DocMindHikariPool - Shutdown initiated...
2026-09-05T19:28:18.181+05:30  INFO 35748 --- [doc-mind] [SpringApplicationShutdownHook] com.zaxxer.hikari.HikariDataSource       : DocMindHikariPool - Shutdown completed.
2026-09-05T19:28:21.341+05:30  INFO 12040 --- [doc-mind] [main] com.pranit.docmind.DocMindApplication    : Starting DocMindApplication using Java 25.0.3 with PID 12040 (P:\Backend Development\DocMind\DocMind\docmind-backend\doc-mind\build\classes\java\main started by Pranit in P:\Backend Development\DocMind\DocMind\docmind-backend)
2026-09-05T19:28:21.342+05:30  INFO 12040 --- [doc-mind] [main] com.pranit.docmind.DocMindApplication    : The following 1 profile is active: "dev"
2026-09-05T19:28:22.211+05:30  INFO 12040 --- [doc-mind] [main] .s.d.r.c.RepositoryConfigurationDelegate : Multiple Spring Data modules found, entering strict repository configuration mode
2026-09-05T19:28:22.212+05:30  INFO 12040 --- [doc-mind] [main] .s.d.r.c.RepositoryConfigurationDelegate : Bootstrapping Spring Data JPA repositories in DEFAULT mode.
2026-09-05T19:28:22.327+05:30  INFO 12040 --- [doc-mind] [main] .s.d.r.c.RepositoryConfigurationDelegate : Finished Spring Data repository scanning in 108 ms. Found 7 JPA repository interfaces.
2026-09-05T19:28:22.356+05:30  INFO 12040 --- [doc-mind] [main] .s.d.r.c.RepositoryConfigurationDelegate : Multiple Spring Data modules found, entering strict repository configuration mode
2026-09-05T19:28:22.357+05:30  INFO 12040 --- [doc-mind] [main] .s.d.r.c.RepositoryConfigurationDelegate : Bootstrapping Spring Data Redis repositories in DEFAULT mode.
2026-09-05T19:28:22.378+05:30  INFO 12040 --- [doc-mind] [main] .RepositoryConfigurationExtensionSupport : Spring Data Redis - Could not safely identify store assignment for repository candidate interface com.pranit.docmind.authentication.repository.RefreshTokenRepository; If you want this repository to be a Redis repository, consider annotating your entities with one of these annotations: org.springframework.data.redis.core.RedisHash (preferred), or consider extending one of the following types with your repository: org.springframework.data.keyvalue.repository.KeyValueRepository
2026-09-05T19:28:22.378+05:30  INFO 12040 --- [doc-mind] [main] .RepositoryConfigurationExtensionSupport : Spring Data Redis - Could not safely identify store assignment for repository candidate interface com.pranit.docmind.authentication.repository.UserRepository; If you want this repository to be a Redis repository, consider annotating your entities with one of these annotations: org.springframework.data.redis.core.RedisHash (preferred), or consider extending one of the following types with your repository: org.springframework.data.keyvalue.repository.KeyValueRepository
2026-09-05T19:28:22.379+05:30  INFO 12040 --- [doc-mind] [main] .RepositoryConfigurationExtensionSupport : Spring Data Redis - Could not safely identify store assignment for repository candidate interface com.pranit.docmind.authorization.repository.RoleRepository; If you want this repository to be a Redis repository, consider annotating your entities with one of these annotations: org.springframework.data.redis.core.RedisHash (preferred), or consider extending one of the following types with your repository: org.springframework.data.keyvalue.repository.KeyValueRepository
2026-09-05T19:28:22.379+05:30  INFO 12040 --- [doc-mind] [main] .RepositoryConfigurationExtensionSupport : Spring Data Redis - Could not safely identify store assignment for repository candidate interface com.pranit.docmind.authorization.repository.UserRoleRepository; If you want this repository to be a Redis repository, consider annotating your entities with one of these annotations: org.springframework.data.redis.core.RedisHash (preferred), or consider extending one of the following types with your repository: org.springframework.data.keyvalue.repository.KeyValueRepository
2026-09-05T19:28:22.379+05:30  INFO 12040 --- [doc-mind] [main] .RepositoryConfigurationExtensionSupport : Spring Data Redis - Could not safely identify store assignment for repository candidate interface com.pranit.docmind.document.repository.DocumentRepository; If you want this repository to be a Redis repository, consider annotating your entities with one of these annotations: org.springframework.data.redis.core.RedisHash (preferred), or consider extending one of the following types with your repository: org.springframework.data.keyvalue.repository.KeyValueRepository
2026-09-05T19:28:22.379+05:30  INFO 12040 --- [doc-mind] [main] .RepositoryConfigurationExtensionSupport : Spring Data Redis - Could not safely identify store assignment for repository candidate interface com.pranit.docmind.document.repository.SeedHistoryRepository; If you want this repository to be a Redis repository, consider annotating your entities with one of these annotations: org.springframework.data.redis.core.RedisHash (preferred), or consider extending one of the following types with your repository: org.springframework.data.keyvalue.repository.KeyValueRepository
2026-09-05T19:28:22.379+05:30  INFO 12040 --- [doc-mind] [main] .RepositoryConfigurationExtensionSupport : Spring Data Redis - Could not safely identify store assignment for repository candidate interface com.pranit.docmind.otp.repository.OtpRepository; If you want this repository to be a Redis repository, consider annotating your entities with one of these annotations: org.springframework.data.redis.core.RedisHash (preferred), or consider extending one of the following types with your repository: org.springframework.data.keyvalue.repository.KeyValueRepository
2026-09-05T19:28:22.379+05:30  INFO 12040 --- [doc-mind] [main] .s.d.r.c.RepositoryConfigurationDelegate : Finished Spring Data repository scanning in 16 ms. Found 0 Redis repository interfaces.
2026-09-05T19:28:22.938+05:30  INFO 12040 --- [doc-mind] [main] o.s.boot.tomcat.TomcatWebServer          : Tomcat initialized with port 8080 (http)
2026-09-05T19:28:22.948+05:30  INFO 12040 --- [doc-mind] [main] o.apache.catalina.core.StandardService   : Starting service [Tomcat]
2026-09-05T19:28:22.948+05:30  INFO 12040 --- [doc-mind] [main] o.apache.catalina.core.StandardEngine    : Starting Servlet engine: [Apache Tomcat/11.0.24]
2026-09-05T19:28:23.012+05:30  INFO 12040 --- [doc-mind] [main] b.w.c.s.WebApplicationContextInitializer : Root WebApplicationContext: initialization completed in 1646 ms
2026-09-05T19:28:23.491+05:30  INFO 12040 --- [doc-mind] [main] com.zaxxer.hikari.HikariDataSource       : DocMindHikariPool - Starting...
2026-09-05T19:28:23.602+05:30  INFO 12040 --- [doc-mind] [main] com.zaxxer.hikari.pool.HikariPool        : DocMindHikariPool - Added connection org.postgresql.jdbc.PgConnection@45f6181a
2026-09-05T19:28:23.603+05:30  INFO 12040 --- [doc-mind] [main] com.zaxxer.hikari.HikariDataSource       : DocMindHikariPool - Start completed.
2026-09-05T19:28:23.616+05:30  INFO 12040 --- [doc-mind] [main] org.flywaydb.core.FlywayExecutor         : Database: jdbc:postgresql://localhost:5432/docmind (PostgreSQL 18.4)
2026-09-05T19:28:23.652+05:30  INFO 12040 --- [doc-mind] [main] o.f.core.internal.command.DbValidate     : Successfully validated 2 migrations (execution time 00:00.013s)
2026-09-05T19:28:23.694+05:30  INFO 12040 --- [doc-mind] [main] o.f.core.internal.command.DbMigrate      : Current version of schema "public": 2
2026-09-05T19:28:23.696+05:30  INFO 12040 --- [doc-mind] [main] o.f.core.internal.command.DbMigrate      : Schema "public" is up to date. No migration necessary.
2026-09-05T19:28:23.795+05:30  INFO 12040 --- [doc-mind] [main] org.hibernate.orm.jpa                    : HHH008540: Processing PersistenceUnitInfo [name: default]
2026-09-05T19:28:23.833+05:30  INFO 12040 --- [doc-mind] [main] org.hibernate.orm.core                   : HHH000001: Hibernate ORM core version 7.4.5.Final
2026-09-05T19:28:24.124+05:30  INFO 12040 --- [doc-mind] [main] o.s.o.j.p.SpringPersistenceUnitInfo      : No LoadTimeWeaver setup: ignoring JPA class transformer
2026-09-05T19:28:24.162+05:30  WARN 12040 --- [doc-mind] [main] org.hibernate.orm.deprecation            : HHH90000025: PostgreSQLDialect does not need to be specified explicitly using 'hibernate.dialect' (remove the property setting and it will be selected by default)
2026-09-05T19:28:24.175+05:30  INFO 12040 --- [doc-mind] [main] org.hibernate.orm.connections.pooling    : HHH10001005: Database info:
	Database JDBC URL [jdbc:postgresql://localhost:5432/docmind]
	Database driver: PostgreSQL JDBC Driver
	Database dialect: PostgreSQLDialect
	Database version: 18.4
	Default catalog/schema: docmind/public
	Autocommit mode: undefined/unknown
	Isolation level: READ_COMMITTED [default READ_COMMITTED]
	JDBC fetch size: none
	Pool: DataSourceConnectionProvider
	Minimum pool size: undefined/unknown
	Maximum pool size: undefined/unknown
2026-09-05T19:28:24.958+05:30  INFO 12040 --- [doc-mind] [main] org.hibernate.orm.core                   : HHH000489: No JTA platform available (set 'hibernate.transaction.jta.platform' to enable JTA platform integration)
2026-09-05T19:28:24.997+05:30  INFO 12040 --- [doc-mind] [main] j.LocalContainerEntityManagerFactoryBean : Initialized JPA EntityManagerFactory for persistence unit 'default'
2026-09-05T19:28:25.047+05:30  INFO 12040 --- [doc-mind] [main] o.s.d.j.r.query.QueryEnhancerFactories   : Hibernate is in classpath; If applicable, HQL parser will be used.
2026-09-05T19:28:26.775+05:30  INFO 12040 --- [doc-mind] [main] r$InitializeUserDetailsManagerConfigurer : Global AuthenticationManager configured with UserDetailsService bean with name userDetailServiceImpl
2026-09-05T19:28:27.036+05:30  WARN 12040 --- [doc-mind] [main] JpaBaseConfiguration$JpaWebConfiguration : spring.jpa.open-in-view is enabled by default. Therefore, database queries may be performed during view rendering. Explicitly configure spring.jpa.open-in-view to disable this warning
2026-09-05T19:28:27.824+05:30  INFO 12040 --- [doc-mind] [main] o.s.b.a.e.web.EndpointLinksResolver      : Exposing 1 endpoint beneath base path '/actuator'
2026-09-05T19:28:27.917+05:30  INFO 12040 --- [doc-mind] [main] o.s.boot.tomcat.TomcatWebServer          : Tomcat started on port 8080 (http) with context path '/'
2026-09-05T19:28:27.930+05:30  INFO 12040 --- [doc-mind] [main] com.pranit.docmind.DocMindApplication    : Started DocMindApplication in 6.876 seconds (process running for 7.216)
2026-09-05T19:28:28.044+05:30  INFO 12040 --- [doc-mind] [main] c.p.d.authentication.seed.AdminSeeder    : Admin user already exists: admin
2026-09-05T19:28:28.066+05:30  INFO 12040 --- [doc-mind] [scheduling-1] c.p.d.document.seed.DocumentSeeder       : Already seeded: java-backend.txt
2026-09-05T19:28:28.067+05:30  INFO 12040 --- [doc-mind] [scheduling-1] c.p.d.document.seed.DocumentSeeder       : Document seeding complete.
2026-09-05T19:28:37.568+05:30  INFO 12040 --- [doc-mind] [http-nio-8080-exec-6] o.a.c.c.C.[Tomcat].[localhost].[/]       : Initializing Spring DispatcherServlet 'dispatcherServlet'
2026-09-05T19:28:37.568+05:30  INFO 12040 --- [doc-mind] [http-nio-8080-exec-6] o.s.web.servlet.DispatcherServlet        : Initializing Servlet 'dispatcherServlet'
2026-09-05T19:28:37.574+05:30  INFO 12040 --- [doc-mind] [http-nio-8080-exec-6] o.s.web.servlet.DispatcherServlet        : Completed initialization in 4 ms
2026-09-05T19:28:37.730+05:30  INFO 12040 --- [doc-mind] [http-nio-8080-exec-1] c.p.d.s.s.impl.ResolveAccessTokenImpl    : Fetching access token from request
2026-09-05T19:28:37.730+05:30  INFO 12040 --- [doc-mind] [http-nio-8080-exec-6] c.p.d.s.s.impl.ResolveAccessTokenImpl    : Fetching access token from request
2026-09-05T19:28:39.600+05:30  INFO 12040 --- [doc-mind] [http-nio-8080-exec-1] c.p.docmind.aop.aspect.LoggingAspect     : Initiating to execute method: loadUserByUsername
2026-09-05T19:28:39.600+05:30  INFO 12040 --- [doc-mind] [http-nio-8080-exec-6] c.p.docmind.aop.aspect.LoggingAspect     : Initiating to execute method: loadUserByUsername
2026-09-05T19:28:39.849+05:30  INFO 12040 --- [doc-mind] [http-nio-8080-exec-1] c.p.docmind.aop.aspect.LoggingAspect     : Completed successfully method: loadUserByUsername
2026-09-05T19:28:39.849+05:30  INFO 12040 --- [doc-mind] [http-nio-8080-exec-6] c.p.docmind.aop.aspect.LoggingAspect     : Completed successfully method: loadUserByUsername
2026-09-05T19:28:39.950+05:30  INFO 12040 --- [doc-mind] [http-nio-8080-exec-6] c.p.docmind.aop.aspect.LoggingAspect     : Initiating to execute method: getCurrentUser
2026-09-05T19:28:39.952+05:30  INFO 12040 --- [doc-mind] [http-nio-8080-exec-6] c.p.docmind.aop.aspect.LoggingAspect     : Completed successfully method: getCurrentUser
2026-09-05T19:28:40.023+05:30  INFO 12040 --- [doc-mind] [http-nio-8080-exec-1] c.p.docmind.aop.aspect.LoggingAspect     : Initiating to execute method: fetchDocuments
2026-09-05T19:28:40.189+05:30  INFO 12040 --- [doc-mind] [http-nio-8080-exec-1] c.p.docmind.aop.aspect.LoggingAspect     : Completed successfully method: fetchDocuments
2026-09-05T19:28:40.592+05:30  INFO 12040 --- [doc-mind] [http-nio-8080-exec-2] c.p.d.s.s.impl.ResolveAccessTokenImpl    : Fetching access token from request
2026-09-05T19:28:40.608+05:30  INFO 12040 --- [doc-mind] [http-nio-8080-exec-2] c.p.docmind.aop.aspect.LoggingAspect     : Initiating to execute method: loadUserByUsername
2026-09-05T19:28:40.620+05:30  INFO 12040 --- [doc-mind] [http-nio-8080-exec-2] c.p.docmind.aop.aspect.LoggingAspect     : Completed successfully method: loadUserByUsername
2026-09-05T19:28:40.626+05:30  INFO 12040 --- [doc-mind] [http-nio-8080-exec-4] c.p.d.s.s.impl.ResolveAccessTokenImpl    : Fetching access token from request
2026-09-05T19:28:40.626+05:30  INFO 12040 --- [doc-mind] [http-nio-8080-exec-2] c.p.docmind.aop.aspect.LoggingAspect     : Initiating to execute method: getCurrentUser
2026-09-05T19:28:40.626+05:30  INFO 12040 --- [doc-mind] [http-nio-8080-exec-2] c.p.docmind.aop.aspect.LoggingAspect     : Completed successfully method: getCurrentUser
2026-09-05T19:28:40.638+05:30  INFO 12040 --- [doc-mind] [http-nio-8080-exec-4] c.p.docmind.aop.aspect.LoggingAspect     : Initiating to execute method: loadUserByUsername
2026-09-05T19:28:40.651+05:30  INFO 12040 --- [doc-mind] [http-nio-8080-exec-4] c.p.docmind.aop.aspect.LoggingAspect     : Completed successfully method: loadUserByUsername
2026-09-05T19:28:40.653+05:30  INFO 12040 --- [doc-mind] [http-nio-8080-exec-5] c.p.d.s.s.impl.ResolveAccessTokenImpl    : Fetching access token from request
2026-09-05T19:28:40.663+05:30  INFO 12040 --- [doc-mind] [http-nio-8080-exec-4] c.p.docmind.aop.aspect.LoggingAspect     : Initiating to execute method: fetchDocuments
2026-09-05T19:28:40.665+05:30  INFO 12040 --- [doc-mind] [http-nio-8080-exec-5] c.p.docmind.aop.aspect.LoggingAspect     : Initiating to execute method: loadUserByUsername
2026-09-05T19:28:40.674+05:30  INFO 12040 --- [doc-mind] [http-nio-8080-exec-5] c.p.docmind.aop.aspect.LoggingAspect     : Completed successfully method: loadUserByUsername
2026-09-05T19:28:40.674+05:30  INFO 12040 --- [doc-mind] [http-nio-8080-exec-4] c.p.docmind.aop.aspect.LoggingAspect     : Completed successfully method: fetchDocuments
2026-09-05T19:28:40.681+05:30  INFO 12040 --- [doc-mind] [http-nio-8080-exec-5] c.p.docmind.aop.aspect.LoggingAspect     : Initiating to execute method: getCurrentUser
2026-09-05T19:28:40.681+05:30  INFO 12040 --- [doc-mind] [http-nio-8080-exec-5] c.p.docmind.aop.aspect.LoggingAspect     : Completed successfully method: getCurrentUser
2026-09-05T19:28:40.695+05:30  INFO 12040 --- [doc-mind] [http-nio-8080-exec-3] c.p.d.s.s.impl.ResolveAccessTokenImpl    : Fetching access token from request
2026-09-05T19:28:40.703+05:30  INFO 12040 --- [doc-mind] [http-nio-8080-exec-3] c.p.docmind.aop.aspect.LoggingAspect     : Initiating to execute method: loadUserByUsername
2026-09-05T19:28:40.711+05:30  INFO 12040 --- [doc-mind] [http-nio-8080-exec-3] c.p.docmind.aop.aspect.LoggingAspect     : Completed successfully method: loadUserByUsername
2026-09-05T19:28:40.717+05:30  INFO 12040 --- [doc-mind] [http-nio-8080-exec-3] c.p.docmind.aop.aspect.LoggingAspect     : Initiating to execute method: fetchDocuments
2026-09-05T19:28:40.731+05:30  INFO 12040 --- [doc-mind] [http-nio-8080-exec-3] c.p.docmind.aop.aspect.LoggingAspect     : Completed successfully method: fetchDocuments
2026-09-05T19:28:43.292+05:30  INFO 12040 --- [doc-mind] [http-nio-8080-exec-10] c.p.d.s.s.impl.ResolveAccessTokenImpl    : Fetching access token from request
2026-09-05T19:28:43.292+05:30  INFO 12040 --- [doc-mind] [http-nio-8080-exec-9] c.p.d.s.s.impl.ResolveAccessTokenImpl    : Fetching access token from request
2026-09-05T19:28:43.299+05:30  INFO 12040 --- [doc-mind] [http-nio-8080-exec-9] c.p.docmind.aop.aspect.LoggingAspect     : Initiating to execute method: loadUserByUsername
2026-09-05T19:28:43.299+05:30  INFO 12040 --- [doc-mind] [http-nio-8080-exec-10] c.p.docmind.aop.aspect.LoggingAspect     : Initiating to execute method: loadUserByUsername
2026-09-05T19:28:43.304+05:30  INFO 12040 --- [doc-mind] [http-nio-8080-exec-10] c.p.docmind.aop.aspect.LoggingAspect     : Completed successfully method: loadUserByUsername
2026-09-05T19:28:43.304+05:30  INFO 12040 --- [doc-mind] [http-nio-8080-exec-9] c.p.docmind.aop.aspect.LoggingAspect     : Completed successfully method: loadUserByUsername
2026-09-05T19:28:43.309+05:30  INFO 12040 --- [doc-mind] [http-nio-8080-exec-10] c.p.docmind.aop.aspect.LoggingAspect     : Initiating to execute method: getCurrentUser
2026-09-05T19:28:43.309+05:30  INFO 12040 --- [doc-mind] [http-nio-8080-exec-10] c.p.docmind.aop.aspect.LoggingAspect     : Completed successfully method: getCurrentUser
2026-09-05T19:28:43.322+05:30  INFO 12040 --- [doc-mind] [http-nio-8080-exec-8] c.p.d.s.s.impl.ResolveAccessTokenImpl    : Fetching access token from request
2026-09-05T19:28:43.326+05:30  INFO 12040 --- [doc-mind] [http-nio-8080-exec-9] c.p.docmind.aop.aspect.LoggingAspect     : Initiating to execute method: fetchDocuments
2026-09-05T19:28:43.340+05:30  INFO 12040 --- [doc-mind] [http-nio-8080-exec-9] c.p.docmind.aop.aspect.LoggingAspect     : Completed successfully method: fetchDocuments
2026-09-05T19:28:43.340+05:30  INFO 12040 --- [doc-mind] [http-nio-8080-exec-8] c.p.docmind.aop.aspect.LoggingAspect     : Initiating to execute method: loadUserByUsername
2026-09-05T19:28:43.354+05:30  INFO 12040 --- [doc-mind] [http-nio-8080-exec-8] c.p.docmind.aop.aspect.LoggingAspect     : Completed successfully method: loadUserByUsername
2026-09-05T19:28:43.361+05:30  INFO 12040 --- [doc-mind] [http-nio-8080-exec-8] c.p.docmind.aop.aspect.LoggingAspect     : Initiating to execute method: getCurrentUser
2026-09-05T19:28:43.361+05:30  INFO 12040 --- [doc-mind] [http-nio-8080-exec-8] c.p.docmind.aop.aspect.LoggingAspect     : Completed successfully method: getCurrentUser
2026-09-05T19:28:43.361+05:30  INFO 12040 --- [doc-mind] [http-nio-8080-exec-7] c.p.d.s.s.impl.ResolveAccessTokenImpl    : Fetching access token from request
2026-09-05T19:28:43.381+05:30  INFO 12040 --- [doc-mind] [http-nio-8080-exec-7] c.p.docmind.aop.aspect.LoggingAspect     : Initiating to execute method: loadUserByUsername
2026-09-05T19:28:43.389+05:30  INFO 12040 --- [doc-mind] [http-nio-8080-exec-7] c.p.docmind.aop.aspect.LoggingAspect     : Completed successfully method: loadUserByUsername
2026-09-05T19:28:43.397+05:30  INFO 12040 --- [doc-mind] [http-nio-8080-exec-7] c.p.docmind.aop.aspect.LoggingAspect     : Initiating to execute method: fetchDocuments
2026-09-05T19:28:43.403+05:30  INFO 12040 --- [doc-mind] [http-nio-8080-exec-7] c.p.docmind.aop.aspect.LoggingAspect     : Completed successfully method: fetchDocuments
2026-09-05T19:33:25.860+05:30  INFO 12040 --- [doc-mind] [SpringApplicationShutdownHook] o.s.boot.tomcat.GracefulShutdown         : Commencing graceful shutdown. Waiting for active requests to complete
2026-09-05T19:33:25.864+05:30  INFO 12040 --- [doc-mind] [tomcat-shutdown] o.s.boot.tomcat.GracefulShutdown         : Graceful shutdown complete
2026-09-05T19:33:25.890+05:30  INFO 12040 --- [doc-mind] [SpringApplicationShutdownHook] j.LocalContainerEntityManagerFactoryBean : Closing JPA EntityManagerFactory for persistence unit 'default'
2026-09-05T19:33:25.892+05:30  INFO 12040 --- [doc-mind] [SpringApplicationShutdownHook] com.zaxxer.hikari.HikariDataSource       : DocMindHikariPool - Shutdown initiated...
2026-09-05T19:33:25.894+05:30  INFO 12040 --- [doc-mind] [SpringApplicationShutdownHook] com.zaxxer.hikari.HikariDataSource       : DocMindHikariPool - Shutdown completed.
2026-09-05T19:33:28.968+05:30  INFO 34208 --- [doc-mind] [main] com.pranit.docmind.DocMindApplication    : Starting DocMindApplication using Java 25.0.3 with PID 34208 (P:\Backend Development\DocMind\DocMind\docmind-backend\doc-mind\build\classes\java\main started by Pranit in P:\Backend Development\DocMind\DocMind\docmind-backend)
2026-09-05T19:33:28.970+05:30  INFO 34208 --- [doc-mind] [main] com.pranit.docmind.DocMindApplication    : The following 1 profile is active: "dev"
2026-09-05T19:33:29.836+05:30  INFO 34208 --- [doc-mind] [main] .s.d.r.c.RepositoryConfigurationDelegate : Multiple Spring Data modules found, entering strict repository configuration mode
2026-09-05T19:33:29.837+05:30  INFO 34208 --- [doc-mind] [main] .s.d.r.c.RepositoryConfigurationDelegate : Bootstrapping Spring Data JPA repositories in DEFAULT mode.
2026-09-05T19:33:29.951+05:30  INFO 34208 --- [doc-mind] [main] .s.d.r.c.RepositoryConfigurationDelegate : Finished Spring Data repository scanning in 108 ms. Found 7 JPA repository interfaces.
2026-09-05T19:33:29.979+05:30  INFO 34208 --- [doc-mind] [main] .s.d.r.c.RepositoryConfigurationDelegate : Multiple Spring Data modules found, entering strict repository configuration mode
2026-09-05T19:33:29.980+05:30  INFO 34208 --- [doc-mind] [main] .s.d.r.c.RepositoryConfigurationDelegate : Bootstrapping Spring Data Redis repositories in DEFAULT mode.
2026-09-05T19:33:30.000+05:30  INFO 34208 --- [doc-mind] [main] .RepositoryConfigurationExtensionSupport : Spring Data Redis - Could not safely identify store assignment for repository candidate interface com.pranit.docmind.authentication.repository.RefreshTokenRepository; If you want this repository to be a Redis repository, consider annotating your entities with one of these annotations: org.springframework.data.redis.core.RedisHash (preferred), or consider extending one of the following types with your repository: org.springframework.data.keyvalue.repository.KeyValueRepository
2026-09-05T19:33:30.001+05:30  INFO 34208 --- [doc-mind] [main] .RepositoryConfigurationExtensionSupport : Spring Data Redis - Could not safely identify store assignment for repository candidate interface com.pranit.docmind.authentication.repository.UserRepository; If you want this repository to be a Redis repository, consider annotating your entities with one of these annotations: org.springframework.data.redis.core.RedisHash (preferred), or consider extending one of the following types with your repository: org.springframework.data.keyvalue.repository.KeyValueRepository
2026-09-05T19:33:30.001+05:30  INFO 34208 --- [doc-mind] [main] .RepositoryConfigurationExtensionSupport : Spring Data Redis - Could not safely identify store assignment for repository candidate interface com.pranit.docmind.authorization.repository.RoleRepository; If you want this repository to be a Redis repository, consider annotating your entities with one of these annotations: org.springframework.data.redis.core.RedisHash (preferred), or consider extending one of the following types with your repository: org.springframework.data.keyvalue.repository.KeyValueRepository
2026-09-05T19:33:30.001+05:30  INFO 34208 --- [doc-mind] [main] .RepositoryConfigurationExtensionSupport : Spring Data Redis - Could not safely identify store assignment for repository candidate interface com.pranit.docmind.authorization.repository.UserRoleRepository; If you want this repository to be a Redis repository, consider annotating your entities with one of these annotations: org.springframework.data.redis.core.RedisHash (preferred), or consider extending one of the following types with your repository: org.springframework.data.keyvalue.repository.KeyValueRepository
2026-09-05T19:33:30.002+05:30  INFO 34208 --- [doc-mind] [main] .RepositoryConfigurationExtensionSupport : Spring Data Redis - Could not safely identify store assignment for repository candidate interface com.pranit.docmind.document.repository.DocumentRepository; If you want this repository to be a Redis repository, consider annotating your entities with one of these annotations: org.springframework.data.redis.core.RedisHash (preferred), or consider extending one of the following types with your repository: org.springframework.data.keyvalue.repository.KeyValueRepository
2026-09-05T19:33:30.002+05:30  INFO 34208 --- [doc-mind] [main] .RepositoryConfigurationExtensionSupport : Spring Data Redis - Could not safely identify store assignment for repository candidate interface com.pranit.docmind.document.repository.SeedHistoryRepository; If you want this repository to be a Redis repository, consider annotating your entities with one of these annotations: org.springframework.data.redis.core.RedisHash (preferred), or consider extending one of the following types with your repository: org.springframework.data.keyvalue.repository.KeyValueRepository
2026-09-05T19:33:30.002+05:30  INFO 34208 --- [doc-mind] [main] .RepositoryConfigurationExtensionSupport : Spring Data Redis - Could not safely identify store assignment for repository candidate interface com.pranit.docmind.otp.repository.OtpRepository; If you want this repository to be a Redis repository, consider annotating your entities with one of these annotations: org.springframework.data.redis.core.RedisHash (preferred), or consider extending one of the following types with your repository: org.springframework.data.keyvalue.repository.KeyValueRepository
2026-09-05T19:33:30.002+05:30  INFO 34208 --- [doc-mind] [main] .s.d.r.c.RepositoryConfigurationDelegate : Finished Spring Data repository scanning in 16 ms. Found 0 Redis repository interfaces.
2026-09-05T19:33:30.556+05:30  INFO 34208 --- [doc-mind] [main] o.s.boot.tomcat.TomcatWebServer          : Tomcat initialized with port 8080 (http)
2026-09-05T19:33:30.565+05:30  INFO 34208 --- [doc-mind] [main] o.apache.catalina.core.StandardService   : Starting service [Tomcat]
2026-09-05T19:33:30.566+05:30  INFO 34208 --- [doc-mind] [main] o.apache.catalina.core.StandardEngine    : Starting Servlet engine: [Apache Tomcat/11.0.24]
2026-09-05T19:33:30.629+05:30  INFO 34208 --- [doc-mind] [main] b.w.c.s.WebApplicationContextInitializer : Root WebApplicationContext: initialization completed in 1633 ms
2026-09-05T19:33:31.108+05:30  INFO 34208 --- [doc-mind] [main] com.zaxxer.hikari.HikariDataSource       : DocMindHikariPool - Starting...
2026-09-05T19:33:31.220+05:30  INFO 34208 --- [doc-mind] [main] com.zaxxer.hikari.pool.HikariPool        : DocMindHikariPool - Added connection org.postgresql.jdbc.PgConnection@45f6181a
2026-09-05T19:33:31.221+05:30  INFO 34208 --- [doc-mind] [main] com.zaxxer.hikari.HikariDataSource       : DocMindHikariPool - Start completed.
2026-09-05T19:33:31.233+05:30  INFO 34208 --- [doc-mind] [main] org.flywaydb.core.FlywayExecutor         : Database: jdbc:postgresql://localhost:5432/docmind (PostgreSQL 18.4)
2026-09-05T19:33:31.270+05:30  INFO 34208 --- [doc-mind] [main] o.f.core.internal.command.DbValidate     : Successfully validated 2 migrations (execution time 00:00.013s)
2026-09-05T19:33:31.307+05:30  INFO 34208 --- [doc-mind] [main] o.f.core.internal.command.DbMigrate      : Current version of schema "public": 2
2026-09-05T19:33:31.308+05:30  INFO 34208 --- [doc-mind] [main] o.f.core.internal.command.DbMigrate      : Schema "public" is up to date. No migration necessary.
2026-09-05T19:33:31.409+05:30  INFO 34208 --- [doc-mind] [main] org.hibernate.orm.jpa                    : HHH008540: Processing PersistenceUnitInfo [name: default]
2026-09-05T19:33:31.449+05:30  INFO 34208 --- [doc-mind] [main] org.hibernate.orm.core                   : HHH000001: Hibernate ORM core version 7.4.5.Final
2026-09-05T19:33:31.727+05:30  INFO 34208 --- [doc-mind] [main] o.s.o.j.p.SpringPersistenceUnitInfo      : No LoadTimeWeaver setup: ignoring JPA class transformer
2026-09-05T19:33:31.766+05:30  WARN 34208 --- [doc-mind] [main] org.hibernate.orm.deprecation            : HHH90000025: PostgreSQLDialect does not need to be specified explicitly using 'hibernate.dialect' (remove the property setting and it will be selected by default)
2026-09-05T19:33:31.780+05:30  INFO 34208 --- [doc-mind] [main] org.hibernate.orm.connections.pooling    : HHH10001005: Database info:
	Database JDBC URL [jdbc:postgresql://localhost:5432/docmind]
	Database driver: PostgreSQL JDBC Driver
	Database dialect: PostgreSQLDialect
	Database version: 18.4
	Default catalog/schema: docmind/public
	Autocommit mode: undefined/unknown
	Isolation level: READ_COMMITTED [default READ_COMMITTED]
	JDBC fetch size: none
	Pool: DataSourceConnectionProvider
	Minimum pool size: undefined/unknown
	Maximum pool size: undefined/unknown
2026-09-05T19:33:32.510+05:30  INFO 34208 --- [doc-mind] [main] org.hibernate.orm.core                   : HHH000489: No JTA platform available (set 'hibernate.transaction.jta.platform' to enable JTA platform integration)
2026-09-05T19:33:32.550+05:30  INFO 34208 --- [doc-mind] [main] j.LocalContainerEntityManagerFactoryBean : Initialized JPA EntityManagerFactory for persistence unit 'default'
2026-09-05T19:33:32.595+05:30  INFO 34208 --- [doc-mind] [main] o.s.d.j.r.query.QueryEnhancerFactories   : Hibernate is in classpath; If applicable, HQL parser will be used.
2026-09-05T19:33:34.225+05:30  INFO 34208 --- [doc-mind] [main] r$InitializeUserDetailsManagerConfigurer : Global AuthenticationManager configured with UserDetailsService bean with name userDetailServiceImpl
2026-09-05T19:33:34.472+05:30  WARN 34208 --- [doc-mind] [main] JpaBaseConfiguration$JpaWebConfiguration : spring.jpa.open-in-view is enabled by default. Therefore, database queries may be performed during view rendering. Explicitly configure spring.jpa.open-in-view to disable this warning
2026-09-05T19:33:35.301+05:30  INFO 34208 --- [doc-mind] [main] o.s.b.a.e.web.EndpointLinksResolver      : Exposing 1 endpoint beneath base path '/actuator'
2026-09-05T19:33:35.383+05:30  INFO 34208 --- [doc-mind] [main] o.s.boot.tomcat.TomcatWebServer          : Tomcat started on port 8080 (http) with context path '/'
2026-09-05T19:33:35.394+05:30  INFO 34208 --- [doc-mind] [main] com.pranit.docmind.DocMindApplication    : Started DocMindApplication in 6.716 seconds (process running for 7.058)
2026-09-05T19:33:35.500+05:30  INFO 34208 --- [doc-mind] [main] c.p.d.authentication.seed.AdminSeeder    : Admin user already exists: admin
2026-09-05T19:33:35.542+05:30  INFO 34208 --- [doc-mind] [scheduling-1] c.p.d.document.seed.DocumentSeeder       : Already seeded: java-backend.txt
2026-09-05T19:33:35.543+05:30  INFO 34208 --- [doc-mind] [scheduling-1] c.p.d.document.seed.DocumentSeeder       : Document seeding complete.
2026-09-05T19:34:06.885+05:30  INFO 34208 --- [doc-mind] [http-nio-8080-exec-4] o.a.c.c.C.[Tomcat].[localhost].[/]       : Initializing Spring DispatcherServlet 'dispatcherServlet'
2026-09-05T19:34:06.885+05:30  INFO 34208 --- [doc-mind] [http-nio-8080-exec-4] o.s.web.servlet.DispatcherServlet        : Initializing Servlet 'dispatcherServlet'
2026-09-05T19:34:06.893+05:30  INFO 34208 --- [doc-mind] [http-nio-8080-exec-4] o.s.web.servlet.DispatcherServlet        : Completed initialization in 8 ms
2026-09-05T19:34:07.363+05:30  INFO 34208 --- [doc-mind] [http-nio-8080-exec-4] c.p.docmind.aop.aspect.LoggingAspect     : Initiating to execute method: authenticateUser
2026-09-05T19:34:07.655+05:30  INFO 34208 --- [doc-mind] [http-nio-8080-exec-4] c.p.docmind.aop.aspect.LoggingAspect     : Initiating to execute method: loadUserByUsername
2026-09-05T19:34:07.919+05:30  INFO 34208 --- [doc-mind] [http-nio-8080-exec-4] c.p.docmind.aop.aspect.LoggingAspect     : Completed successfully method: loadUserByUsername
2026-09-05T19:34:10.515+05:30  INFO 34208 --- [doc-mind] [http-nio-8080-exec-4] c.p.d.a.service.impl.LoginServiceImpl    : User logged in successfully userId: 6a5417f9-224a-4574-bd57-63826598ef00
2026-09-05T19:34:10.517+05:30  INFO 34208 --- [doc-mind] [http-nio-8080-exec-4] c.p.docmind.aop.aspect.LoggingAspect     : Completed successfully method: authenticateUser
2026-09-05T19:34:11.105+05:30  INFO 34208 --- [doc-mind] [http-nio-8080-exec-5] c.p.d.s.s.impl.ResolveAccessTokenImpl    : Fetching access token from request
2026-09-05T19:34:11.151+05:30  INFO 34208 --- [doc-mind] [http-nio-8080-exec-8] c.p.d.s.s.impl.ResolveAccessTokenImpl    : Fetching access token from request
2026-09-05T19:34:11.287+05:30  INFO 34208 --- [doc-mind] [http-nio-8080-exec-5] c.p.docmind.aop.aspect.LoggingAspect     : Initiating to execute method: loadUserByUsername
2026-09-05T19:34:11.292+05:30  INFO 34208 --- [doc-mind] [http-nio-8080-exec-8] c.p.docmind.aop.aspect.LoggingAspect     : Initiating to execute method: loadUserByUsername
2026-09-05T19:34:11.301+05:30  INFO 34208 --- [doc-mind] [http-nio-8080-exec-5] c.p.docmind.aop.aspect.LoggingAspect     : Completed successfully method: loadUserByUsername
2026-09-05T19:34:11.307+05:30  INFO 34208 --- [doc-mind] [http-nio-8080-exec-8] c.p.docmind.aop.aspect.LoggingAspect     : Completed successfully method: loadUserByUsername
2026-09-05T19:34:11.319+05:30  INFO 34208 --- [doc-mind] [http-nio-8080-exec-5] c.p.docmind.aop.aspect.LoggingAspect     : Initiating to execute method: getCurrentUser
2026-09-05T19:34:11.323+05:30  INFO 34208 --- [doc-mind] [http-nio-8080-exec-5] c.p.docmind.aop.aspect.LoggingAspect     : Completed successfully method: getCurrentUser
2026-09-05T19:34:11.432+05:30  INFO 34208 --- [doc-mind] [http-nio-8080-exec-8] c.p.docmind.aop.aspect.LoggingAspect     : Initiating to execute method: fetchDocuments
2026-09-05T19:34:11.439+05:30  INFO 34208 --- [doc-mind] [http-nio-8080-exec-6] c.p.d.s.s.impl.ResolveAccessTokenImpl    : Fetching access token from request
2026-09-05T19:34:11.451+05:30  INFO 34208 --- [doc-mind] [http-nio-8080-exec-6] c.p.docmind.aop.aspect.LoggingAspect     : Initiating to execute method: loadUserByUsername
2026-09-05T19:34:11.460+05:30  INFO 34208 --- [doc-mind] [http-nio-8080-exec-6] c.p.docmind.aop.aspect.LoggingAspect     : Completed successfully method: loadUserByUsername
2026-09-05T19:34:11.467+05:30  INFO 34208 --- [doc-mind] [http-nio-8080-exec-6] c.p.docmind.aop.aspect.LoggingAspect     : Initiating to execute method: getCurrentUser
2026-09-05T19:34:11.467+05:30  INFO 34208 --- [doc-mind] [http-nio-8080-exec-6] c.p.docmind.aop.aspect.LoggingAspect     : Completed successfully method: getCurrentUser
2026-09-05T19:34:11.626+05:30  INFO 34208 --- [doc-mind] [http-nio-8080-exec-8] c.p.docmind.aop.aspect.LoggingAspect     : Completed successfully method: fetchDocuments
2026-09-05T19:34:41.893+05:30  INFO 34208 --- [doc-mind] [http-nio-8080-exec-9] c.p.d.s.s.impl.ResolveAccessTokenImpl    : Fetching access token from request
2026-09-05T19:34:41.907+05:30  INFO 34208 --- [doc-mind] [http-nio-8080-exec-9] c.p.docmind.aop.aspect.LoggingAspect     : Initiating to execute method: loadUserByUsername
2026-09-05T19:34:41.914+05:30  INFO 34208 --- [doc-mind] [http-nio-8080-exec-9] c.p.docmind.aop.aspect.LoggingAspect     : Completed successfully method: loadUserByUsername
2026-09-05T19:34:41.919+05:30  INFO 34208 --- [doc-mind] [http-nio-8080-exec-9] c.p.docmind.aop.aspect.LoggingAspect     : Initiating to execute method: getCurrentUser
2026-09-05T19:34:41.920+05:30  INFO 34208 --- [doc-mind] [http-nio-8080-exec-9] c.p.docmind.aop.aspect.LoggingAspect     : Completed successfully method: getCurrentUser
2026-09-05T19:34:41.930+05:30  INFO 34208 --- [doc-mind] [http-nio-8080-exec-7] c.p.d.s.s.impl.ResolveAccessTokenImpl    : Fetching access token from request
2026-09-05T19:34:41.938+05:30  INFO 34208 --- [doc-mind] [http-nio-8080-exec-7] c.p.docmind.aop.aspect.LoggingAspect     : Initiating to execute method: loadUserByUsername
2026-09-05T19:34:41.944+05:30  INFO 34208 --- [doc-mind] [http-nio-8080-exec-7] c.p.docmind.aop.aspect.LoggingAspect     : Completed successfully method: loadUserByUsername
2026-09-05T19:34:41.948+05:30  INFO 34208 --- [doc-mind] [http-nio-8080-exec-7] c.p.docmind.aop.aspect.LoggingAspect     : Initiating to execute method: getCurrentUser
2026-09-05T19:34:41.949+05:30  INFO 34208 --- [doc-mind] [http-nio-8080-exec-7] c.p.docmind.aop.aspect.LoggingAspect     : Completed successfully method: getCurrentUser
2026-09-05T19:42:03.345+05:30  INFO 34208 --- [doc-mind] [http-nio-8080-exec-10] c.p.d.s.s.impl.ResolveAccessTokenImpl    : Fetching access token from request
2026-09-05T19:42:03.348+05:30  INFO 34208 --- [doc-mind] [http-nio-8080-exec-3] c.p.d.s.s.impl.ResolveAccessTokenImpl    : Fetching access token from request
2026-09-05T19:42:03.356+05:30  INFO 34208 --- [doc-mind] [http-nio-8080-exec-10] c.p.docmind.aop.aspect.LoggingAspect     : Initiating to execute method: loadUserByUsername
2026-09-05T19:42:03.356+05:30  INFO 34208 --- [doc-mind] [http-nio-8080-exec-3] c.p.docmind.aop.aspect.LoggingAspect     : Initiating to execute method: loadUserByUsername
2026-09-05T19:42:03.363+05:30  INFO 34208 --- [doc-mind] [http-nio-8080-exec-3] c.p.docmind.aop.aspect.LoggingAspect     : Completed successfully method: loadUserByUsername
2026-09-05T19:42:03.365+05:30  INFO 34208 --- [doc-mind] [http-nio-8080-exec-10] c.p.docmind.aop.aspect.LoggingAspect     : Completed successfully method: loadUserByUsername
2026-09-05T19:42:03.369+05:30  INFO 34208 --- [doc-mind] [http-nio-8080-exec-3] c.p.docmind.aop.aspect.LoggingAspect     : Initiating to execute method: getCurrentUser
2026-09-05T19:42:03.370+05:30  INFO 34208 --- [doc-mind] [http-nio-8080-exec-3] c.p.docmind.aop.aspect.LoggingAspect     : Completed successfully method: getCurrentUser
2026-09-05T19:42:03.375+05:30  INFO 34208 --- [doc-mind] [http-nio-8080-exec-10] c.p.docmind.aop.aspect.LoggingAspect     : Initiating to execute method: fetchDocuments
2026-09-05T19:42:03.388+05:30  INFO 34208 --- [doc-mind] [http-nio-8080-exec-10] c.p.docmind.aop.aspect.LoggingAspect     : Completed successfully method: fetchDocuments
2026-09-05T19:42:03.401+05:30  INFO 34208 --- [doc-mind] [http-nio-8080-exec-2] c.p.d.s.s.impl.ResolveAccessTokenImpl    : Fetching access token from request
2026-09-05T19:42:03.413+05:30  INFO 34208 --- [doc-mind] [http-nio-8080-exec-2] c.p.docmind.aop.aspect.LoggingAspect     : Initiating to execute method: loadUserByUsername
2026-09-05T19:42:03.420+05:30  INFO 34208 --- [doc-mind] [http-nio-8080-exec-2] c.p.docmind.aop.aspect.LoggingAspect     : Completed successfully method: loadUserByUsername
2026-09-05T19:42:03.430+05:30  INFO 34208 --- [doc-mind] [http-nio-8080-exec-2] c.p.docmind.aop.aspect.LoggingAspect     : Initiating to execute method: fetchDocuments
2026-09-05T19:42:03.440+05:30  INFO 34208 --- [doc-mind] [http-nio-8080-exec-2] c.p.docmind.aop.aspect.LoggingAspect     : Completed successfully method: fetchDocuments
2026-09-05T19:42:08.232+05:30  INFO 34208 --- [doc-mind] [http-nio-8080-exec-1] c.p.d.s.s.impl.ResolveAccessTokenImpl    : Fetching access token from request
2026-09-05T19:42:08.239+05:30  INFO 34208 --- [doc-mind] [http-nio-8080-exec-4] c.p.d.s.s.impl.ResolveAccessTokenImpl    : Fetching access token from request
2026-09-05T19:42:08.242+05:30  INFO 34208 --- [doc-mind] [http-nio-8080-exec-1] c.p.docmind.aop.aspect.LoggingAspect     : Initiating to execute method: loadUserByUsername
2026-09-05T19:42:08.247+05:30  INFO 34208 --- [doc-mind] [http-nio-8080-exec-4] c.p.docmind.aop.aspect.LoggingAspect     : Initiating to execute method: loadUserByUsername
2026-09-05T19:42:08.250+05:30  INFO 34208 --- [doc-mind] [http-nio-8080-exec-1] c.p.docmind.aop.aspect.LoggingAspect     : Completed successfully method: loadUserByUsername
2026-09-05T19:42:08.254+05:30  INFO 34208 --- [doc-mind] [http-nio-8080-exec-4] c.p.docmind.aop.aspect.LoggingAspect     : Completed successfully method: loadUserByUsername
2026-09-05T19:42:08.258+05:30  INFO 34208 --- [doc-mind] [http-nio-8080-exec-1] c.p.docmind.aop.aspect.LoggingAspect     : Initiating to execute method: fetchDocuments
2026-09-05T19:42:08.259+05:30  INFO 34208 --- [doc-mind] [http-nio-8080-exec-4] c.p.docmind.aop.aspect.LoggingAspect     : Initiating to execute method: getCurrentUser
2026-09-05T19:42:08.260+05:30  INFO 34208 --- [doc-mind] [http-nio-8080-exec-4] c.p.docmind.aop.aspect.LoggingAspect     : Completed successfully method: getCurrentUser
2026-09-05T19:42:08.271+05:30  INFO 34208 --- [doc-mind] [http-nio-8080-exec-1] c.p.docmind.aop.aspect.LoggingAspect     : Completed successfully method: fetchDocuments
2026-09-05T19:42:08.284+05:30  INFO 34208 --- [doc-mind] [http-nio-8080-exec-5] c.p.d.s.s.impl.ResolveAccessTokenImpl    : Fetching access token from request
2026-09-05T19:42:08.294+05:30  INFO 34208 --- [doc-mind] [http-nio-8080-exec-5] c.p.docmind.aop.aspect.LoggingAspect     : Initiating to execute method: loadUserByUsername
2026-09-05T19:42:08.300+05:30  INFO 34208 --- [doc-mind] [http-nio-8080-exec-5] c.p.docmind.aop.aspect.LoggingAspect     : Completed successfully method: loadUserByUsername
2026-09-05T19:42:08.308+05:30  INFO 34208 --- [doc-mind] [http-nio-8080-exec-5] c.p.docmind.aop.aspect.LoggingAspect     : Initiating to execute method: fetchDocuments
2026-09-05T19:42:08.318+05:30  INFO 34208 --- [doc-mind] [http-nio-8080-exec-5] c.p.docmind.aop.aspect.LoggingAspect     : Completed successfully method: fetchDocuments
2026-09-05T19:42:21.184+05:30  INFO 34208 --- [doc-mind] [http-nio-8080-exec-6] c.p.d.s.s.impl.ResolveAccessTokenImpl    : Fetching access token from request
2026-09-05T19:42:21.192+05:30  INFO 34208 --- [doc-mind] [http-nio-8080-exec-8] c.p.d.s.s.impl.ResolveAccessTokenImpl    : Fetching access token from request
2026-09-05T19:42:21.194+05:30  INFO 34208 --- [doc-mind] [http-nio-8080-exec-6] c.p.docmind.aop.aspect.LoggingAspect     : Initiating to execute method: loadUserByUsername
2026-09-05T19:42:21.200+05:30  INFO 34208 --- [doc-mind] [http-nio-8080-exec-6] c.p.docmind.aop.aspect.LoggingAspect     : Completed successfully method: loadUserByUsername
2026-09-05T19:42:21.204+05:30  INFO 34208 --- [doc-mind] [http-nio-8080-exec-8] c.p.docmind.aop.aspect.LoggingAspect     : Initiating to execute method: loadUserByUsername
2026-09-05T19:42:21.213+05:30  INFO 34208 --- [doc-mind] [http-nio-8080-exec-8] c.p.docmind.aop.aspect.LoggingAspect     : Completed successfully method: loadUserByUsername
2026-09-05T19:42:21.214+05:30  INFO 34208 --- [doc-mind] [http-nio-8080-exec-6] c.p.docmind.aop.aspect.LoggingAspect     : Initiating to execute method: fetchDocuments
2026-09-05T19:42:21.218+05:30  INFO 34208 --- [doc-mind] [http-nio-8080-exec-8] c.p.docmind.aop.aspect.LoggingAspect     : Initiating to execute method: getCurrentUser
2026-09-05T19:42:21.219+05:30  INFO 34208 --- [doc-mind] [http-nio-8080-exec-8] c.p.docmind.aop.aspect.LoggingAspect     : Completed successfully method: getCurrentUser
2026-09-05T19:42:21.225+05:30  INFO 34208 --- [doc-mind] [http-nio-8080-exec-6] c.p.docmind.aop.aspect.LoggingAspect     : Completed successfully method: fetchDocuments
2026-09-05T19:42:21.243+05:30  INFO 34208 --- [doc-mind] [http-nio-8080-exec-9] c.p.d.s.s.impl.ResolveAccessTokenImpl    : Fetching access token from request
2026-09-05T19:42:21.251+05:30  INFO 34208 --- [doc-mind] [http-nio-8080-exec-9] c.p.docmind.aop.aspect.LoggingAspect     : Initiating to execute method: loadUserByUsername
2026-09-05T19:42:21.257+05:30  INFO 34208 --- [doc-mind] [http-nio-8080-exec-9] c.p.docmind.aop.aspect.LoggingAspect     : Completed successfully method: loadUserByUsername
2026-09-05T19:42:21.266+05:30  INFO 34208 --- [doc-mind] [http-nio-8080-exec-9] c.p.docmind.aop.aspect.LoggingAspect     : Initiating to execute method: fetchDocuments
2026-09-05T19:42:21.274+05:30  INFO 34208 --- [doc-mind] [http-nio-8080-exec-9] c.p.docmind.aop.aspect.LoggingAspect     : Completed successfully method: fetchDocuments
2026-09-05T19:42:25.139+05:30  INFO 34208 --- [doc-mind] [http-nio-8080-exec-7] c.p.d.s.s.impl.ResolveAccessTokenImpl    : Fetching access token from request
2026-09-05T19:42:25.145+05:30  INFO 34208 --- [doc-mind] [http-nio-8080-exec-3] c.p.d.s.s.impl.ResolveAccessTokenImpl    : Fetching access token from request
2026-09-05T19:42:25.150+05:30  INFO 34208 --- [doc-mind] [http-nio-8080-exec-7] c.p.docmind.aop.aspect.LoggingAspect     : Initiating to execute method: loadUserByUsername
2026-09-05T19:42:25.154+05:30  INFO 34208 --- [doc-mind] [http-nio-8080-exec-3] c.p.docmind.aop.aspect.LoggingAspect     : Initiating to execute method: loadUserByUsername
2026-09-05T19:42:25.160+05:30  INFO 34208 --- [doc-mind] [http-nio-8080-exec-10] c.p.d.s.s.impl.ResolveAccessTokenImpl    : Fetching access token from request
2026-09-05T19:42:25.161+05:30  INFO 34208 --- [doc-mind] [http-nio-8080-exec-3] c.p.docmind.aop.aspect.LoggingAspect     : Completed successfully method: loadUserByUsername
2026-09-05T19:42:25.170+05:30  INFO 34208 --- [doc-mind] [http-nio-8080-exec-7] c.p.docmind.aop.aspect.LoggingAspect     : Completed successfully method: loadUserByUsername
2026-09-05T19:42:25.176+05:30  INFO 34208 --- [doc-mind] [http-nio-8080-exec-10] c.p.docmind.aop.aspect.LoggingAspect     : Initiating to execute method: loadUserByUsername
2026-09-05T19:42:25.177+05:30  INFO 34208 --- [doc-mind] [http-nio-8080-exec-7] c.p.docmind.aop.aspect.LoggingAspect     : Initiating to execute method: fetchDocuments
2026-09-05T19:42:25.186+05:30  INFO 34208 --- [doc-mind] [http-nio-8080-exec-10] c.p.docmind.aop.aspect.LoggingAspect     : Completed successfully method: loadUserByUsername
2026-09-05T19:42:25.191+05:30  INFO 34208 --- [doc-mind] [http-nio-8080-exec-7] c.p.docmind.aop.aspect.LoggingAspect     : Completed successfully method: fetchDocuments
2026-09-05T19:42:25.192+05:30  INFO 34208 --- [doc-mind] [http-nio-8080-exec-10] c.p.docmind.aop.aspect.LoggingAspect     : Initiating to execute method: getCurrentUser
2026-09-05T19:42:25.196+05:30  INFO 34208 --- [doc-mind] [http-nio-8080-exec-10] c.p.docmind.aop.aspect.LoggingAspect     : Completed successfully method: getCurrentUser
2026-09-05T19:43:20.480+05:30  INFO 34208 --- [doc-mind] [http-nio-8080-exec-4] c.p.d.s.s.impl.ResolveAccessTokenImpl    : Fetching access token from request
2026-09-05T19:43:20.480+05:30  INFO 34208 --- [doc-mind] [http-nio-8080-exec-1] c.p.d.s.s.impl.ResolveAccessTokenImpl    : Fetching access token from request
2026-09-05T19:43:20.480+05:30  INFO 34208 --- [doc-mind] [http-nio-8080-exec-2] c.p.d.s.s.impl.ResolveAccessTokenImpl    : Fetching access token from request
2026-09-05T19:43:20.493+05:30  INFO 34208 --- [doc-mind] [http-nio-8080-exec-1] c.p.docmind.aop.aspect.LoggingAspect     : Initiating to execute method: loadUserByUsername
2026-09-05T19:43:20.495+05:30  INFO 34208 --- [doc-mind] [http-nio-8080-exec-4] c.p.docmind.aop.aspect.LoggingAspect     : Initiating to execute method: loadUserByUsername
2026-09-05T19:43:20.493+05:30  INFO 34208 --- [doc-mind] [http-nio-8080-exec-2] c.p.docmind.aop.aspect.LoggingAspect     : Initiating to execute method: loadUserByUsername
2026-09-05T19:43:20.502+05:30  INFO 34208 --- [doc-mind] [http-nio-8080-exec-1] c.p.docmind.aop.aspect.LoggingAspect     : Completed successfully method: loadUserByUsername
2026-09-05T19:43:20.504+05:30  INFO 34208 --- [doc-mind] [http-nio-8080-exec-4] c.p.docmind.aop.aspect.LoggingAspect     : Completed successfully method: loadUserByUsername
2026-09-05T19:43:20.511+05:30  INFO 34208 --- [doc-mind] [http-nio-8080-exec-1] c.p.docmind.aop.aspect.LoggingAspect     : Initiating to execute method: getCurrentUser
2026-09-05T19:43:20.511+05:30  INFO 34208 --- [doc-mind] [http-nio-8080-exec-1] c.p.docmind.aop.aspect.LoggingAspect     : Completed successfully method: getCurrentUser
2026-09-05T19:43:20.513+05:30  INFO 34208 --- [doc-mind] [http-nio-8080-exec-2] c.p.docmind.aop.aspect.LoggingAspect     : Completed successfully method: loadUserByUsername
2026-09-05T19:43:20.523+05:30  INFO 34208 --- [doc-mind] [http-nio-8080-exec-2] c.p.docmind.aop.aspect.LoggingAspect     : Initiating to execute method: fetchDocuments
2026-09-05T19:43:20.525+05:30  INFO 34208 --- [doc-mind] [http-nio-8080-exec-5] c.p.d.s.s.impl.ResolveAccessTokenImpl    : Fetching access token from request
2026-09-05T19:43:20.532+05:30  INFO 34208 --- [doc-mind] [http-nio-8080-exec-8] c.p.d.s.s.impl.ResolveAccessTokenImpl    : Fetching access token from request
2026-09-05T19:43:20.539+05:30  INFO 34208 --- [doc-mind] [http-nio-8080-exec-2] c.p.docmind.aop.aspect.LoggingAspect     : Completed successfully method: fetchDocuments
2026-09-05T19:43:20.539+05:30  INFO 34208 --- [doc-mind] [http-nio-8080-exec-5] c.p.docmind.aop.aspect.LoggingAspect     : Initiating to execute method: loadUserByUsername
2026-09-05T19:43:20.551+05:30  INFO 34208 --- [doc-mind] [http-nio-8080-exec-5] c.p.docmind.aop.aspect.LoggingAspect     : Completed successfully method: loadUserByUsername
2026-09-05T19:43:20.553+05:30  INFO 34208 --- [doc-mind] [http-nio-8080-exec-8] c.p.docmind.aop.aspect.LoggingAspect     : Initiating to execute method: loadUserByUsername
2026-09-05T19:43:20.554+05:30  INFO 34208 --- [doc-mind] [http-nio-8080-exec-6] c.p.d.s.s.impl.ResolveAccessTokenImpl    : Fetching access token from request
2026-09-05T19:43:20.567+05:30  INFO 34208 --- [doc-mind] [http-nio-8080-exec-5] c.p.docmind.aop.aspect.LoggingAspect     : Initiating to execute method: getCurrentUser
2026-09-05T19:43:20.567+05:30  INFO 34208 --- [doc-mind] [http-nio-8080-exec-8] c.p.docmind.aop.aspect.LoggingAspect     : Completed successfully method: loadUserByUsername
2026-09-05T19:43:20.568+05:30  INFO 34208 --- [doc-mind] [http-nio-8080-exec-5] c.p.docmind.aop.aspect.LoggingAspect     : Completed successfully method: getCurrentUser
2026-09-05T19:43:20.575+05:30  INFO 34208 --- [doc-mind] [http-nio-8080-exec-6] c.p.docmind.aop.aspect.LoggingAspect     : Initiating to execute method: loadUserByUsername
2026-09-05T19:43:20.586+05:30  INFO 34208 --- [doc-mind] [http-nio-8080-exec-6] c.p.docmind.aop.aspect.LoggingAspect     : Completed successfully method: loadUserByUsername
2026-09-05T19:43:20.596+05:30  INFO 34208 --- [doc-mind] [http-nio-8080-exec-6] c.p.docmind.aop.aspect.LoggingAspect     : Initiating to execute method: fetchDocuments
2026-09-05T19:43:20.604+05:30  INFO 34208 --- [doc-mind] [http-nio-8080-exec-6] c.p.docmind.aop.aspect.LoggingAspect     : Completed successfully method: fetchDocuments
2026-09-05T19:43:42.629+05:30  INFO 34208 --- [doc-mind] [http-nio-8080-exec-7] c.p.d.s.s.impl.ResolveAccessTokenImpl    : Fetching access token from request
2026-09-05T19:43:42.637+05:30  INFO 34208 --- [doc-mind] [http-nio-8080-exec-7] c.p.docmind.aop.aspect.LoggingAspect     : Initiating to execute method: loadUserByUsername
2026-09-05T19:43:42.643+05:30  INFO 34208 --- [doc-mind] [http-nio-8080-exec-7] c.p.docmind.aop.aspect.LoggingAspect     : Completed successfully method: loadUserByUsername
2026-09-05T19:43:42.664+05:30  INFO 34208 --- [doc-mind] [http-nio-8080-exec-10] c.p.d.s.s.impl.ResolveAccessTokenImpl    : Fetching access token from request
2026-09-05T19:43:42.671+05:30  INFO 34208 --- [doc-mind] [http-nio-8080-exec-10] c.p.docmind.aop.aspect.LoggingAspect     : Initiating to execute method: loadUserByUsername
2026-09-05T19:43:42.678+05:30  INFO 34208 --- [doc-mind] [http-nio-8080-exec-10] c.p.docmind.aop.aspect.LoggingAspect     : Completed successfully method: loadUserByUsername
2026-09-05T19:44:12.491+05:30  INFO 34208 --- [doc-mind] [http-nio-8080-exec-3] c.p.docmind.aop.aspect.LoggingAspect     : Initiating to execute method: authenticateUser
2026-09-05T19:44:12.491+05:30  INFO 34208 --- [doc-mind] [http-nio-8080-exec-3] c.p.docmind.aop.aspect.LoggingAspect     : Initiating to execute method: loadUserByUsername
2026-09-05T19:44:12.498+05:30  INFO 34208 --- [doc-mind] [http-nio-8080-exec-3] c.p.docmind.aop.aspect.LoggingAspect     : Completed successfully method: loadUserByUsername
2026-09-05T19:44:12.873+05:30  INFO 34208 --- [doc-mind] [http-nio-8080-exec-3] c.p.d.a.service.impl.LoginServiceImpl    : User logged in successfully userId: 6a5417f9-224a-4574-bd57-63826598ef00
2026-09-05T19:44:12.873+05:30  INFO 34208 --- [doc-mind] [http-nio-8080-exec-3] c.p.docmind.aop.aspect.LoggingAspect     : Completed successfully method: authenticateUser
2026-09-05T19:44:12.908+05:30  INFO 34208 --- [doc-mind] [http-nio-8080-exec-1] c.p.d.s.s.impl.ResolveAccessTokenImpl    : Fetching access token from request
2026-09-05T19:44:12.918+05:30  INFO 34208 --- [doc-mind] [http-nio-8080-exec-1] c.p.docmind.aop.aspect.LoggingAspect     : Initiating to execute method: loadUserByUsername
2026-09-05T19:44:12.924+05:30  INFO 34208 --- [doc-mind] [http-nio-8080-exec-1] c.p.docmind.aop.aspect.LoggingAspect     : Completed successfully method: loadUserByUsername
2026-09-05T19:44:12.927+05:30  INFO 34208 --- [doc-mind] [http-nio-8080-exec-1] c.p.docmind.aop.aspect.LoggingAspect     : Initiating to execute method: getCurrentUser
2026-09-05T19:44:12.928+05:30  INFO 34208 --- [doc-mind] [http-nio-8080-exec-1] c.p.docmind.aop.aspect.LoggingAspect     : Completed successfully method: getCurrentUser
2026-09-05T19:44:12.973+05:30  INFO 34208 --- [doc-mind] [http-nio-8080-exec-2] c.p.d.s.s.impl.ResolveAccessTokenImpl    : Fetching access token from request
2026-09-05T19:44:12.976+05:30  INFO 34208 --- [doc-mind] [http-nio-8080-exec-4] c.p.d.s.s.impl.ResolveAccessTokenImpl    : Fetching access token from request
2026-09-05T19:44:12.982+05:30  INFO 34208 --- [doc-mind] [http-nio-8080-exec-2] c.p.docmind.aop.aspect.LoggingAspect     : Initiating to execute method: loadUserByUsername
2026-09-05T19:44:12.985+05:30  INFO 34208 --- [doc-mind] [http-nio-8080-exec-4] c.p.docmind.aop.aspect.LoggingAspect     : Initiating to execute method: loadUserByUsername
2026-09-05T19:44:12.988+05:30  INFO 34208 --- [doc-mind] [http-nio-8080-exec-2] c.p.docmind.aop.aspect.LoggingAspect     : Completed successfully method: loadUserByUsername
2026-09-05T19:44:12.992+05:30  INFO 34208 --- [doc-mind] [http-nio-8080-exec-4] c.p.docmind.aop.aspect.LoggingAspect     : Completed successfully method: loadUserByUsername
2026-09-05T19:44:12.998+05:30  INFO 34208 --- [doc-mind] [http-nio-8080-exec-2] c.p.docmind.aop.aspect.LoggingAspect     : Initiating to execute method: getCurrentUser
2026-09-05T19:44:12.998+05:30  INFO 34208 --- [doc-mind] [http-nio-8080-exec-2] c.p.docmind.aop.aspect.LoggingAspect     : Completed successfully method: getCurrentUser
2026-09-05T19:44:13.001+05:30  INFO 34208 --- [doc-mind] [http-nio-8080-exec-4] c.p.docmind.aop.aspect.LoggingAspect     : Initiating to execute method: fetchDocuments
2026-09-05T19:44:13.012+05:30  INFO 34208 --- [doc-mind] [http-nio-8080-exec-4] c.p.docmind.aop.aspect.LoggingAspect     : Completed successfully method: fetchDocuments
2026-09-05T19:45:03.560+05:30  INFO 34208 --- [doc-mind] [SpringApplicationShutdownHook] o.s.boot.tomcat.GracefulShutdown         : Commencing graceful shutdown. Waiting for active requests to complete
2026-09-05T19:45:03.564+05:30  INFO 34208 --- [doc-mind] [tomcat-shutdown] o.s.boot.tomcat.GracefulShutdown         : Graceful shutdown complete
2026-09-05T19:45:03.585+05:30  INFO 34208 --- [doc-mind] [SpringApplicationShutdownHook] j.LocalContainerEntityManagerFactoryBean : Closing JPA EntityManagerFactory for persistence unit 'default'
2026-09-05T19:45:03.587+05:30  INFO 34208 --- [doc-mind] [SpringApplicationShutdownHook] com.zaxxer.hikari.HikariDataSource       : DocMindHikariPool - Shutdown initiated...
2026-09-05T19:45:03.588+05:30  INFO 34208 --- [doc-mind] [SpringApplicationShutdownHook] com.zaxxer.hikari.HikariDataSource       : DocMindHikariPool - Shutdown completed.
2026-09-05T19:45:06.687+05:30  INFO 12500 --- [doc-mind] [main] com.pranit.docmind.DocMindApplication    : Starting DocMindApplication using Java 25.0.3 with PID 12500 (P:\Backend Development\DocMind\DocMind\docmind-backend\doc-mind\build\classes\java\main started by Pranit in P:\Backend Development\DocMind\DocMind\docmind-backend)
2026-09-05T19:45:06.688+05:30  INFO 12500 --- [doc-mind] [main] com.pranit.docmind.DocMindApplication    : The following 1 profile is active: "dev"
2026-09-05T19:45:07.558+05:30  INFO 12500 --- [doc-mind] [main] .s.d.r.c.RepositoryConfigurationDelegate : Multiple Spring Data modules found, entering strict repository configuration mode
2026-09-05T19:45:07.560+05:30  INFO 12500 --- [doc-mind] [main] .s.d.r.c.RepositoryConfigurationDelegate : Bootstrapping Spring Data JPA repositories in DEFAULT mode.
2026-09-05T19:45:07.677+05:30  INFO 12500 --- [doc-mind] [main] .s.d.r.c.RepositoryConfigurationDelegate : Finished Spring Data repository scanning in 112 ms. Found 7 JPA repository interfaces.
2026-09-05T19:45:07.707+05:30  INFO 12500 --- [doc-mind] [main] .s.d.r.c.RepositoryConfigurationDelegate : Multiple Spring Data modules found, entering strict repository configuration mode
2026-09-05T19:45:07.708+05:30  INFO 12500 --- [doc-mind] [main] .s.d.r.c.RepositoryConfigurationDelegate : Bootstrapping Spring Data Redis repositories in DEFAULT mode.
2026-09-05T19:45:07.728+05:30  INFO 12500 --- [doc-mind] [main] .RepositoryConfigurationExtensionSupport : Spring Data Redis - Could not safely identify store assignment for repository candidate interface com.pranit.docmind.authentication.repository.RefreshTokenRepository; If you want this repository to be a Redis repository, consider annotating your entities with one of these annotations: org.springframework.data.redis.core.RedisHash (preferred), or consider extending one of the following types with your repository: org.springframework.data.keyvalue.repository.KeyValueRepository
2026-09-05T19:45:07.728+05:30  INFO 12500 --- [doc-mind] [main] .RepositoryConfigurationExtensionSupport : Spring Data Redis - Could not safely identify store assignment for repository candidate interface com.pranit.docmind.authentication.repository.UserRepository; If you want this repository to be a Redis repository, consider annotating your entities with one of these annotations: org.springframework.data.redis.core.RedisHash (preferred), or consider extending one of the following types with your repository: org.springframework.data.keyvalue.repository.KeyValueRepository
2026-09-05T19:45:07.729+05:30  INFO 12500 --- [doc-mind] [main] .RepositoryConfigurationExtensionSupport : Spring Data Redis - Could not safely identify store assignment for repository candidate interface com.pranit.docmind.authorization.repository.RoleRepository; If you want this repository to be a Redis repository, consider annotating your entities with one of these annotations: org.springframework.data.redis.core.RedisHash (preferred), or consider extending one of the following types with your repository: org.springframework.data.keyvalue.repository.KeyValueRepository
2026-09-05T19:45:07.729+05:30  INFO 12500 --- [doc-mind] [main] .RepositoryConfigurationExtensionSupport : Spring Data Redis - Could not safely identify store assignment for repository candidate interface com.pranit.docmind.authorization.repository.UserRoleRepository; If you want this repository to be a Redis repository, consider annotating your entities with one of these annotations: org.springframework.data.redis.core.RedisHash (preferred), or consider extending one of the following types with your repository: org.springframework.data.keyvalue.repository.KeyValueRepository
2026-09-05T19:45:07.729+05:30  INFO 12500 --- [doc-mind] [main] .RepositoryConfigurationExtensionSupport : Spring Data Redis - Could not safely identify store assignment for repository candidate interface com.pranit.docmind.document.repository.DocumentRepository; If you want this repository to be a Redis repository, consider annotating your entities with one of these annotations: org.springframework.data.redis.core.RedisHash (preferred), or consider extending one of the following types with your repository: org.springframework.data.keyvalue.repository.KeyValueRepository
2026-09-05T19:45:07.729+05:30  INFO 12500 --- [doc-mind] [main] .RepositoryConfigurationExtensionSupport : Spring Data Redis - Could not safely identify store assignment for repository candidate interface com.pranit.docmind.document.repository.SeedHistoryRepository; If you want this repository to be a Redis repository, consider annotating your entities with one of these annotations: org.springframework.data.redis.core.RedisHash (preferred), or consider extending one of the following types with your repository: org.springframework.data.keyvalue.repository.KeyValueRepository
2026-09-05T19:45:07.729+05:30  INFO 12500 --- [doc-mind] [main] .RepositoryConfigurationExtensionSupport : Spring Data Redis - Could not safely identify store assignment for repository candidate interface com.pranit.docmind.otp.repository.OtpRepository; If you want this repository to be a Redis repository, consider annotating your entities with one of these annotations: org.springframework.data.redis.core.RedisHash (preferred), or consider extending one of the following types with your repository: org.springframework.data.keyvalue.repository.KeyValueRepository
2026-09-05T19:45:07.729+05:30  INFO 12500 --- [doc-mind] [main] .s.d.r.c.RepositoryConfigurationDelegate : Finished Spring Data repository scanning in 15 ms. Found 0 Redis repository interfaces.
2026-09-05T19:45:08.288+05:30  INFO 12500 --- [doc-mind] [main] o.s.boot.tomcat.TomcatWebServer          : Tomcat initialized with port 8080 (http)
2026-09-05T19:45:08.297+05:30  INFO 12500 --- [doc-mind] [main] o.apache.catalina.core.StandardService   : Starting service [Tomcat]
2026-09-05T19:45:08.298+05:30  INFO 12500 --- [doc-mind] [main] o.apache.catalina.core.StandardEngine    : Starting Servlet engine: [Apache Tomcat/11.0.24]
2026-09-05T19:45:08.360+05:30  INFO 12500 --- [doc-mind] [main] b.w.c.s.WebApplicationContextInitializer : Root WebApplicationContext: initialization completed in 1647 ms
2026-09-05T19:45:08.843+05:30  INFO 12500 --- [doc-mind] [main] com.zaxxer.hikari.HikariDataSource       : DocMindHikariPool - Starting...
2026-09-05T19:45:08.958+05:30  INFO 12500 --- [doc-mind] [main] com.zaxxer.hikari.pool.HikariPool        : DocMindHikariPool - Added connection org.postgresql.jdbc.PgConnection@6920fa35
2026-09-05T19:45:08.959+05:30  INFO 12500 --- [doc-mind] [main] com.zaxxer.hikari.HikariDataSource       : DocMindHikariPool - Start completed.
2026-09-05T19:45:08.972+05:30  INFO 12500 --- [doc-mind] [main] org.flywaydb.core.FlywayExecutor         : Database: jdbc:postgresql://localhost:5432/docmind (PostgreSQL 18.4)
2026-09-05T19:45:09.009+05:30  INFO 12500 --- [doc-mind] [main] o.f.core.internal.command.DbValidate     : Successfully validated 2 migrations (execution time 00:00.013s)
2026-09-05T19:45:09.057+05:30  INFO 12500 --- [doc-mind] [main] o.f.core.internal.command.DbMigrate      : Current version of schema "public": 2
2026-09-05T19:45:09.059+05:30  INFO 12500 --- [doc-mind] [main] o.f.core.internal.command.DbMigrate      : Schema "public" is up to date. No migration necessary.
2026-09-05T19:45:09.153+05:30  INFO 12500 --- [doc-mind] [main] org.hibernate.orm.jpa                    : HHH008540: Processing PersistenceUnitInfo [name: default]
2026-09-05T19:45:09.190+05:30  INFO 12500 --- [doc-mind] [main] org.hibernate.orm.core                   : HHH000001: Hibernate ORM core version 7.4.5.Final
2026-09-05T19:45:09.480+05:30  INFO 12500 --- [doc-mind] [main] o.s.o.j.p.SpringPersistenceUnitInfo      : No LoadTimeWeaver setup: ignoring JPA class transformer
2026-09-05T19:45:09.528+05:30  WARN 12500 --- [doc-mind] [main] org.hibernate.orm.deprecation            : HHH90000025: PostgreSQLDialect does not need to be specified explicitly using 'hibernate.dialect' (remove the property setting and it will be selected by default)
2026-09-05T19:45:09.541+05:30  INFO 12500 --- [doc-mind] [main] org.hibernate.orm.connections.pooling    : HHH10001005: Database info:
	Database JDBC URL [jdbc:postgresql://localhost:5432/docmind]
	Database driver: PostgreSQL JDBC Driver
	Database dialect: PostgreSQLDialect
	Database version: 18.4
	Default catalog/schema: docmind/public
	Autocommit mode: undefined/unknown
	Isolation level: READ_COMMITTED [default READ_COMMITTED]
	JDBC fetch size: none
	Pool: DataSourceConnectionProvider
	Minimum pool size: undefined/unknown
	Maximum pool size: undefined/unknown
2026-09-05T19:45:10.273+05:30  INFO 12500 --- [doc-mind] [main] org.hibernate.orm.core                   : HHH000489: No JTA platform available (set 'hibernate.transaction.jta.platform' to enable JTA platform integration)
2026-09-05T19:45:10.312+05:30  INFO 12500 --- [doc-mind] [main] j.LocalContainerEntityManagerFactoryBean : Initialized JPA EntityManagerFactory for persistence unit 'default'
2026-09-05T19:45:10.358+05:30  INFO 12500 --- [doc-mind] [main] o.s.d.j.r.query.QueryEnhancerFactories   : Hibernate is in classpath; If applicable, HQL parser will be used.
2026-09-05T19:45:11.994+05:30  INFO 12500 --- [doc-mind] [main] r$InitializeUserDetailsManagerConfigurer : Global AuthenticationManager configured with UserDetailsService bean with name userDetailServiceImpl
2026-09-05T19:45:12.255+05:30  WARN 12500 --- [doc-mind] [main] JpaBaseConfiguration$JpaWebConfiguration : spring.jpa.open-in-view is enabled by default. Therefore, database queries may be performed during view rendering. Explicitly configure spring.jpa.open-in-view to disable this warning
2026-09-05T19:45:13.050+05:30  INFO 12500 --- [doc-mind] [main] o.s.b.a.e.web.EndpointLinksResolver      : Exposing 1 endpoint beneath base path '/actuator'
2026-09-05T19:45:13.131+05:30  INFO 12500 --- [doc-mind] [main] o.s.boot.tomcat.TomcatWebServer          : Tomcat started on port 8080 (http) with context path '/'
2026-09-05T19:45:13.142+05:30  INFO 12500 --- [doc-mind] [main] com.pranit.docmind.DocMindApplication    : Started DocMindApplication in 6.742 seconds (process running for 7.086)
2026-09-05T19:45:13.247+05:30  INFO 12500 --- [doc-mind] [main] c.p.d.authentication.seed.AdminSeeder    : Admin user already exists: admin
2026-09-05T19:45:13.270+05:30  INFO 12500 --- [doc-mind] [scheduling-1] c.p.d.document.seed.DocumentSeeder       : Already seeded: java-backend.txt
2026-09-05T19:45:13.270+05:30  INFO 12500 --- [doc-mind] [scheduling-1] c.p.d.document.seed.DocumentSeeder       : Document seeding complete.
2026-09-05T19:45:44.505+05:30  INFO 12500 --- [doc-mind] [SpringApplicationShutdownHook] o.s.boot.tomcat.GracefulShutdown         : Commencing graceful shutdown. Waiting for active requests to complete
2026-09-05T19:45:44.509+05:30  INFO 12500 --- [doc-mind] [tomcat-shutdown] o.s.boot.tomcat.GracefulShutdown         : Graceful shutdown complete
2026-09-05T19:45:44.526+05:30  INFO 12500 --- [doc-mind] [SpringApplicationShutdownHook] j.LocalContainerEntityManagerFactoryBean : Closing JPA EntityManagerFactory for persistence unit 'default'
2026-09-05T19:45:44.528+05:30  INFO 12500 --- [doc-mind] [SpringApplicationShutdownHook] com.zaxxer.hikari.HikariDataSource       : DocMindHikariPool - Shutdown initiated...
2026-09-05T19:45:44.529+05:30  INFO 12500 --- [doc-mind] [SpringApplicationShutdownHook] com.zaxxer.hikari.HikariDataSource       : DocMindHikariPool - Shutdown completed.
2026-09-05T19:45:46.464+05:30  INFO 35188 --- [doc-mind] [main] com.pranit.docmind.DocMindApplication    : Starting DocMindApplication using Java 25.0.3 with PID 35188 (P:\Backend Development\DocMind\DocMind\docmind-backend\doc-mind\build\classes\java\main started by Pranit in P:\Backend Development\DocMind\DocMind\docmind-backend)
2026-09-05T19:45:46.465+05:30  INFO 35188 --- [doc-mind] [main] com.pranit.docmind.DocMindApplication    : The following 1 profile is active: "dev"
2026-09-05T19:45:47.320+05:30  INFO 35188 --- [doc-mind] [main] .s.d.r.c.RepositoryConfigurationDelegate : Multiple Spring Data modules found, entering strict repository configuration mode
2026-09-05T19:45:47.321+05:30  INFO 35188 --- [doc-mind] [main] .s.d.r.c.RepositoryConfigurationDelegate : Bootstrapping Spring Data JPA repositories in DEFAULT mode.
2026-09-05T19:45:47.437+05:30  INFO 35188 --- [doc-mind] [main] .s.d.r.c.RepositoryConfigurationDelegate : Finished Spring Data repository scanning in 110 ms. Found 7 JPA repository interfaces.
2026-09-05T19:45:47.467+05:30  INFO 35188 --- [doc-mind] [main] .s.d.r.c.RepositoryConfigurationDelegate : Multiple Spring Data modules found, entering strict repository configuration mode
2026-09-05T19:45:47.468+05:30  INFO 35188 --- [doc-mind] [main] .s.d.r.c.RepositoryConfigurationDelegate : Bootstrapping Spring Data Redis repositories in DEFAULT mode.
2026-09-05T19:45:47.493+05:30  INFO 35188 --- [doc-mind] [main] .RepositoryConfigurationExtensionSupport : Spring Data Redis - Could not safely identify store assignment for repository candidate interface com.pranit.docmind.authentication.repository.RefreshTokenRepository; If you want this repository to be a Redis repository, consider annotating your entities with one of these annotations: org.springframework.data.redis.core.RedisHash (preferred), or consider extending one of the following types with your repository: org.springframework.data.keyvalue.repository.KeyValueRepository
2026-09-05T19:45:47.494+05:30  INFO 35188 --- [doc-mind] [main] .RepositoryConfigurationExtensionSupport : Spring Data Redis - Could not safely identify store assignment for repository candidate interface com.pranit.docmind.authentication.repository.UserRepository; If you want this repository to be a Redis repository, consider annotating your entities with one of these annotations: org.springframework.data.redis.core.RedisHash (preferred), or consider extending one of the following types with your repository: org.springframework.data.keyvalue.repository.KeyValueRepository
2026-09-05T19:45:47.494+05:30  INFO 35188 --- [doc-mind] [main] .RepositoryConfigurationExtensionSupport : Spring Data Redis - Could not safely identify store assignment for repository candidate interface com.pranit.docmind.authorization.repository.RoleRepository; If you want this repository to be a Redis repository, consider annotating your entities with one of these annotations: org.springframework.data.redis.core.RedisHash (preferred), or consider extending one of the following types with your repository: org.springframework.data.keyvalue.repository.KeyValueRepository
2026-09-05T19:45:47.494+05:30  INFO 35188 --- [doc-mind] [main] .RepositoryConfigurationExtensionSupport : Spring Data Redis - Could not safely identify store assignment for repository candidate interface com.pranit.docmind.authorization.repository.UserRoleRepository; If you want this repository to be a Redis repository, consider annotating your entities with one of these annotations: org.springframework.data.redis.core.RedisHash (preferred), or consider extending one of the following types with your repository: org.springframework.data.keyvalue.repository.KeyValueRepository
2026-09-05T19:45:47.494+05:30  INFO 35188 --- [doc-mind] [main] .RepositoryConfigurationExtensionSupport : Spring Data Redis - Could not safely identify store assignment for repository candidate interface com.pranit.docmind.document.repository.DocumentRepository; If you want this repository to be a Redis repository, consider annotating your entities with one of these annotations: org.springframework.data.redis.core.RedisHash (preferred), or consider extending one of the following types with your repository: org.springframework.data.keyvalue.repository.KeyValueRepository
2026-09-05T19:45:47.495+05:30  INFO 35188 --- [doc-mind] [main] .RepositoryConfigurationExtensionSupport : Spring Data Redis - Could not safely identify store assignment for repository candidate interface com.pranit.docmind.document.repository.SeedHistoryRepository; If you want this repository to be a Redis repository, consider annotating your entities with one of these annotations: org.springframework.data.redis.core.RedisHash (preferred), or consider extending one of the following types with your repository: org.springframework.data.keyvalue.repository.KeyValueRepository
2026-09-05T19:45:47.495+05:30  INFO 35188 --- [doc-mind] [main] .RepositoryConfigurationExtensionSupport : Spring Data Redis - Could not safely identify store assignment for repository candidate interface com.pranit.docmind.otp.repository.OtpRepository; If you want this repository to be a Redis repository, consider annotating your entities with one of these annotations: org.springframework.data.redis.core.RedisHash (preferred), or consider extending one of the following types with your repository: org.springframework.data.keyvalue.repository.KeyValueRepository
2026-09-05T19:45:47.495+05:30  INFO 35188 --- [doc-mind] [main] .s.d.r.c.RepositoryConfigurationDelegate : Finished Spring Data repository scanning in 18 ms. Found 0 Redis repository interfaces.
2026-09-05T19:45:48.056+05:30  INFO 35188 --- [doc-mind] [main] o.s.boot.tomcat.TomcatWebServer          : Tomcat initialized with port 8080 (http)
2026-09-05T19:45:48.065+05:30  INFO 35188 --- [doc-mind] [main] o.apache.catalina.core.StandardService   : Starting service [Tomcat]
2026-09-05T19:45:48.065+05:30  INFO 35188 --- [doc-mind] [main] o.apache.catalina.core.StandardEngine    : Starting Servlet engine: [Apache Tomcat/11.0.24]
2026-09-05T19:45:48.120+05:30  INFO 35188 --- [doc-mind] [main] b.w.c.s.WebApplicationContextInitializer : Root WebApplicationContext: initialization completed in 1629 ms
2026-09-05T19:45:48.614+05:30  INFO 35188 --- [doc-mind] [main] com.zaxxer.hikari.HikariDataSource       : DocMindHikariPool - Starting...
2026-09-05T19:45:48.721+05:30  INFO 35188 --- [doc-mind] [main] com.zaxxer.hikari.pool.HikariPool        : DocMindHikariPool - Added connection org.postgresql.jdbc.PgConnection@6920fa35
2026-09-05T19:45:48.722+05:30  INFO 35188 --- [doc-mind] [main] com.zaxxer.hikari.HikariDataSource       : DocMindHikariPool - Start completed.
2026-09-05T19:45:48.734+05:30  INFO 35188 --- [doc-mind] [main] org.flywaydb.core.FlywayExecutor         : Database: jdbc:postgresql://localhost:5432/docmind (PostgreSQL 18.4)
2026-09-05T19:45:48.770+05:30  INFO 35188 --- [doc-mind] [main] o.f.core.internal.command.DbValidate     : Successfully validated 2 migrations (execution time 00:00.013s)
2026-09-05T19:45:48.812+05:30  INFO 35188 --- [doc-mind] [main] o.f.core.internal.command.DbMigrate      : Current version of schema "public": 2
2026-09-05T19:45:48.814+05:30  INFO 35188 --- [doc-mind] [main] o.f.core.internal.command.DbMigrate      : Schema "public" is up to date. No migration necessary.
2026-09-05T19:45:48.913+05:30  INFO 35188 --- [doc-mind] [main] org.hibernate.orm.jpa                    : HHH008540: Processing PersistenceUnitInfo [name: default]
2026-09-05T19:45:48.952+05:30  INFO 35188 --- [doc-mind] [main] org.hibernate.orm.core                   : HHH000001: Hibernate ORM core version 7.4.5.Final
2026-09-05T19:45:49.261+05:30  INFO 35188 --- [doc-mind] [main] o.s.o.j.p.SpringPersistenceUnitInfo      : No LoadTimeWeaver setup: ignoring JPA class transformer
2026-09-05T19:45:49.301+05:30  WARN 35188 --- [doc-mind] [main] org.hibernate.orm.deprecation            : HHH90000025: PostgreSQLDialect does not need to be specified explicitly using 'hibernate.dialect' (remove the property setting and it will be selected by default)
2026-09-05T19:45:49.313+05:30  INFO 35188 --- [doc-mind] [main] org.hibernate.orm.connections.pooling    : HHH10001005: Database info:
	Database JDBC URL [jdbc:postgresql://localhost:5432/docmind]
	Database driver: PostgreSQL JDBC Driver
	Database dialect: PostgreSQLDialect
	Database version: 18.4
	Default catalog/schema: docmind/public
	Autocommit mode: undefined/unknown
	Isolation level: READ_COMMITTED [default READ_COMMITTED]
	JDBC fetch size: none
	Pool: DataSourceConnectionProvider
	Minimum pool size: undefined/unknown
	Maximum pool size: undefined/unknown
2026-09-05T19:45:50.094+05:30  INFO 35188 --- [doc-mind] [main] org.hibernate.orm.core                   : HHH000489: No JTA platform available (set 'hibernate.transaction.jta.platform' to enable JTA platform integration)
2026-09-05T19:45:50.133+05:30  INFO 35188 --- [doc-mind] [main] j.LocalContainerEntityManagerFactoryBean : Initialized JPA EntityManagerFactory for persistence unit 'default'
2026-09-05T19:45:50.178+05:30  INFO 35188 --- [doc-mind] [main] o.s.d.j.r.query.QueryEnhancerFactories   : Hibernate is in classpath; If applicable, HQL parser will be used.
2026-09-05T19:45:51.793+05:30  INFO 35188 --- [doc-mind] [main] r$InitializeUserDetailsManagerConfigurer : Global AuthenticationManager configured with UserDetailsService bean with name userDetailServiceImpl
2026-09-05T19:45:52.040+05:30  WARN 35188 --- [doc-mind] [main] JpaBaseConfiguration$JpaWebConfiguration : spring.jpa.open-in-view is enabled by default. Therefore, database queries may be performed during view rendering. Explicitly configure spring.jpa.open-in-view to disable this warning
2026-09-05T19:45:52.811+05:30  INFO 35188 --- [doc-mind] [main] o.s.b.a.e.web.EndpointLinksResolver      : Exposing 1 endpoint beneath base path '/actuator'
2026-09-05T19:45:52.892+05:30  INFO 35188 --- [doc-mind] [main] o.s.boot.tomcat.TomcatWebServer          : Tomcat started on port 8080 (http) with context path '/'
2026-09-05T19:45:52.901+05:30  INFO 35188 --- [doc-mind] [main] com.pranit.docmind.DocMindApplication    : Started DocMindApplication in 6.723 seconds (process running for 7.075)
2026-09-05T19:45:53.003+05:30  INFO 35188 --- [doc-mind] [main] c.p.d.authentication.seed.AdminSeeder    : Admin user already exists: admin
2026-09-05T19:45:53.025+05:30  INFO 35188 --- [doc-mind] [scheduling-1] c.p.d.document.seed.DocumentSeeder       : Already seeded: java-backend.txt
2026-09-05T19:45:53.025+05:30  INFO 35188 --- [doc-mind] [scheduling-1] c.p.d.document.seed.DocumentSeeder       : Document seeding complete.
2026-09-05T19:46:05.476+05:30  INFO 35188 --- [doc-mind] [http-nio-8080-exec-1] o.a.c.c.C.[Tomcat].[localhost].[/]       : Initializing Spring DispatcherServlet 'dispatcherServlet'
2026-09-05T19:46:05.479+05:30  INFO 35188 --- [doc-mind] [http-nio-8080-exec-1] o.s.web.servlet.DispatcherServlet        : Initializing Servlet 'dispatcherServlet'
2026-09-05T19:46:05.485+05:30  INFO 35188 --- [doc-mind] [http-nio-8080-exec-1] o.s.web.servlet.DispatcherServlet        : Completed initialization in 5 ms
2026-09-05T19:46:35.249+05:30  INFO 35188 --- [doc-mind] [SpringApplicationShutdownHook] o.s.boot.tomcat.GracefulShutdown         : Commencing graceful shutdown. Waiting for active requests to complete
2026-09-05T19:46:35.253+05:30  INFO 35188 --- [doc-mind] [tomcat-shutdown] o.s.boot.tomcat.GracefulShutdown         : Graceful shutdown complete
2026-09-05T19:46:35.269+05:30  INFO 35188 --- [doc-mind] [SpringApplicationShutdownHook] j.LocalContainerEntityManagerFactoryBean : Closing JPA EntityManagerFactory for persistence unit 'default'
2026-09-05T19:46:35.271+05:30  INFO 35188 --- [doc-mind] [SpringApplicationShutdownHook] com.zaxxer.hikari.HikariDataSource       : DocMindHikariPool - Shutdown initiated...
2026-09-05T19:46:35.273+05:30  INFO 35188 --- [doc-mind] [SpringApplicationShutdownHook] com.zaxxer.hikari.HikariDataSource       : DocMindHikariPool - Shutdown completed.
2026-09-05T19:46:38.128+05:30  INFO 25336 --- [doc-mind] [main] com.pranit.docmind.DocMindApplication    : Starting DocMindApplication using Java 25.0.3 with PID 25336 (P:\Backend Development\DocMind\DocMind\docmind-backend\doc-mind\build\classes\java\main started by Pranit in P:\Backend Development\DocMind\DocMind\docmind-backend)
2026-09-05T19:46:38.130+05:30  INFO 25336 --- [doc-mind] [main] com.pranit.docmind.DocMindApplication    : The following 1 profile is active: "dev"
2026-09-05T19:46:38.997+05:30  INFO 25336 --- [doc-mind] [main] .s.d.r.c.RepositoryConfigurationDelegate : Multiple Spring Data modules found, entering strict repository configuration mode
2026-09-05T19:46:38.998+05:30  INFO 25336 --- [doc-mind] [main] .s.d.r.c.RepositoryConfigurationDelegate : Bootstrapping Spring Data JPA repositories in DEFAULT mode.
2026-09-05T19:46:39.116+05:30  INFO 25336 --- [doc-mind] [main] .s.d.r.c.RepositoryConfigurationDelegate : Finished Spring Data repository scanning in 111 ms. Found 7 JPA repository interfaces.
2026-09-05T19:46:39.144+05:30  INFO 25336 --- [doc-mind] [main] .s.d.r.c.RepositoryConfigurationDelegate : Multiple Spring Data modules found, entering strict repository configuration mode
2026-09-05T19:46:39.145+05:30  INFO 25336 --- [doc-mind] [main] .s.d.r.c.RepositoryConfigurationDelegate : Bootstrapping Spring Data Redis repositories in DEFAULT mode.
2026-09-05T19:46:39.165+05:30  INFO 25336 --- [doc-mind] [main] .RepositoryConfigurationExtensionSupport : Spring Data Redis - Could not safely identify store assignment for repository candidate interface com.pranit.docmind.authentication.repository.RefreshTokenRepository; If you want this repository to be a Redis repository, consider annotating your entities with one of these annotations: org.springframework.data.redis.core.RedisHash (preferred), or consider extending one of the following types with your repository: org.springframework.data.keyvalue.repository.KeyValueRepository
2026-09-05T19:46:39.166+05:30  INFO 25336 --- [doc-mind] [main] .RepositoryConfigurationExtensionSupport : Spring Data Redis - Could not safely identify store assignment for repository candidate interface com.pranit.docmind.authentication.repository.UserRepository; If you want this repository to be a Redis repository, consider annotating your entities with one of these annotations: org.springframework.data.redis.core.RedisHash (preferred), or consider extending one of the following types with your repository: org.springframework.data.keyvalue.repository.KeyValueRepository
2026-09-05T19:46:39.166+05:30  INFO 25336 --- [doc-mind] [main] .RepositoryConfigurationExtensionSupport : Spring Data Redis - Could not safely identify store assignment for repository candidate interface com.pranit.docmind.authorization.repository.RoleRepository; If you want this repository to be a Redis repository, consider annotating your entities with one of these annotations: org.springframework.data.redis.core.RedisHash (preferred), or consider extending one of the following types with your repository: org.springframework.data.keyvalue.repository.KeyValueRepository
2026-09-05T19:46:39.166+05:30  INFO 25336 --- [doc-mind] [main] .RepositoryConfigurationExtensionSupport : Spring Data Redis - Could not safely identify store assignment for repository candidate interface com.pranit.docmind.authorization.repository.UserRoleRepository; If you want this repository to be a Redis repository, consider annotating your entities with one of these annotations: org.springframework.data.redis.core.RedisHash (preferred), or consider extending one of the following types with your repository: org.springframework.data.keyvalue.repository.KeyValueRepository
2026-09-05T19:46:39.166+05:30  INFO 25336 --- [doc-mind] [main] .RepositoryConfigurationExtensionSupport : Spring Data Redis - Could not safely identify store assignment for repository candidate interface com.pranit.docmind.document.repository.DocumentRepository; If you want this repository to be a Redis repository, consider annotating your entities with one of these annotations: org.springframework.data.redis.core.RedisHash (preferred), or consider extending one of the following types with your repository: org.springframework.data.keyvalue.repository.KeyValueRepository
2026-09-05T19:46:39.166+05:30  INFO 25336 --- [doc-mind] [main] .RepositoryConfigurationExtensionSupport : Spring Data Redis - Could not safely identify store assignment for repository candidate interface com.pranit.docmind.document.repository.SeedHistoryRepository; If you want this repository to be a Redis repository, consider annotating your entities with one of these annotations: org.springframework.data.redis.core.RedisHash (preferred), or consider extending one of the following types with your repository: org.springframework.data.keyvalue.repository.KeyValueRepository
2026-09-05T19:46:39.167+05:30  INFO 25336 --- [doc-mind] [main] .RepositoryConfigurationExtensionSupport : Spring Data Redis - Could not safely identify store assignment for repository candidate interface com.pranit.docmind.otp.repository.OtpRepository; If you want this repository to be a Redis repository, consider annotating your entities with one of these annotations: org.springframework.data.redis.core.RedisHash (preferred), or consider extending one of the following types with your repository: org.springframework.data.keyvalue.repository.KeyValueRepository
2026-09-05T19:46:39.167+05:30  INFO 25336 --- [doc-mind] [main] .s.d.r.c.RepositoryConfigurationDelegate : Finished Spring Data repository scanning in 15 ms. Found 0 Redis repository interfaces.
2026-09-05T19:46:39.743+05:30  INFO 25336 --- [doc-mind] [main] o.s.boot.tomcat.TomcatWebServer          : Tomcat initialized with port 8080 (http)
2026-09-05T19:46:39.752+05:30  INFO 25336 --- [doc-mind] [main] o.apache.catalina.core.StandardService   : Starting service [Tomcat]
2026-09-05T19:46:39.752+05:30  INFO 25336 --- [doc-mind] [main] o.apache.catalina.core.StandardEngine    : Starting Servlet engine: [Apache Tomcat/11.0.24]
2026-09-05T19:46:39.809+05:30  INFO 25336 --- [doc-mind] [main] b.w.c.s.WebApplicationContextInitializer : Root WebApplicationContext: initialization completed in 1652 ms
2026-09-05T19:46:40.299+05:30  INFO 25336 --- [doc-mind] [main] com.zaxxer.hikari.HikariDataSource       : DocMindHikariPool - Starting...
2026-09-05T19:46:40.405+05:30  INFO 25336 --- [doc-mind] [main] com.zaxxer.hikari.pool.HikariPool        : DocMindHikariPool - Added connection org.postgresql.jdbc.PgConnection@6920fa35
2026-09-05T19:46:40.406+05:30  INFO 25336 --- [doc-mind] [main] com.zaxxer.hikari.HikariDataSource       : DocMindHikariPool - Start completed.
2026-09-05T19:46:40.419+05:30  INFO 25336 --- [doc-mind] [main] org.flywaydb.core.FlywayExecutor         : Database: jdbc:postgresql://localhost:5432/docmind (PostgreSQL 18.4)
2026-09-05T19:46:40.454+05:30  INFO 25336 --- [doc-mind] [main] o.f.core.internal.command.DbValidate     : Successfully validated 2 migrations (execution time 00:00.013s)
2026-09-05T19:46:40.501+05:30  INFO 25336 --- [doc-mind] [main] o.f.core.internal.command.DbMigrate      : Current version of schema "public": 2
2026-09-05T19:46:40.503+05:30  INFO 25336 --- [doc-mind] [main] o.f.core.internal.command.DbMigrate      : Schema "public" is up to date. No migration necessary.
2026-09-05T19:46:40.600+05:30  INFO 25336 --- [doc-mind] [main] org.hibernate.orm.jpa                    : HHH008540: Processing PersistenceUnitInfo [name: default]
2026-09-05T19:46:40.636+05:30  INFO 25336 --- [doc-mind] [main] org.hibernate.orm.core                   : HHH000001: Hibernate ORM core version 7.4.5.Final
2026-09-05T19:46:40.919+05:30  INFO 25336 --- [doc-mind] [main] o.s.o.j.p.SpringPersistenceUnitInfo      : No LoadTimeWeaver setup: ignoring JPA class transformer
2026-09-05T19:46:40.958+05:30  WARN 25336 --- [doc-mind] [main] org.hibernate.orm.deprecation            : HHH90000025: PostgreSQLDialect does not need to be specified explicitly using 'hibernate.dialect' (remove the property setting and it will be selected by default)
2026-09-05T19:46:40.971+05:30  INFO 25336 --- [doc-mind] [main] org.hibernate.orm.connections.pooling    : HHH10001005: Database info:
	Database JDBC URL [jdbc:postgresql://localhost:5432/docmind]
	Database driver: PostgreSQL JDBC Driver
	Database dialect: PostgreSQLDialect
	Database version: 18.4
	Default catalog/schema: docmind/public
	Autocommit mode: undefined/unknown
	Isolation level: READ_COMMITTED [default READ_COMMITTED]
	JDBC fetch size: none
	Pool: DataSourceConnectionProvider
	Minimum pool size: undefined/unknown
	Maximum pool size: undefined/unknown
2026-09-05T19:46:41.712+05:30  INFO 25336 --- [doc-mind] [main] org.hibernate.orm.core                   : HHH000489: No JTA platform available (set 'hibernate.transaction.jta.platform' to enable JTA platform integration)
2026-09-05T19:46:41.750+05:30  INFO 25336 --- [doc-mind] [main] j.LocalContainerEntityManagerFactoryBean : Initialized JPA EntityManagerFactory for persistence unit 'default'
2026-09-05T19:46:41.796+05:30  INFO 25336 --- [doc-mind] [main] o.s.d.j.r.query.QueryEnhancerFactories   : Hibernate is in classpath; If applicable, HQL parser will be used.
2026-09-05T19:46:43.426+05:30  INFO 25336 --- [doc-mind] [main] r$InitializeUserDetailsManagerConfigurer : Global AuthenticationManager configured with UserDetailsService bean with name userDetailServiceImpl
2026-09-05T19:46:43.667+05:30  WARN 25336 --- [doc-mind] [main] JpaBaseConfiguration$JpaWebConfiguration : spring.jpa.open-in-view is enabled by default. Therefore, database queries may be performed during view rendering. Explicitly configure spring.jpa.open-in-view to disable this warning
2026-09-05T19:46:44.454+05:30  INFO 25336 --- [doc-mind] [main] o.s.b.a.e.web.EndpointLinksResolver      : Exposing 1 endpoint beneath base path '/actuator'
2026-09-05T19:46:44.537+05:30  INFO 25336 --- [doc-mind] [main] o.s.boot.tomcat.TomcatWebServer          : Tomcat started on port 8080 (http) with context path '/'
2026-09-05T19:46:44.548+05:30  INFO 25336 --- [doc-mind] [main] com.pranit.docmind.DocMindApplication    : Started DocMindApplication in 6.705 seconds (process running for 7.041)
2026-09-05T19:46:44.658+05:30  INFO 25336 --- [doc-mind] [main] c.p.d.authentication.seed.AdminSeeder    : Admin user already exists: admin
2026-09-05T19:46:44.682+05:30  INFO 25336 --- [doc-mind] [scheduling-1] c.p.d.document.seed.DocumentSeeder       : Already seeded: java-backend.txt
2026-09-05T19:46:44.682+05:30  INFO 25336 --- [doc-mind] [scheduling-1] c.p.d.document.seed.DocumentSeeder       : Document seeding complete.
2026-09-05T19:47:12.224+05:30  INFO 25336 --- [doc-mind] [http-nio-8080-exec-2] o.a.c.c.C.[Tomcat].[localhost].[/]       : Initializing Spring DispatcherServlet 'dispatcherServlet'
2026-09-05T19:47:12.224+05:30  INFO 25336 --- [doc-mind] [http-nio-8080-exec-2] o.s.web.servlet.DispatcherServlet        : Initializing Servlet 'dispatcherServlet'
2026-09-05T19:47:12.235+05:30  INFO 25336 --- [doc-mind] [http-nio-8080-exec-2] o.s.web.servlet.DispatcherServlet        : Completed initialization in 11 ms
2026-09-05T19:47:12.353+05:30  INFO 25336 --- [doc-mind] [http-nio-8080-exec-2] c.p.d.s.s.impl.ResolveAccessTokenImpl    : Fetching access token from request
2026-09-05T19:47:15.401+05:30  INFO 25336 --- [doc-mind] [http-nio-8080-exec-2] c.p.docmind.aop.aspect.LoggingAspect     : Initiating to execute method: loadUserByUsername
2026-09-05T19:47:15.665+05:30  INFO 25336 --- [doc-mind] [http-nio-8080-exec-2] c.p.docmind.aop.aspect.LoggingAspect     : Completed successfully method: loadUserByUsername
2026-09-05T19:47:16.373+05:30  INFO 25336 --- [doc-mind] [http-nio-8080-exec-7] c.p.d.s.s.impl.ResolveAccessTokenImpl    : Fetching access token from request
2026-09-05T19:47:16.402+05:30  INFO 25336 --- [doc-mind] [http-nio-8080-exec-7] c.p.docmind.aop.aspect.LoggingAspect     : Initiating to execute method: loadUserByUsername
2026-09-05T19:47:16.409+05:30  INFO 25336 --- [doc-mind] [http-nio-8080-exec-7] c.p.docmind.aop.aspect.LoggingAspect     : Completed successfully method: loadUserByUsername
2026-09-05T19:47:18.769+05:30  INFO 25336 --- [doc-mind] [http-nio-8080-exec-3] c.p.docmind.aop.aspect.LoggingAspect     : Initiating to execute method: authenticateUser
2026-09-05T19:47:19.082+05:30  INFO 25336 --- [doc-mind] [http-nio-8080-exec-3] c.p.docmind.aop.aspect.LoggingAspect     : Initiating to execute method: loadUserByUsername
2026-09-05T19:47:19.097+05:30  INFO 25336 --- [doc-mind] [http-nio-8080-exec-3] c.p.docmind.aop.aspect.LoggingAspect     : Completed successfully method: loadUserByUsername
2026-09-05T19:47:19.893+05:30  INFO 25336 --- [doc-mind] [http-nio-8080-exec-3] c.p.d.a.service.impl.LoginServiceImpl    : User logged in successfully userId: 6a5417f9-224a-4574-bd57-63826598ef00
2026-09-05T19:47:19.895+05:30  INFO 25336 --- [doc-mind] [http-nio-8080-exec-3] c.p.docmind.aop.aspect.LoggingAspect     : Completed successfully method: authenticateUser
2026-09-05T19:47:20.059+05:30  INFO 25336 --- [doc-mind] [http-nio-8080-exec-4] c.p.d.s.s.impl.ResolveAccessTokenImpl    : Fetching access token from request
2026-09-05T19:47:20.068+05:30  INFO 25336 --- [doc-mind] [http-nio-8080-exec-4] c.p.docmind.aop.aspect.LoggingAspect     : Initiating to execute method: loadUserByUsername
2026-09-05T19:47:20.077+05:30  INFO 25336 --- [doc-mind] [http-nio-8080-exec-4] c.p.docmind.aop.aspect.LoggingAspect     : Completed successfully method: loadUserByUsername
2026-09-05T19:47:20.084+05:30  INFO 25336 --- [doc-mind] [http-nio-8080-exec-4] c.p.docmind.aop.aspect.LoggingAspect     : Initiating to execute method: getCurrentUser
2026-09-05T19:47:20.087+05:30  INFO 25336 --- [doc-mind] [http-nio-8080-exec-4] c.p.docmind.aop.aspect.LoggingAspect     : Completed successfully method: getCurrentUser
2026-09-05T19:47:20.093+05:30  INFO 25336 --- [doc-mind] [http-nio-8080-exec-5] c.p.d.s.s.impl.ResolveAccessTokenImpl    : Fetching access token from request
2026-09-05T19:47:20.108+05:30  INFO 25336 --- [doc-mind] [http-nio-8080-exec-5] c.p.docmind.aop.aspect.LoggingAspect     : Initiating to execute method: loadUserByUsername
2026-09-05T19:47:20.135+05:30  INFO 25336 --- [doc-mind] [http-nio-8080-exec-5] c.p.docmind.aop.aspect.LoggingAspect     : Completed successfully method: loadUserByUsername
2026-09-05T19:47:20.213+05:30  INFO 25336 --- [doc-mind] [http-nio-8080-exec-6] c.p.d.s.s.impl.ResolveAccessTokenImpl    : Fetching access token from request
2026-09-05T19:47:20.228+05:30  INFO 25336 --- [doc-mind] [http-nio-8080-exec-6] c.p.docmind.aop.aspect.LoggingAspect     : Initiating to execute method: loadUserByUsername
2026-09-05T19:47:20.237+05:30  INFO 25336 --- [doc-mind] [http-nio-8080-exec-6] c.p.docmind.aop.aspect.LoggingAspect     : Completed successfully method: loadUserByUsername
2026-09-05T19:47:20.237+05:30  INFO 25336 --- [doc-mind] [http-nio-8080-exec-6] c.p.docmind.aop.aspect.LoggingAspect     : Initiating to execute method: getCurrentUser
2026-09-05T19:47:20.237+05:30  INFO 25336 --- [doc-mind] [http-nio-8080-exec-6] c.p.docmind.aop.aspect.LoggingAspect     : Completed successfully method: getCurrentUser
2026-09-05T19:47:20.269+05:30  INFO 25336 --- [doc-mind] [http-nio-8080-exec-5] c.p.docmind.aop.aspect.LoggingAspect     : Initiating to execute method: fetchDocuments
2026-09-05T19:47:20.430+05:30  INFO 25336 --- [doc-mind] [http-nio-8080-exec-5] c.p.docmind.aop.aspect.LoggingAspect     : Completed successfully method: fetchDocuments
2026-09-05T19:48:28.823+05:30  INFO 25336 --- [doc-mind] [SpringApplicationShutdownHook] o.s.boot.tomcat.GracefulShutdown         : Commencing graceful shutdown. Waiting for active requests to complete
2026-09-05T19:48:28.826+05:30  INFO 25336 --- [doc-mind] [tomcat-shutdown] o.s.boot.tomcat.GracefulShutdown         : Graceful shutdown complete
2026-09-05T19:48:28.845+05:30  INFO 25336 --- [doc-mind] [SpringApplicationShutdownHook] j.LocalContainerEntityManagerFactoryBean : Closing JPA EntityManagerFactory for persistence unit 'default'
2026-09-05T19:48:28.847+05:30  INFO 25336 --- [doc-mind] [SpringApplicationShutdownHook] com.zaxxer.hikari.HikariDataSource       : DocMindHikariPool - Shutdown initiated...
2026-09-05T19:48:28.848+05:30  INFO 25336 --- [doc-mind] [SpringApplicationShutdownHook] com.zaxxer.hikari.HikariDataSource       : DocMindHikariPool - Shutdown completed.
2026-09-05T19:48:31.813+05:30  INFO 13500 --- [doc-mind] [main] com.pranit.docmind.DocMindApplication    : Starting DocMindApplication using Java 25.0.3 with PID 13500 (P:\Backend Development\DocMind\DocMind\docmind-backend\doc-mind\build\classes\java\main started by Pranit in P:\Backend Development\DocMind\DocMind\docmind-backend)
2026-09-05T19:48:31.815+05:30  INFO 13500 --- [doc-mind] [main] com.pranit.docmind.DocMindApplication    : The following 1 profile is active: "dev"
2026-09-05T19:48:32.717+05:30  INFO 13500 --- [doc-mind] [main] .s.d.r.c.RepositoryConfigurationDelegate : Multiple Spring Data modules found, entering strict repository configuration mode
2026-09-05T19:48:32.719+05:30  INFO 13500 --- [doc-mind] [main] .s.d.r.c.RepositoryConfigurationDelegate : Bootstrapping Spring Data JPA repositories in DEFAULT mode.
2026-09-05T19:48:32.837+05:30  INFO 13500 --- [doc-mind] [main] .s.d.r.c.RepositoryConfigurationDelegate : Finished Spring Data repository scanning in 113 ms. Found 7 JPA repository interfaces.
2026-09-05T19:48:32.866+05:30  INFO 13500 --- [doc-mind] [main] .s.d.r.c.RepositoryConfigurationDelegate : Multiple Spring Data modules found, entering strict repository configuration mode
2026-09-05T19:48:32.867+05:30  INFO 13500 --- [doc-mind] [main] .s.d.r.c.RepositoryConfigurationDelegate : Bootstrapping Spring Data Redis repositories in DEFAULT mode.
2026-09-05T19:48:32.886+05:30  INFO 13500 --- [doc-mind] [main] .RepositoryConfigurationExtensionSupport : Spring Data Redis - Could not safely identify store assignment for repository candidate interface com.pranit.docmind.authentication.repository.RefreshTokenRepository; If you want this repository to be a Redis repository, consider annotating your entities with one of these annotations: org.springframework.data.redis.core.RedisHash (preferred), or consider extending one of the following types with your repository: org.springframework.data.keyvalue.repository.KeyValueRepository
2026-09-05T19:48:32.888+05:30  INFO 13500 --- [doc-mind] [main] .RepositoryConfigurationExtensionSupport : Spring Data Redis - Could not safely identify store assignment for repository candidate interface com.pranit.docmind.authentication.repository.UserRepository; If you want this repository to be a Redis repository, consider annotating your entities with one of these annotations: org.springframework.data.redis.core.RedisHash (preferred), or consider extending one of the following types with your repository: org.springframework.data.keyvalue.repository.KeyValueRepository
2026-09-05T19:48:32.888+05:30  INFO 13500 --- [doc-mind] [main] .RepositoryConfigurationExtensionSupport : Spring Data Redis - Could not safely identify store assignment for repository candidate interface com.pranit.docmind.authorization.repository.RoleRepository; If you want this repository to be a Redis repository, consider annotating your entities with one of these annotations: org.springframework.data.redis.core.RedisHash (preferred), or consider extending one of the following types with your repository: org.springframework.data.keyvalue.repository.KeyValueRepository
2026-09-05T19:48:32.888+05:30  INFO 13500 --- [doc-mind] [main] .RepositoryConfigurationExtensionSupport : Spring Data Redis - Could not safely identify store assignment for repository candidate interface com.pranit.docmind.authorization.repository.UserRoleRepository; If you want this repository to be a Redis repository, consider annotating your entities with one of these annotations: org.springframework.data.redis.core.RedisHash (preferred), or consider extending one of the following types with your repository: org.springframework.data.keyvalue.repository.KeyValueRepository
2026-09-05T19:48:32.888+05:30  INFO 13500 --- [doc-mind] [main] .RepositoryConfigurationExtensionSupport : Spring Data Redis - Could not safely identify store assignment for repository candidate interface com.pranit.docmind.document.repository.DocumentRepository; If you want this repository to be a Redis repository, consider annotating your entities with one of these annotations: org.springframework.data.redis.core.RedisHash (preferred), or consider extending one of the following types with your repository: org.springframework.data.keyvalue.repository.KeyValueRepository
2026-09-05T19:48:32.888+05:30  INFO 13500 --- [doc-mind] [main] .RepositoryConfigurationExtensionSupport : Spring Data Redis - Could not safely identify store assignment for repository candidate interface com.pranit.docmind.document.repository.SeedHistoryRepository; If you want this repository to be a Redis repository, consider annotating your entities with one of these annotations: org.springframework.data.redis.core.RedisHash (preferred), or consider extending one of the following types with your repository: org.springframework.data.keyvalue.repository.KeyValueRepository
2026-09-05T19:48:32.888+05:30  INFO 13500 --- [doc-mind] [main] .RepositoryConfigurationExtensionSupport : Spring Data Redis - Could not safely identify store assignment for repository candidate interface com.pranit.docmind.otp.repository.OtpRepository; If you want this repository to be a Redis repository, consider annotating your entities with one of these annotations: org.springframework.data.redis.core.RedisHash (preferred), or consider extending one of the following types with your repository: org.springframework.data.keyvalue.repository.KeyValueRepository
2026-09-05T19:48:32.888+05:30  INFO 13500 --- [doc-mind] [main] .s.d.r.c.RepositoryConfigurationDelegate : Finished Spring Data repository scanning in 15 ms. Found 0 Redis repository interfaces.
2026-09-05T19:48:33.476+05:30  INFO 13500 --- [doc-mind] [main] o.s.boot.tomcat.TomcatWebServer          : Tomcat initialized with port 8080 (http)
2026-09-05T19:48:33.493+05:30  INFO 13500 --- [doc-mind] [main] o.apache.catalina.core.StandardService   : Starting service [Tomcat]
2026-09-05T19:48:33.494+05:30  INFO 13500 --- [doc-mind] [main] o.apache.catalina.core.StandardEngine    : Starting Servlet engine: [Apache Tomcat/11.0.24]
2026-09-05T19:48:33.551+05:30  INFO 13500 --- [doc-mind] [main] b.w.c.s.WebApplicationContextInitializer : Root WebApplicationContext: initialization completed in 1711 ms
2026-09-05T19:48:34.050+05:30  INFO 13500 --- [doc-mind] [main] com.zaxxer.hikari.HikariDataSource       : DocMindHikariPool - Starting...
2026-09-05T19:48:34.165+05:30  INFO 13500 --- [doc-mind] [main] com.zaxxer.hikari.pool.HikariPool        : DocMindHikariPool - Added connection org.postgresql.jdbc.PgConnection@6920fa35
2026-09-05T19:48:34.166+05:30  INFO 13500 --- [doc-mind] [main] com.zaxxer.hikari.HikariDataSource       : DocMindHikariPool - Start completed.
2026-09-05T19:48:34.180+05:30  INFO 13500 --- [doc-mind] [main] org.flywaydb.core.FlywayExecutor         : Database: jdbc:postgresql://localhost:5432/docmind (PostgreSQL 18.4)
2026-09-05T19:48:34.219+05:30  INFO 13500 --- [doc-mind] [main] o.f.core.internal.command.DbValidate     : Successfully validated 2 migrations (execution time 00:00.014s)
2026-09-05T19:48:34.257+05:30  INFO 13500 --- [doc-mind] [main] o.f.core.internal.command.DbMigrate      : Current version of schema "public": 2
2026-09-05T19:48:34.259+05:30  INFO 13500 --- [doc-mind] [main] o.f.core.internal.command.DbMigrate      : Schema "public" is up to date. No migration necessary.
2026-09-05T19:48:34.360+05:30  INFO 13500 --- [doc-mind] [main] org.hibernate.orm.jpa                    : HHH008540: Processing PersistenceUnitInfo [name: default]
2026-09-05T19:48:34.398+05:30  INFO 13500 --- [doc-mind] [main] org.hibernate.orm.core                   : HHH000001: Hibernate ORM core version 7.4.5.Final
2026-09-05T19:48:34.782+05:30  INFO 13500 --- [doc-mind] [main] o.s.o.j.p.SpringPersistenceUnitInfo      : No LoadTimeWeaver setup: ignoring JPA class transformer
2026-09-05T19:48:34.834+05:30  WARN 13500 --- [doc-mind] [main] org.hibernate.orm.deprecation            : HHH90000025: PostgreSQLDialect does not need to be specified explicitly using 'hibernate.dialect' (remove the property setting and it will be selected by default)
2026-09-05T19:48:34.850+05:30  INFO 13500 --- [doc-mind] [main] org.hibernate.orm.connections.pooling    : HHH10001005: Database info:
	Database JDBC URL [jdbc:postgresql://localhost:5432/docmind]
	Database driver: PostgreSQL JDBC Driver
	Database dialect: PostgreSQLDialect
	Database version: 18.4
	Default catalog/schema: docmind/public
	Autocommit mode: undefined/unknown
	Isolation level: READ_COMMITTED [default READ_COMMITTED]
	JDBC fetch size: none
	Pool: DataSourceConnectionProvider
	Minimum pool size: undefined/unknown
	Maximum pool size: undefined/unknown
2026-09-05T19:48:35.643+05:30  INFO 13500 --- [doc-mind] [main] org.hibernate.orm.core                   : HHH000489: No JTA platform available (set 'hibernate.transaction.jta.platform' to enable JTA platform integration)
2026-09-05T19:48:35.682+05:30  INFO 13500 --- [doc-mind] [main] j.LocalContainerEntityManagerFactoryBean : Initialized JPA EntityManagerFactory for persistence unit 'default'
2026-09-05T19:48:35.729+05:30  INFO 13500 --- [doc-mind] [main] o.s.d.j.r.query.QueryEnhancerFactories   : Hibernate is in classpath; If applicable, HQL parser will be used.
2026-09-05T19:48:37.431+05:30  INFO 13500 --- [doc-mind] [main] r$InitializeUserDetailsManagerConfigurer : Global AuthenticationManager configured with UserDetailsService bean with name userDetailServiceImpl
2026-09-05T19:48:37.738+05:30  WARN 13500 --- [doc-mind] [main] JpaBaseConfiguration$JpaWebConfiguration : spring.jpa.open-in-view is enabled by default. Therefore, database queries may be performed during view rendering. Explicitly configure spring.jpa.open-in-view to disable this warning
2026-09-05T19:48:38.551+05:30  INFO 13500 --- [doc-mind] [main] o.s.b.a.e.web.EndpointLinksResolver      : Exposing 1 endpoint beneath base path '/actuator'
2026-09-05T19:48:38.636+05:30  INFO 13500 --- [doc-mind] [main] o.s.boot.tomcat.TomcatWebServer          : Tomcat started on port 8080 (http) with context path '/'
2026-09-05T19:48:38.647+05:30  INFO 13500 --- [doc-mind] [main] com.pranit.docmind.DocMindApplication    : Started DocMindApplication in 7.145 seconds (process running for 7.516)
2026-09-05T19:48:38.761+05:30  INFO 13500 --- [doc-mind] [main] c.p.d.authentication.seed.AdminSeeder    : Admin user already exists: admin
2026-09-05T19:48:38.785+05:30  INFO 13500 --- [doc-mind] [scheduling-1] c.p.d.document.seed.DocumentSeeder       : Already seeded: java-backend.txt
2026-09-05T19:48:38.785+05:30  INFO 13500 --- [doc-mind] [scheduling-1] c.p.d.document.seed.DocumentSeeder       : Document seeding complete.
2026-09-05T19:51:18.152+05:30  INFO 13500 --- [doc-mind] [http-nio-8080-exec-1] o.a.c.c.C.[Tomcat].[localhost].[/]       : Initializing Spring DispatcherServlet 'dispatcherServlet'
2026-09-05T19:51:18.152+05:30  INFO 13500 --- [doc-mind] [http-nio-8080-exec-1] o.s.web.servlet.DispatcherServlet        : Initializing Servlet 'dispatcherServlet'
2026-09-05T19:51:18.158+05:30  INFO 13500 --- [doc-mind] [http-nio-8080-exec-1] o.s.web.servlet.DispatcherServlet        : Completed initialization in 5 ms
2026-09-05T19:51:18.280+05:30  INFO 13500 --- [doc-mind] [http-nio-8080-exec-10] c.p.d.s.s.impl.ResolveAccessTokenImpl    : Fetching access token from request
2026-09-05T19:51:18.280+05:30  INFO 13500 --- [doc-mind] [http-nio-8080-exec-1] c.p.d.s.s.impl.ResolveAccessTokenImpl    : Fetching access token from request
2026-09-05T19:51:19.965+05:30  INFO 13500 --- [doc-mind] [http-nio-8080-exec-1] c.p.docmind.aop.aspect.LoggingAspect     : Initiating to execute method: loadUserByUsername
2026-09-05T19:51:19.965+05:30  INFO 13500 --- [doc-mind] [http-nio-8080-exec-10] c.p.docmind.aop.aspect.LoggingAspect     : Initiating to execute method: loadUserByUsername
2026-09-05T19:51:20.176+05:30  INFO 13500 --- [doc-mind] [http-nio-8080-exec-1] c.p.docmind.aop.aspect.LoggingAspect     : Completed successfully method: loadUserByUsername
2026-09-05T19:51:20.177+05:30  INFO 13500 --- [doc-mind] [http-nio-8080-exec-10] c.p.docmind.aop.aspect.LoggingAspect     : Completed successfully method: loadUserByUsername
2026-09-05T19:51:20.283+05:30  INFO 13500 --- [doc-mind] [http-nio-8080-exec-10] c.p.docmind.aop.aspect.LoggingAspect     : Initiating to execute method: getCurrentUser
2026-09-05T19:51:20.286+05:30  INFO 13500 --- [doc-mind] [http-nio-8080-exec-10] c.p.docmind.aop.aspect.LoggingAspect     : Completed successfully method: getCurrentUser
2026-09-05T19:51:20.342+05:30  INFO 13500 --- [doc-mind] [http-nio-8080-exec-1] c.p.docmind.aop.aspect.LoggingAspect     : Initiating to execute method: fetchDocuments
2026-09-05T19:51:20.498+05:30  INFO 13500 --- [doc-mind] [http-nio-8080-exec-1] c.p.docmind.aop.aspect.LoggingAspect     : Completed successfully method: fetchDocuments
2026-09-05T19:51:20.913+05:30  INFO 13500 --- [doc-mind] [http-nio-8080-exec-2] c.p.d.s.s.impl.ResolveAccessTokenImpl    : Fetching access token from request
2026-09-05T19:51:20.931+05:30  INFO 13500 --- [doc-mind] [http-nio-8080-exec-2] c.p.docmind.aop.aspect.LoggingAspect     : Initiating to execute method: loadUserByUsername
2026-09-05T19:51:20.939+05:30  INFO 13500 --- [doc-mind] [http-nio-8080-exec-2] c.p.docmind.aop.aspect.LoggingAspect     : Completed successfully method: loadUserByUsername
2026-09-05T19:51:20.946+05:30  INFO 13500 --- [doc-mind] [http-nio-8080-exec-2] c.p.docmind.aop.aspect.LoggingAspect     : Initiating to execute method: fetchDocuments
2026-09-05T19:51:20.957+05:30  INFO 13500 --- [doc-mind] [http-nio-8080-exec-2] c.p.docmind.aop.aspect.LoggingAspect     : Completed successfully method: fetchDocuments
2026-09-05T19:51:23.949+05:30  INFO 13500 --- [doc-mind] [http-nio-8080-exec-5] c.p.d.s.s.impl.ResolveAccessTokenImpl    : Fetching access token from request
2026-09-05T19:51:23.949+05:30  INFO 13500 --- [doc-mind] [http-nio-8080-exec-7] c.p.d.s.s.impl.ResolveAccessTokenImpl    : Fetching access token from request
2026-09-05T19:51:23.962+05:30  INFO 13500 --- [doc-mind] [http-nio-8080-exec-5] c.p.docmind.aop.aspect.LoggingAspect     : Initiating to execute method: loadUserByUsername
2026-09-05T19:51:23.962+05:30  INFO 13500 --- [doc-mind] [http-nio-8080-exec-7] c.p.docmind.aop.aspect.LoggingAspect     : Initiating to execute method: loadUserByUsername
2026-09-05T19:51:23.970+05:30  INFO 13500 --- [doc-mind] [http-nio-8080-exec-5] c.p.docmind.aop.aspect.LoggingAspect     : Completed successfully method: loadUserByUsername
2026-09-05T19:51:23.970+05:30  INFO 13500 --- [doc-mind] [http-nio-8080-exec-7] c.p.docmind.aop.aspect.LoggingAspect     : Completed successfully method: loadUserByUsername
2026-09-05T19:51:23.980+05:30  INFO 13500 --- [doc-mind] [http-nio-8080-exec-7] c.p.docmind.aop.aspect.LoggingAspect     : Initiating to execute method: getCurrentUser
2026-09-05T19:51:23.981+05:30  INFO 13500 --- [doc-mind] [http-nio-8080-exec-7] c.p.docmind.aop.aspect.LoggingAspect     : Completed successfully method: getCurrentUser
2026-09-05T19:51:23.983+05:30  INFO 13500 --- [doc-mind] [http-nio-8080-exec-5] c.p.docmind.aop.aspect.LoggingAspect     : Initiating to execute method: fetchDocuments
2026-09-05T19:51:23.993+05:30  INFO 13500 --- [doc-mind] [http-nio-8080-exec-5] c.p.docmind.aop.aspect.LoggingAspect     : Completed successfully method: fetchDocuments
2026-09-05T19:51:24.011+05:30  INFO 13500 --- [doc-mind] [http-nio-8080-exec-6] c.p.d.s.s.impl.ResolveAccessTokenImpl    : Fetching access token from request
2026-09-05T19:51:24.021+05:30  INFO 13500 --- [doc-mind] [http-nio-8080-exec-6] c.p.docmind.aop.aspect.LoggingAspect     : Initiating to execute method: loadUserByUsername
2026-09-05T19:51:24.028+05:30  INFO 13500 --- [doc-mind] [http-nio-8080-exec-6] c.p.docmind.aop.aspect.LoggingAspect     : Completed successfully method: loadUserByUsername
2026-09-05T19:51:24.036+05:30  INFO 13500 --- [doc-mind] [http-nio-8080-exec-6] c.p.docmind.aop.aspect.LoggingAspect     : Initiating to execute method: fetchDocuments
2026-09-05T19:51:24.045+05:30  INFO 13500 --- [doc-mind] [http-nio-8080-exec-6] c.p.docmind.aop.aspect.LoggingAspect     : Completed successfully method: fetchDocuments
2026-09-05T19:54:12.975+05:30  INFO 13500 --- [doc-mind] [http-nio-8080-exec-8] c.p.d.s.s.impl.ResolveAccessTokenImpl    : Fetching access token from request
2026-09-05T19:54:12.977+05:30  INFO 13500 --- [doc-mind] [http-nio-8080-exec-9] c.p.d.s.s.impl.ResolveAccessTokenImpl    : Fetching access token from request
2026-09-05T19:54:12.987+05:30  INFO 13500 --- [doc-mind] [http-nio-8080-exec-9] c.p.docmind.aop.aspect.LoggingAspect     : Initiating to execute method: loadUserByUsername
2026-09-05T19:54:12.987+05:30  INFO 13500 --- [doc-mind] [http-nio-8080-exec-8] c.p.docmind.aop.aspect.LoggingAspect     : Initiating to execute method: loadUserByUsername
2026-09-05T19:54:12.994+05:30  INFO 13500 --- [doc-mind] [http-nio-8080-exec-8] c.p.docmind.aop.aspect.LoggingAspect     : Completed successfully method: loadUserByUsername
2026-09-05T19:54:12.994+05:30  INFO 13500 --- [doc-mind] [http-nio-8080-exec-9] c.p.docmind.aop.aspect.LoggingAspect     : Completed successfully method: loadUserByUsername
2026-09-05T19:54:12.997+05:30  INFO 13500 --- [doc-mind] [http-nio-8080-exec-9] c.p.docmind.aop.aspect.LoggingAspect     : Initiating to execute method: getCurrentUser
2026-09-05T19:54:12.997+05:30  INFO 13500 --- [doc-mind] [http-nio-8080-exec-9] c.p.docmind.aop.aspect.LoggingAspect     : Completed successfully method: getCurrentUser
2026-09-05T19:54:12.997+05:30  INFO 13500 --- [doc-mind] [http-nio-8080-exec-8] c.p.docmind.aop.aspect.LoggingAspect     : Initiating to execute method: fetchDocuments
2026-09-05T19:54:13.017+05:30  INFO 13500 --- [doc-mind] [http-nio-8080-exec-4] c.p.d.s.s.impl.ResolveAccessTokenImpl    : Fetching access token from request
2026-09-05T19:54:13.017+05:30  INFO 13500 --- [doc-mind] [http-nio-8080-exec-8] c.p.docmind.aop.aspect.LoggingAspect     : Completed successfully method: fetchDocuments
2026-09-05T19:54:13.036+05:30  INFO 13500 --- [doc-mind] [http-nio-8080-exec-10] c.p.d.s.s.impl.ResolveAccessTokenImpl    : Fetching access token from request
2026-09-05T19:54:13.046+05:30  INFO 13500 --- [doc-mind] [http-nio-8080-exec-4] c.p.docmind.aop.aspect.LoggingAspect     : Initiating to execute method: loadUserByUsername
2026-09-05T19:54:13.059+05:30  INFO 13500 --- [doc-mind] [http-nio-8080-exec-4] c.p.docmind.aop.aspect.LoggingAspect     : Completed successfully method: loadUserByUsername
2026-09-05T19:54:13.063+05:30  INFO 13500 --- [doc-mind] [http-nio-8080-exec-10] c.p.docmind.aop.aspect.LoggingAspect     : Initiating to execute method: loadUserByUsername
2026-09-05T19:54:13.063+05:30  INFO 13500 --- [doc-mind] [http-nio-8080-exec-4] c.p.docmind.aop.aspect.LoggingAspect     : Initiating to execute method: getCurrentUser
2026-09-05T19:54:13.063+05:30  INFO 13500 --- [doc-mind] [http-nio-8080-exec-4] c.p.docmind.aop.aspect.LoggingAspect     : Completed successfully method: getCurrentUser
2026-09-05T19:54:13.078+05:30  INFO 13500 --- [doc-mind] [http-nio-8080-exec-10] c.p.docmind.aop.aspect.LoggingAspect     : Completed successfully method: loadUserByUsername
2026-09-05T19:54:13.084+05:30  INFO 13500 --- [doc-mind] [http-nio-8080-exec-10] c.p.docmind.aop.aspect.LoggingAspect     : Initiating to execute method: fetchDocuments
2026-09-05T19:54:13.101+05:30  INFO 13500 --- [doc-mind] [http-nio-8080-exec-10] c.p.docmind.aop.aspect.LoggingAspect     : Completed successfully method: fetchDocuments
2026-09-05T19:54:40.309+05:30  INFO 13500 --- [doc-mind] [http-nio-8080-exec-7] c.p.docmind.aop.aspect.LoggingAspect     : Initiating to execute method: authenticateUser
2026-09-05T19:54:40.581+05:30  INFO 13500 --- [doc-mind] [http-nio-8080-exec-7] c.p.docmind.aop.aspect.LoggingAspect     : Initiating to execute method: loadUserByUsername
2026-09-05T19:54:40.597+05:30  INFO 13500 --- [doc-mind] [http-nio-8080-exec-7] c.p.docmind.aop.aspect.LoggingAspect     : Completed successfully method: loadUserByUsername
2026-09-05T19:54:41.302+05:30  INFO 13500 --- [doc-mind] [http-nio-8080-exec-7] c.p.d.a.service.impl.LoginServiceImpl    : User logged in successfully userId: 6a5417f9-224a-4574-bd57-63826598ef00
2026-09-05T19:54:41.309+05:30  INFO 13500 --- [doc-mind] [http-nio-8080-exec-7] c.p.docmind.aop.aspect.LoggingAspect     : Completed successfully method: authenticateUser
2026-09-05T19:54:41.402+05:30  INFO 13500 --- [doc-mind] [http-nio-8080-exec-6] c.p.d.s.s.impl.ResolveAccessTokenImpl    : Fetching access token from request
2026-09-05T19:54:41.413+05:30  INFO 13500 --- [doc-mind] [http-nio-8080-exec-6] c.p.docmind.aop.aspect.LoggingAspect     : Initiating to execute method: loadUserByUsername
2026-09-05T19:54:41.421+05:30  INFO 13500 --- [doc-mind] [http-nio-8080-exec-6] c.p.docmind.aop.aspect.LoggingAspect     : Completed successfully method: loadUserByUsername
2026-09-05T19:54:41.427+05:30  INFO 13500 --- [doc-mind] [http-nio-8080-exec-6] c.p.docmind.aop.aspect.LoggingAspect     : Initiating to execute method: getCurrentUser
2026-09-05T19:54:41.428+05:30  INFO 13500 --- [doc-mind] [http-nio-8080-exec-6] c.p.docmind.aop.aspect.LoggingAspect     : Completed successfully method: getCurrentUser
2026-09-05T19:54:41.447+05:30  INFO 13500 --- [doc-mind] [http-nio-8080-exec-8] c.p.d.s.s.impl.ResolveAccessTokenImpl    : Fetching access token from request
2026-09-05T19:54:41.448+05:30  INFO 13500 --- [doc-mind] [http-nio-8080-exec-9] c.p.d.s.s.impl.ResolveAccessTokenImpl    : Fetching access token from request
2026-09-05T19:54:41.456+05:30  INFO 13500 --- [doc-mind] [http-nio-8080-exec-8] c.p.docmind.aop.aspect.LoggingAspect     : Initiating to execute method: loadUserByUsername
2026-09-05T19:54:41.457+05:30  INFO 13500 --- [doc-mind] [http-nio-8080-exec-9] c.p.docmind.aop.aspect.LoggingAspect     : Initiating to execute method: loadUserByUsername
2026-09-05T19:54:41.463+05:30  INFO 13500 --- [doc-mind] [http-nio-8080-exec-9] c.p.docmind.aop.aspect.LoggingAspect     : Completed successfully method: loadUserByUsername
2026-09-05T19:54:41.463+05:30  INFO 13500 --- [doc-mind] [http-nio-8080-exec-8] c.p.docmind.aop.aspect.LoggingAspect     : Completed successfully method: loadUserByUsername
2026-09-05T19:54:41.468+05:30  INFO 13500 --- [doc-mind] [http-nio-8080-exec-8] c.p.docmind.aop.aspect.LoggingAspect     : Initiating to execute method: getCurrentUser
2026-09-05T19:54:41.468+05:30  INFO 13500 --- [doc-mind] [http-nio-8080-exec-8] c.p.docmind.aop.aspect.LoggingAspect     : Completed successfully method: getCurrentUser
2026-09-05T19:54:41.469+05:30  INFO 13500 --- [doc-mind] [http-nio-8080-exec-9] c.p.docmind.aop.aspect.LoggingAspect     : Initiating to execute method: fetchDocuments
2026-09-05T19:54:41.479+05:30  INFO 13500 --- [doc-mind] [http-nio-8080-exec-9] c.p.docmind.aop.aspect.LoggingAspect     : Completed successfully method: fetchDocuments
2026-09-05T19:56:04.504+05:30  INFO 13500 --- [doc-mind] [http-nio-8080-exec-4] c.p.d.s.s.impl.ResolveAccessTokenImpl    : Fetching access token from request
2026-09-05T19:56:04.507+05:30  INFO 13500 --- [doc-mind] [http-nio-8080-exec-10] c.p.d.s.s.impl.ResolveAccessTokenImpl    : Fetching access token from request
2026-09-05T19:56:04.513+05:30  INFO 13500 --- [doc-mind] [http-nio-8080-exec-10] c.p.docmind.aop.aspect.LoggingAspect     : Initiating to execute method: loadUserByUsername
2026-09-05T19:56:04.513+05:30  INFO 13500 --- [doc-mind] [http-nio-8080-exec-4] c.p.docmind.aop.aspect.LoggingAspect     : Initiating to execute method: loadUserByUsername
2026-09-05T19:56:04.518+05:30  INFO 13500 --- [doc-mind] [http-nio-8080-exec-4] c.p.docmind.aop.aspect.LoggingAspect     : Completed successfully method: loadUserByUsername
2026-09-05T19:56:04.518+05:30  INFO 13500 --- [doc-mind] [http-nio-8080-exec-10] c.p.docmind.aop.aspect.LoggingAspect     : Completed successfully method: loadUserByUsername
2026-09-05T19:56:04.522+05:30  INFO 13500 --- [doc-mind] [http-nio-8080-exec-10] c.p.docmind.aop.aspect.LoggingAspect     : Initiating to execute method: getCurrentUser
2026-09-05T19:56:04.523+05:30  INFO 13500 --- [doc-mind] [http-nio-8080-exec-10] c.p.docmind.aop.aspect.LoggingAspect     : Completed successfully method: getCurrentUser
2026-09-05T19:56:04.526+05:30  INFO 13500 --- [doc-mind] [http-nio-8080-exec-4] c.p.docmind.aop.aspect.LoggingAspect     : Initiating to execute method: fetchDocuments
2026-09-05T19:56:04.537+05:30  INFO 13500 --- [doc-mind] [http-nio-8080-exec-4] c.p.docmind.aop.aspect.LoggingAspect     : Completed successfully method: fetchDocuments
2026-09-05T19:56:04.548+05:30  INFO 13500 --- [doc-mind] [http-nio-8080-exec-3] c.p.d.s.s.impl.ResolveAccessTokenImpl    : Fetching access token from request
2026-09-05T19:56:04.557+05:30  INFO 13500 --- [doc-mind] [http-nio-8080-exec-3] c.p.docmind.aop.aspect.LoggingAspect     : Initiating to execute method: loadUserByUsername
2026-09-05T19:56:04.565+05:30  INFO 13500 --- [doc-mind] [http-nio-8080-exec-3] c.p.docmind.aop.aspect.LoggingAspect     : Completed successfully method: loadUserByUsername
2026-09-05T19:56:04.571+05:30  INFO 13500 --- [doc-mind] [http-nio-8080-exec-3] c.p.docmind.aop.aspect.LoggingAspect     : Initiating to execute method: fetchDocuments
2026-09-05T19:56:04.580+05:30  INFO 13500 --- [doc-mind] [http-nio-8080-exec-3] c.p.docmind.aop.aspect.LoggingAspect     : Completed successfully method: fetchDocuments
2026-09-05T19:56:17.155+05:30  INFO 13500 --- [doc-mind] [http-nio-8080-exec-1] c.p.d.s.s.impl.ResolveAccessTokenImpl    : Fetching access token from request
2026-09-05T19:56:17.173+05:30  INFO 13500 --- [doc-mind] [http-nio-8080-exec-2] c.p.d.s.s.impl.ResolveAccessTokenImpl    : Fetching access token from request
2026-09-05T19:56:17.173+05:30  INFO 13500 --- [doc-mind] [http-nio-8080-exec-1] c.p.docmind.aop.aspect.LoggingAspect     : Initiating to execute method: loadUserByUsername
2026-09-05T19:56:17.179+05:30  INFO 13500 --- [doc-mind] [http-nio-8080-exec-1] c.p.docmind.aop.aspect.LoggingAspect     : Completed successfully method: loadUserByUsername
2026-09-05T19:56:17.183+05:30  INFO 13500 --- [doc-mind] [http-nio-8080-exec-2] c.p.docmind.aop.aspect.LoggingAspect     : Initiating to execute method: loadUserByUsername
2026-09-05T19:56:17.183+05:30  INFO 13500 --- [doc-mind] [http-nio-8080-exec-1] c.p.docmind.aop.aspect.LoggingAspect     : Initiating to execute method: fetchDocuments
2026-09-05T19:56:17.183+05:30  INFO 13500 --- [doc-mind] [http-nio-8080-exec-2] c.p.docmind.aop.aspect.LoggingAspect     : Completed successfully method: loadUserByUsername
2026-09-05T19:56:17.198+05:30  INFO 13500 --- [doc-mind] [http-nio-8080-exec-2] c.p.docmind.aop.aspect.LoggingAspect     : Initiating to execute method: getCurrentUser
2026-09-05T19:56:17.198+05:30  INFO 13500 --- [doc-mind] [http-nio-8080-exec-2] c.p.docmind.aop.aspect.LoggingAspect     : Completed successfully method: getCurrentUser
2026-09-05T19:56:17.198+05:30  INFO 13500 --- [doc-mind] [http-nio-8080-exec-1] c.p.docmind.aop.aspect.LoggingAspect     : Completed successfully method: fetchDocuments
2026-09-05T19:56:17.220+05:30  INFO 13500 --- [doc-mind] [http-nio-8080-exec-7] c.p.d.s.s.impl.ResolveAccessTokenImpl    : Fetching access token from request
2026-09-05T19:56:17.231+05:30  INFO 13500 --- [doc-mind] [http-nio-8080-exec-7] c.p.docmind.aop.aspect.LoggingAspect     : Initiating to execute method: loadUserByUsername
2026-09-05T19:56:17.237+05:30  INFO 13500 --- [doc-mind] [http-nio-8080-exec-7] c.p.docmind.aop.aspect.LoggingAspect     : Completed successfully method: loadUserByUsername
2026-09-05T19:56:17.240+05:30  INFO 13500 --- [doc-mind] [http-nio-8080-exec-7] c.p.docmind.aop.aspect.LoggingAspect     : Initiating to execute method: fetchDocuments
2026-09-05T19:56:17.240+05:30  INFO 13500 --- [doc-mind] [http-nio-8080-exec-7] c.p.docmind.aop.aspect.LoggingAspect     : Completed successfully method: fetchDocuments
2026-09-05T19:56:20.136+05:30  INFO 13500 --- [doc-mind] [http-nio-8080-exec-5] c.p.d.s.s.impl.ResolveAccessTokenImpl    : Fetching access token from request
2026-09-05T19:56:20.146+05:30  INFO 13500 --- [doc-mind] [http-nio-8080-exec-5] c.p.docmind.aop.aspect.LoggingAspect     : Initiating to execute method: loadUserByUsername
2026-09-05T19:56:20.148+05:30  INFO 13500 --- [doc-mind] [http-nio-8080-exec-6] c.p.d.s.s.impl.ResolveAccessTokenImpl    : Fetching access token from request
2026-09-05T19:56:20.152+05:30  INFO 13500 --- [doc-mind] [http-nio-8080-exec-5] c.p.docmind.aop.aspect.LoggingAspect     : Completed successfully method: loadUserByUsername
2026-09-05T19:56:20.160+05:30  INFO 13500 --- [doc-mind] [http-nio-8080-exec-6] c.p.docmind.aop.aspect.LoggingAspect     : Initiating to execute method: loadUserByUsername
2026-09-05T19:56:20.162+05:30  INFO 13500 --- [doc-mind] [http-nio-8080-exec-5] c.p.docmind.aop.aspect.LoggingAspect     : Initiating to execute method: fetchDocuments
2026-09-05T19:56:20.168+05:30  INFO 13500 --- [doc-mind] [http-nio-8080-exec-6] c.p.docmind.aop.aspect.LoggingAspect     : Completed successfully method: loadUserByUsername
2026-09-05T19:56:20.172+05:30  INFO 13500 --- [doc-mind] [http-nio-8080-exec-5] c.p.docmind.aop.aspect.LoggingAspect     : Completed successfully method: fetchDocuments
2026-09-05T19:56:20.174+05:30  INFO 13500 --- [doc-mind] [http-nio-8080-exec-6] c.p.docmind.aop.aspect.LoggingAspect     : Initiating to execute method: getCurrentUser
2026-09-05T19:56:20.176+05:30  INFO 13500 --- [doc-mind] [http-nio-8080-exec-6] c.p.docmind.aop.aspect.LoggingAspect     : Completed successfully method: getCurrentUser
2026-09-05T19:56:20.201+05:30  INFO 13500 --- [doc-mind] [http-nio-8080-exec-8] c.p.d.s.s.impl.ResolveAccessTokenImpl    : Fetching access token from request
2026-09-05T19:56:20.213+05:30  INFO 13500 --- [doc-mind] [http-nio-8080-exec-8] c.p.docmind.aop.aspect.LoggingAspect     : Initiating to execute method: loadUserByUsername
2026-09-05T19:56:20.218+05:30  INFO 13500 --- [doc-mind] [http-nio-8080-exec-8] c.p.docmind.aop.aspect.LoggingAspect     : Completed successfully method: loadUserByUsername
2026-09-05T19:56:20.223+05:30  INFO 13500 --- [doc-mind] [http-nio-8080-exec-8] c.p.docmind.aop.aspect.LoggingAspect     : Initiating to execute method: fetchDocuments
2026-09-05T19:56:20.226+05:30  INFO 13500 --- [doc-mind] [http-nio-8080-exec-8] c.p.docmind.aop.aspect.LoggingAspect     : Completed successfully method: fetchDocuments
2026-09-05T19:57:15.115+05:30  INFO 13500 --- [doc-mind] [http-nio-8080-exec-9] c.p.d.s.s.impl.ResolveAccessTokenImpl    : Fetching access token from request
2026-09-05T19:57:15.116+05:30  INFO 13500 --- [doc-mind] [http-nio-8080-exec-10] c.p.d.s.s.impl.ResolveAccessTokenImpl    : Fetching access token from request
2026-09-05T19:57:15.125+05:30  INFO 13500 --- [doc-mind] [http-nio-8080-exec-9] c.p.docmind.aop.aspect.LoggingAspect     : Initiating to execute method: loadUserByUsername
2026-09-05T19:57:15.125+05:30  INFO 13500 --- [doc-mind] [http-nio-8080-exec-10] c.p.docmind.aop.aspect.LoggingAspect     : Initiating to execute method: loadUserByUsername
2026-09-05T19:57:15.132+05:30  INFO 13500 --- [doc-mind] [http-nio-8080-exec-9] c.p.docmind.aop.aspect.LoggingAspect     : Completed successfully method: loadUserByUsername
2026-09-05T19:57:15.134+05:30  INFO 13500 --- [doc-mind] [http-nio-8080-exec-10] c.p.docmind.aop.aspect.LoggingAspect     : Completed successfully method: loadUserByUsername
2026-09-05T19:57:15.136+05:30  INFO 13500 --- [doc-mind] [http-nio-8080-exec-10] c.p.docmind.aop.aspect.LoggingAspect     : Initiating to execute method: getCurrentUser
2026-09-05T19:57:15.137+05:30  INFO 13500 --- [doc-mind] [http-nio-8080-exec-10] c.p.docmind.aop.aspect.LoggingAspect     : Completed successfully method: getCurrentUser
2026-09-05T19:57:15.138+05:30  INFO 13500 --- [doc-mind] [http-nio-8080-exec-9] c.p.docmind.aop.aspect.LoggingAspect     : Initiating to execute method: fetchDocuments
2026-09-05T19:57:15.150+05:30  INFO 13500 --- [doc-mind] [http-nio-8080-exec-9] c.p.docmind.aop.aspect.LoggingAspect     : Completed successfully method: fetchDocuments
2026-09-05T19:57:15.162+05:30  INFO 13500 --- [doc-mind] [http-nio-8080-exec-4] c.p.d.s.s.impl.ResolveAccessTokenImpl    : Fetching access token from request
2026-09-05T19:57:15.169+05:30  INFO 13500 --- [doc-mind] [http-nio-8080-exec-4] c.p.docmind.aop.aspect.LoggingAspect     : Initiating to execute method: loadUserByUsername
2026-09-05T19:57:15.177+05:30  INFO 13500 --- [doc-mind] [http-nio-8080-exec-4] c.p.docmind.aop.aspect.LoggingAspect     : Completed successfully method: loadUserByUsername
2026-09-05T19:57:15.184+05:30  INFO 13500 --- [doc-mind] [http-nio-8080-exec-4] c.p.docmind.aop.aspect.LoggingAspect     : Initiating to execute method: fetchDocuments
2026-09-05T19:57:15.196+05:30  INFO 13500 --- [doc-mind] [http-nio-8080-exec-4] c.p.docmind.aop.aspect.LoggingAspect     : Completed successfully method: fetchDocuments
2026-09-05T19:58:04.460+05:30  INFO 13500 --- [doc-mind] [http-nio-8080-exec-3] c.p.d.s.s.impl.ResolveAccessTokenImpl    : Fetching access token from request
2026-09-05T19:58:04.463+05:30  INFO 13500 --- [doc-mind] [http-nio-8080-exec-1] c.p.d.s.s.impl.ResolveAccessTokenImpl    : Fetching access token from request
2026-09-05T19:58:04.475+05:30  INFO 13500 --- [doc-mind] [http-nio-8080-exec-3] c.p.docmind.aop.aspect.LoggingAspect     : Initiating to execute method: loadUserByUsername
2026-09-05T19:58:04.477+05:30  INFO 13500 --- [doc-mind] [http-nio-8080-exec-1] c.p.docmind.aop.aspect.LoggingAspect     : Initiating to execute method: loadUserByUsername
2026-09-05T19:58:04.483+05:30  INFO 13500 --- [doc-mind] [http-nio-8080-exec-3] c.p.docmind.aop.aspect.LoggingAspect     : Completed successfully method: loadUserByUsername
2026-09-05T19:58:04.483+05:30  INFO 13500 --- [doc-mind] [http-nio-8080-exec-1] c.p.docmind.aop.aspect.LoggingAspect     : Completed successfully method: loadUserByUsername
2026-09-05T19:58:04.488+05:30  INFO 13500 --- [doc-mind] [http-nio-8080-exec-1] c.p.docmind.aop.aspect.LoggingAspect     : Initiating to execute method: getCurrentUser
2026-09-05T19:58:04.490+05:30  INFO 13500 --- [doc-mind] [http-nio-8080-exec-1] c.p.docmind.aop.aspect.LoggingAspect     : Completed successfully method: getCurrentUser
2026-09-05T19:58:04.493+05:30  INFO 13500 --- [doc-mind] [http-nio-8080-exec-3] c.p.docmind.aop.aspect.LoggingAspect     : Initiating to execute method: fetchDocuments
2026-09-05T19:58:04.502+05:30  INFO 13500 --- [doc-mind] [http-nio-8080-exec-6] c.p.d.s.s.impl.ResolveAccessTokenImpl    : Fetching access token from request
2026-09-05T19:58:04.503+05:30  INFO 13500 --- [doc-mind] [http-nio-8080-exec-3] c.p.docmind.aop.aspect.LoggingAspect     : Completed successfully method: fetchDocuments
2026-09-05T19:58:04.511+05:30  INFO 13500 --- [doc-mind] [http-nio-8080-exec-6] c.p.docmind.aop.aspect.LoggingAspect     : Initiating to execute method: loadUserByUsername
2026-09-05T19:58:04.515+05:30  INFO 13500 --- [doc-mind] [http-nio-8080-exec-5] c.p.d.s.s.impl.ResolveAccessTokenImpl    : Fetching access token from request
2026-09-05T19:58:04.519+05:30  INFO 13500 --- [doc-mind] [http-nio-8080-exec-6] c.p.docmind.aop.aspect.LoggingAspect     : Completed successfully method: loadUserByUsername
2026-09-05T19:58:04.526+05:30  INFO 13500 --- [doc-mind] [http-nio-8080-exec-6] c.p.docmind.aop.aspect.LoggingAspect     : Initiating to execute method: getCurrentUser
2026-09-05T19:58:04.526+05:30  INFO 13500 --- [doc-mind] [http-nio-8080-exec-6] c.p.docmind.aop.aspect.LoggingAspect     : Completed successfully method: getCurrentUser
2026-09-05T19:58:04.529+05:30  INFO 13500 --- [doc-mind] [http-nio-8080-exec-5] c.p.docmind.aop.aspect.LoggingAspect     : Initiating to execute method: loadUserByUsername
2026-09-05T19:58:04.533+05:30  INFO 13500 --- [doc-mind] [http-nio-8080-exec-5] c.p.docmind.aop.aspect.LoggingAspect     : Completed successfully method: loadUserByUsername
2026-09-05T19:58:04.541+05:30  INFO 13500 --- [doc-mind] [http-nio-8080-exec-5] c.p.docmind.aop.aspect.LoggingAspect     : Initiating to execute method: fetchDocuments
2026-09-05T19:58:04.548+05:30  INFO 13500 --- [doc-mind] [http-nio-8080-exec-5] c.p.docmind.aop.aspect.LoggingAspect     : Completed successfully method: fetchDocuments
2026-09-05T20:02:28.985+05:30  INFO 13500 --- [doc-mind] [http-nio-8080-exec-9] c.p.d.s.s.impl.ResolveAccessTokenImpl    : Fetching access token from request
2026-09-05T20:02:28.985+05:30  INFO 13500 --- [doc-mind] [http-nio-8080-exec-8] c.p.d.s.s.impl.ResolveAccessTokenImpl    : Fetching access token from request
2026-09-05T20:02:28.995+05:30  INFO 13500 --- [doc-mind] [http-nio-8080-exec-9] c.p.docmind.aop.aspect.LoggingAspect     : Initiating to execute method: loadUserByUsername
2026-09-05T20:02:28.995+05:30  INFO 13500 --- [doc-mind] [http-nio-8080-exec-8] c.p.docmind.aop.aspect.LoggingAspect     : Initiating to execute method: loadUserByUsername
2026-09-05T20:02:29.001+05:30  INFO 13500 --- [doc-mind] [http-nio-8080-exec-8] c.p.docmind.aop.aspect.LoggingAspect     : Completed successfully method: loadUserByUsername
2026-09-05T20:02:29.001+05:30  INFO 13500 --- [doc-mind] [http-nio-8080-exec-9] c.p.docmind.aop.aspect.LoggingAspect     : Completed successfully method: loadUserByUsername
2026-09-05T20:02:29.003+05:30  INFO 13500 --- [doc-mind] [http-nio-8080-exec-9] c.p.docmind.aop.aspect.LoggingAspect     : Initiating to execute method: getCurrentUser
2026-09-05T20:02:29.005+05:30  INFO 13500 --- [doc-mind] [http-nio-8080-exec-9] c.p.docmind.aop.aspect.LoggingAspect     : Completed successfully method: getCurrentUser
2026-09-05T20:02:29.007+05:30  INFO 13500 --- [doc-mind] [http-nio-8080-exec-8] c.p.docmind.aop.aspect.LoggingAspect     : Initiating to execute method: fetchDocuments
2026-09-05T20:02:29.025+05:30  INFO 13500 --- [doc-mind] [http-nio-8080-exec-2] c.p.d.s.s.impl.ResolveAccessTokenImpl    : Fetching access token from request
2026-09-05T20:02:29.026+05:30  INFO 13500 --- [doc-mind] [http-nio-8080-exec-8] c.p.docmind.aop.aspect.LoggingAspect     : Completed successfully method: fetchDocuments
2026-09-05T20:02:29.037+05:30  INFO 13500 --- [doc-mind] [http-nio-8080-exec-2] c.p.docmind.aop.aspect.LoggingAspect     : Initiating to execute method: loadUserByUsername
2026-09-05T20:02:29.043+05:30  INFO 13500 --- [doc-mind] [http-nio-8080-exec-1] c.p.d.s.s.impl.ResolveAccessTokenImpl    : Fetching access token from request
2026-09-05T20:02:29.047+05:30  INFO 13500 --- [doc-mind] [http-nio-8080-exec-2] c.p.docmind.aop.aspect.LoggingAspect     : Completed successfully method: loadUserByUsername
2026-09-05T20:02:29.052+05:30  INFO 13500 --- [doc-mind] [http-nio-8080-exec-1] c.p.docmind.aop.aspect.LoggingAspect     : Initiating to execute method: loadUserByUsername
2026-09-05T20:02:29.054+05:30  INFO 13500 --- [doc-mind] [http-nio-8080-exec-2] c.p.docmind.aop.aspect.LoggingAspect     : Initiating to execute method: getCurrentUser
2026-09-05T20:02:29.055+05:30  INFO 13500 --- [doc-mind] [http-nio-8080-exec-2] c.p.docmind.aop.aspect.LoggingAspect     : Completed successfully method: getCurrentUser
2026-09-05T20:02:29.058+05:30  INFO 13500 --- [doc-mind] [http-nio-8080-exec-1] c.p.docmind.aop.aspect.LoggingAspect     : Completed successfully method: loadUserByUsername
2026-09-05T20:02:29.063+05:30  INFO 13500 --- [doc-mind] [http-nio-8080-exec-1] c.p.docmind.aop.aspect.LoggingAspect     : Initiating to execute method: fetchDocuments
2026-09-05T20:02:29.069+05:30  INFO 13500 --- [doc-mind] [http-nio-8080-exec-1] c.p.docmind.aop.aspect.LoggingAspect     : Completed successfully method: fetchDocuments
2026-09-05T20:02:39.104+05:30  INFO 13500 --- [doc-mind] [http-nio-8080-exec-6] c.p.d.s.s.impl.ResolveAccessTokenImpl    : Fetching access token from request
2026-09-05T20:02:39.117+05:30  INFO 13500 --- [doc-mind] [http-nio-8080-exec-6] c.p.docmind.aop.aspect.LoggingAspect     : Initiating to execute method: loadUserByUsername
2026-09-05T20:02:39.124+05:30  INFO 13500 --- [doc-mind] [http-nio-8080-exec-6] c.p.docmind.aop.aspect.LoggingAspect     : Completed successfully method: loadUserByUsername
2026-09-05T20:02:39.128+05:30  INFO 13500 --- [doc-mind] [http-nio-8080-exec-6] c.p.docmind.aop.aspect.LoggingAspect     : Initiating to execute method: fetchDocuments
2026-09-05T20:02:39.137+05:30  INFO 13500 --- [doc-mind] [http-nio-8080-exec-6] c.p.docmind.aop.aspect.LoggingAspect     : Completed successfully method: fetchDocuments
2026-09-05T20:02:46.072+05:30  INFO 13500 --- [doc-mind] [http-nio-8080-exec-10] c.p.docmind.aop.aspect.LoggingAspect     : Initiating to execute method: authenticateUser
2026-09-05T20:02:46.072+05:30  INFO 13500 --- [doc-mind] [http-nio-8080-exec-10] c.p.docmind.aop.aspect.LoggingAspect     : Initiating to execute method: loadUserByUsername
2026-09-05T20:02:46.079+05:30  INFO 13500 --- [doc-mind] [http-nio-8080-exec-10] c.p.docmind.aop.aspect.LoggingAspect     : Completed successfully method: loadUserByUsername
2026-09-05T20:02:46.468+05:30  INFO 13500 --- [doc-mind] [http-nio-8080-exec-10] c.p.d.a.service.impl.LoginServiceImpl    : User logged in successfully userId: 6a5417f9-224a-4574-bd57-63826598ef00
2026-09-05T20:02:46.468+05:30  INFO 13500 --- [doc-mind] [http-nio-8080-exec-10] c.p.docmind.aop.aspect.LoggingAspect     : Completed successfully method: authenticateUser
2026-09-05T20:02:46.489+05:30  INFO 13500 --- [doc-mind] [http-nio-8080-exec-4] c.p.d.s.s.impl.ResolveAccessTokenImpl    : Fetching access token from request
2026-09-05T20:02:46.506+05:30  INFO 13500 --- [doc-mind] [http-nio-8080-exec-4] c.p.docmind.aop.aspect.LoggingAspect     : Initiating to execute method: loadUserByUsername
2026-09-05T20:02:46.515+05:30  INFO 13500 --- [doc-mind] [http-nio-8080-exec-4] c.p.docmind.aop.aspect.LoggingAspect     : Completed successfully method: loadUserByUsername
2026-09-05T20:02:46.521+05:30  INFO 13500 --- [doc-mind] [http-nio-8080-exec-4] c.p.docmind.aop.aspect.LoggingAspect     : Initiating to execute method: getCurrentUser
2026-09-05T20:02:46.521+05:30  INFO 13500 --- [doc-mind] [http-nio-8080-exec-4] c.p.docmind.aop.aspect.LoggingAspect     : Completed successfully method: getCurrentUser
2026-09-05T20:02:46.523+05:30  INFO 13500 --- [doc-mind] [http-nio-8080-exec-8] c.p.d.s.s.impl.ResolveAccessTokenImpl    : Fetching access token from request
2026-09-05T20:02:46.533+05:30  INFO 13500 --- [doc-mind] [http-nio-8080-exec-2] c.p.d.s.s.impl.ResolveAccessTokenImpl    : Fetching access token from request
2026-09-05T20:02:46.535+05:30  INFO 13500 --- [doc-mind] [http-nio-8080-exec-8] c.p.docmind.aop.aspect.LoggingAspect     : Initiating to execute method: loadUserByUsername
2026-09-05T20:02:46.544+05:30  INFO 13500 --- [doc-mind] [http-nio-8080-exec-8] c.p.docmind.aop.aspect.LoggingAspect     : Completed successfully method: loadUserByUsername
2026-09-05T20:02:46.549+05:30  INFO 13500 --- [doc-mind] [http-nio-8080-exec-2] c.p.docmind.aop.aspect.LoggingAspect     : Initiating to execute method: loadUserByUsername
2026-09-05T20:02:46.554+05:30  INFO 13500 --- [doc-mind] [http-nio-8080-exec-8] c.p.docmind.aop.aspect.LoggingAspect     : Initiating to execute method: fetchDocuments
2026-09-05T20:02:46.556+05:30  INFO 13500 --- [doc-mind] [http-nio-8080-exec-2] c.p.docmind.aop.aspect.LoggingAspect     : Completed successfully method: loadUserByUsername
2026-09-05T20:02:46.561+05:30  INFO 13500 --- [doc-mind] [http-nio-8080-exec-2] c.p.docmind.aop.aspect.LoggingAspect     : Initiating to execute method: getCurrentUser
2026-09-05T20:02:46.561+05:30  INFO 13500 --- [doc-mind] [http-nio-8080-exec-2] c.p.docmind.aop.aspect.LoggingAspect     : Completed successfully method: getCurrentUser
2026-09-05T20:02:46.561+05:30  INFO 13500 --- [doc-mind] [http-nio-8080-exec-8] c.p.docmind.aop.aspect.LoggingAspect     : Completed successfully method: fetchDocuments
2026-09-05T20:02:50.376+05:30  INFO 13500 --- [doc-mind] [http-nio-8080-exec-3] c.p.d.s.s.impl.ResolveAccessTokenImpl    : Fetching access token from request
2026-09-05T20:02:50.384+05:30  INFO 13500 --- [doc-mind] [http-nio-8080-exec-3] c.p.docmind.aop.aspect.LoggingAspect     : Initiating to execute method: loadUserByUsername
2026-09-05T20:02:50.390+05:30  INFO 13500 --- [doc-mind] [http-nio-8080-exec-3] c.p.docmind.aop.aspect.LoggingAspect     : Completed successfully method: loadUserByUsername
2026-09-05T20:02:50.393+05:30  INFO 13500 --- [doc-mind] [http-nio-8080-exec-3] c.p.docmind.aop.aspect.LoggingAspect     : Initiating to execute method: fetchDocuments
2026-09-05T20:02:50.400+05:30  INFO 13500 --- [doc-mind] [http-nio-8080-exec-3] c.p.docmind.aop.aspect.LoggingAspect     : Completed successfully method: fetchDocuments
2026-09-05T20:03:40.686+05:30  INFO 13500 --- [doc-mind] [http-nio-8080-exec-6] c.p.d.s.s.impl.ResolveAccessTokenImpl    : Fetching access token from request
2026-09-05T20:03:40.688+05:30  INFO 13500 --- [doc-mind] [http-nio-8080-exec-10] c.p.d.s.s.impl.ResolveAccessTokenImpl    : Fetching access token from request
2026-09-05T20:03:40.694+05:30  INFO 13500 --- [doc-mind] [http-nio-8080-exec-6] c.p.docmind.aop.aspect.LoggingAspect     : Initiating to execute method: loadUserByUsername
2026-09-05T20:03:40.694+05:30  INFO 13500 --- [doc-mind] [http-nio-8080-exec-10] c.p.docmind.aop.aspect.LoggingAspect     : Initiating to execute method: loadUserByUsername
2026-09-05T20:03:40.698+05:30  INFO 13500 --- [doc-mind] [http-nio-8080-exec-10] c.p.docmind.aop.aspect.LoggingAspect     : Completed successfully method: loadUserByUsername
2026-09-05T20:03:40.698+05:30  INFO 13500 --- [doc-mind] [http-nio-8080-exec-6] c.p.docmind.aop.aspect.LoggingAspect     : Completed successfully method: loadUserByUsername
2026-09-05T20:03:40.703+05:30  INFO 13500 --- [doc-mind] [http-nio-8080-exec-10] c.p.docmind.aop.aspect.LoggingAspect     : Initiating to execute method: getCurrentUser
2026-09-05T20:03:40.703+05:30  INFO 13500 --- [doc-mind] [http-nio-8080-exec-10] c.p.docmind.aop.aspect.LoggingAspect     : Completed successfully method: getCurrentUser
2026-09-05T20:03:40.705+05:30  INFO 13500 --- [doc-mind] [http-nio-8080-exec-6] c.p.docmind.aop.aspect.LoggingAspect     : Initiating to execute method: fetchDocuments
2026-09-05T20:03:40.713+05:30  INFO 13500 --- [doc-mind] [http-nio-8080-exec-4] c.p.d.s.s.impl.ResolveAccessTokenImpl    : Fetching access token from request
2026-09-05T20:03:40.716+05:30  INFO 13500 --- [doc-mind] [http-nio-8080-exec-6] c.p.docmind.aop.aspect.LoggingAspect     : Completed successfully method: fetchDocuments
2026-09-05T20:03:40.726+05:30  INFO 13500 --- [doc-mind] [http-nio-8080-exec-4] c.p.docmind.aop.aspect.LoggingAspect     : Initiating to execute method: loadUserByUsername
2026-09-05T20:03:40.728+05:30  INFO 13500 --- [doc-mind] [http-nio-8080-exec-2] c.p.d.s.s.impl.ResolveAccessTokenImpl    : Fetching access token from request
2026-09-05T20:03:40.731+05:30  INFO 13500 --- [doc-mind] [http-nio-8080-exec-4] c.p.docmind.aop.aspect.LoggingAspect     : Completed successfully method: loadUserByUsername
2026-09-05T20:03:40.735+05:30  INFO 13500 --- [doc-mind] [http-nio-8080-exec-4] c.p.docmind.aop.aspect.LoggingAspect     : Initiating to execute method: getCurrentUser
2026-09-05T20:03:40.736+05:30  INFO 13500 --- [doc-mind] [http-nio-8080-exec-4] c.p.docmind.aop.aspect.LoggingAspect     : Completed successfully method: getCurrentUser
2026-09-05T20:03:40.738+05:30  INFO 13500 --- [doc-mind] [http-nio-8080-exec-2] c.p.docmind.aop.aspect.LoggingAspect     : Initiating to execute method: loadUserByUsername
2026-09-05T20:03:40.743+05:30  INFO 13500 --- [doc-mind] [http-nio-8080-exec-2] c.p.docmind.aop.aspect.LoggingAspect     : Completed successfully method: loadUserByUsername
2026-09-05T20:03:40.747+05:30  INFO 13500 --- [doc-mind] [http-nio-8080-exec-2] c.p.docmind.aop.aspect.LoggingAspect     : Initiating to execute method: fetchDocuments
2026-09-05T20:03:40.753+05:30  INFO 13500 --- [doc-mind] [http-nio-8080-exec-2] c.p.docmind.aop.aspect.LoggingAspect     : Completed successfully method: fetchDocuments
2026-09-05T20:03:46.296+05:30  INFO 13500 --- [doc-mind] [http-nio-8080-exec-8] c.p.d.s.s.impl.ResolveAccessTokenImpl    : Fetching access token from request
2026-09-05T20:03:46.298+05:30  INFO 13500 --- [doc-mind] [http-nio-8080-exec-1] c.p.d.s.s.impl.ResolveAccessTokenImpl    : Fetching access token from request
2026-09-05T20:03:46.307+05:30  INFO 13500 --- [doc-mind] [http-nio-8080-exec-8] c.p.docmind.aop.aspect.LoggingAspect     : Initiating to execute method: loadUserByUsername
2026-09-05T20:03:46.307+05:30  INFO 13500 --- [doc-mind] [http-nio-8080-exec-1] c.p.docmind.aop.aspect.LoggingAspect     : Initiating to execute method: loadUserByUsername
2026-09-05T20:03:46.312+05:30  INFO 13500 --- [doc-mind] [http-nio-8080-exec-1] c.p.docmind.aop.aspect.LoggingAspect     : Completed successfully method: loadUserByUsername
2026-09-05T20:03:46.312+05:30  INFO 13500 --- [doc-mind] [http-nio-8080-exec-8] c.p.docmind.aop.aspect.LoggingAspect     : Completed successfully method: loadUserByUsername
2026-09-05T20:03:46.315+05:30  INFO 13500 --- [doc-mind] [http-nio-8080-exec-1] c.p.docmind.aop.aspect.LoggingAspect     : Initiating to execute method: getCurrentUser
2026-09-05T20:03:46.315+05:30  INFO 13500 --- [doc-mind] [http-nio-8080-exec-1] c.p.docmind.aop.aspect.LoggingAspect     : Completed successfully method: getCurrentUser
2026-09-05T20:03:46.317+05:30  INFO 13500 --- [doc-mind] [http-nio-8080-exec-8] c.p.docmind.aop.aspect.LoggingAspect     : Initiating to execute method: fetchDocuments
2026-09-05T20:03:46.326+05:30  INFO 13500 --- [doc-mind] [http-nio-8080-exec-8] c.p.docmind.aop.aspect.LoggingAspect     : Completed successfully method: fetchDocuments
2026-09-05T20:03:46.338+05:30  INFO 13500 --- [doc-mind] [http-nio-8080-exec-7] c.p.d.s.s.impl.ResolveAccessTokenImpl    : Fetching access token from request
2026-09-05T20:03:46.343+05:30  INFO 13500 --- [doc-mind] [http-nio-8080-exec-7] c.p.docmind.aop.aspect.LoggingAspect     : Initiating to execute method: loadUserByUsername
2026-09-05T20:03:46.348+05:30  INFO 13500 --- [doc-mind] [http-nio-8080-exec-7] c.p.docmind.aop.aspect.LoggingAspect     : Completed successfully method: loadUserByUsername
2026-09-05T20:03:46.353+05:30  INFO 13500 --- [doc-mind] [http-nio-8080-exec-7] c.p.docmind.aop.aspect.LoggingAspect     : Initiating to execute method: fetchDocuments
2026-09-05T20:03:46.360+05:30  INFO 13500 --- [doc-mind] [http-nio-8080-exec-7] c.p.docmind.aop.aspect.LoggingAspect     : Completed successfully method: fetchDocuments
2026-09-05T20:04:24.921+05:30  INFO 13500 --- [doc-mind] [http-nio-8080-exec-3] c.p.d.s.s.impl.ResolveAccessTokenImpl    : Fetching access token from request
2026-09-05T20:04:24.924+05:30  INFO 13500 --- [doc-mind] [http-nio-8080-exec-9] c.p.d.s.s.impl.ResolveAccessTokenImpl    : Fetching access token from request
2026-09-05T20:04:24.933+05:30  INFO 13500 --- [doc-mind] [http-nio-8080-exec-3] c.p.docmind.aop.aspect.LoggingAspect     : Initiating to execute method: loadUserByUsername
2026-09-05T20:04:24.936+05:30  INFO 13500 --- [doc-mind] [http-nio-8080-exec-9] c.p.docmind.aop.aspect.LoggingAspect     : Initiating to execute method: loadUserByUsername
2026-09-05T20:04:24.941+05:30  INFO 13500 --- [doc-mind] [http-nio-8080-exec-3] c.p.docmind.aop.aspect.LoggingAspect     : Completed successfully method: loadUserByUsername
2026-09-05T20:04:24.948+05:30  INFO 13500 --- [doc-mind] [http-nio-8080-exec-9] c.p.docmind.aop.aspect.LoggingAspect     : Completed successfully method: loadUserByUsername
2026-09-05T20:04:24.948+05:30  INFO 13500 --- [doc-mind] [http-nio-8080-exec-3] c.p.docmind.aop.aspect.LoggingAspect     : Initiating to execute method: fetchDocuments
2026-09-05T20:04:24.952+05:30  INFO 13500 --- [doc-mind] [http-nio-8080-exec-9] c.p.docmind.aop.aspect.LoggingAspect     : Initiating to execute method: getCurrentUser
2026-09-05T20:04:24.952+05:30  INFO 13500 --- [doc-mind] [http-nio-8080-exec-9] c.p.docmind.aop.aspect.LoggingAspect     : Completed successfully method: getCurrentUser
2026-09-05T20:04:24.961+05:30  INFO 13500 --- [doc-mind] [http-nio-8080-exec-3] c.p.docmind.aop.aspect.LoggingAspect     : Completed successfully method: fetchDocuments
2026-09-05T20:04:24.972+05:30  INFO 13500 --- [doc-mind] [http-nio-8080-exec-6] c.p.d.s.s.impl.ResolveAccessTokenImpl    : Fetching access token from request
2026-09-05T20:04:24.974+05:30  INFO 13500 --- [doc-mind] [http-nio-8080-exec-4] c.p.d.s.s.impl.ResolveAccessTokenImpl    : Fetching access token from request
2026-09-05T20:04:24.979+05:30  INFO 13500 --- [doc-mind] [http-nio-8080-exec-4] c.p.docmind.aop.aspect.LoggingAspect     : Initiating to execute method: loadUserByUsername
2026-09-05T20:04:24.979+05:30  INFO 13500 --- [doc-mind] [http-nio-8080-exec-6] c.p.docmind.aop.aspect.LoggingAspect     : Initiating to execute method: loadUserByUsername
2026-09-05T20:04:24.989+05:30  INFO 13500 --- [doc-mind] [http-nio-8080-exec-6] c.p.docmind.aop.aspect.LoggingAspect     : Completed successfully method: loadUserByUsername
2026-09-05T20:04:24.994+05:30  INFO 13500 --- [doc-mind] [http-nio-8080-exec-6] c.p.docmind.aop.aspect.LoggingAspect     : Initiating to execute method: getCurrentUser
2026-09-05T20:04:24.995+05:30  INFO 13500 --- [doc-mind] [http-nio-8080-exec-4] c.p.docmind.aop.aspect.LoggingAspect     : Completed successfully method: loadUserByUsername
2026-09-05T20:04:24.995+05:30  INFO 13500 --- [doc-mind] [http-nio-8080-exec-6] c.p.docmind.aop.aspect.LoggingAspect     : Completed successfully method: getCurrentUser
2026-09-05T20:04:24.999+05:30  INFO 13500 --- [doc-mind] [http-nio-8080-exec-4] c.p.docmind.aop.aspect.LoggingAspect     : Initiating to execute method: fetchDocuments
2026-09-05T20:04:25.003+05:30  INFO 13500 --- [doc-mind] [http-nio-8080-exec-4] c.p.docmind.aop.aspect.LoggingAspect     : Completed successfully method: fetchDocuments
2026-09-05T20:04:29.307+05:30  INFO 13500 --- [doc-mind] [http-nio-8080-exec-8] c.p.d.s.s.impl.ResolveAccessTokenImpl    : Fetching access token from request
2026-09-05T20:04:29.314+05:30  INFO 13500 --- [doc-mind] [http-nio-8080-exec-8] c.p.docmind.aop.aspect.LoggingAspect     : Initiating to execute method: loadUserByUsername
2026-09-05T20:04:29.318+05:30  INFO 13500 --- [doc-mind] [http-nio-8080-exec-8] c.p.docmind.aop.aspect.LoggingAspect     : Completed successfully method: loadUserByUsername
2026-09-05T20:04:29.327+05:30  INFO 13500 --- [doc-mind] [http-nio-8080-exec-8] c.p.docmind.aop.aspect.LoggingAspect     : Initiating to execute method: fetchDocuments
2026-09-05T20:04:29.334+05:30  INFO 13500 --- [doc-mind] [http-nio-8080-exec-8] c.p.docmind.aop.aspect.LoggingAspect     : Completed successfully method: fetchDocuments
2026-09-05T20:06:23.985+05:30  INFO 13500 --- [doc-mind] [http-nio-8080-exec-6] c.p.docmind.aop.aspect.LoggingAspect     : Initiating to execute method: authenticateUser
2026-09-05T20:06:23.985+05:30  INFO 13500 --- [doc-mind] [http-nio-8080-exec-6] c.p.docmind.aop.aspect.LoggingAspect     : Initiating to execute method: loadUserByUsername
2026-09-05T20:06:23.992+05:30  INFO 13500 --- [doc-mind] [http-nio-8080-exec-6] c.p.docmind.aop.aspect.LoggingAspect     : Completed successfully method: loadUserByUsername
2026-09-05T20:06:24.416+05:30  INFO 13500 --- [doc-mind] [http-nio-8080-exec-6] c.p.d.a.service.impl.LoginServiceImpl    : User logged in successfully userId: 6a5417f9-224a-4574-bd57-63826598ef00
2026-09-05T20:06:24.416+05:30  INFO 13500 --- [doc-mind] [http-nio-8080-exec-6] c.p.docmind.aop.aspect.LoggingAspect     : Completed successfully method: authenticateUser
2026-09-05T20:06:24.465+05:30  INFO 13500 --- [doc-mind] [http-nio-8080-exec-2] c.p.d.s.s.impl.ResolveAccessTokenImpl    : Fetching access token from request
2026-09-05T20:06:24.474+05:30  INFO 13500 --- [doc-mind] [http-nio-8080-exec-2] c.p.docmind.aop.aspect.LoggingAspect     : Initiating to execute method: loadUserByUsername
2026-09-05T20:06:24.479+05:30  INFO 13500 --- [doc-mind] [http-nio-8080-exec-2] c.p.docmind.aop.aspect.LoggingAspect     : Completed successfully method: loadUserByUsername
2026-09-05T20:06:24.483+05:30  INFO 13500 --- [doc-mind] [http-nio-8080-exec-2] c.p.docmind.aop.aspect.LoggingAspect     : Initiating to execute method: getCurrentUser
2026-09-05T20:06:24.484+05:30  INFO 13500 --- [doc-mind] [http-nio-8080-exec-2] c.p.docmind.aop.aspect.LoggingAspect     : Completed successfully method: getCurrentUser
2026-09-05T20:06:24.494+05:30  INFO 13500 --- [doc-mind] [http-nio-8080-exec-1] c.p.d.s.s.impl.ResolveAccessTokenImpl    : Fetching access token from request
2026-09-05T20:06:24.495+05:30  INFO 13500 --- [doc-mind] [http-nio-8080-exec-8] c.p.d.s.s.impl.ResolveAccessTokenImpl    : Fetching access token from request
2026-09-05T20:06:24.504+05:30  INFO 13500 --- [doc-mind] [http-nio-8080-exec-1] c.p.docmind.aop.aspect.LoggingAspect     : Initiating to execute method: loadUserByUsername
2026-09-05T20:06:24.504+05:30  INFO 13500 --- [doc-mind] [http-nio-8080-exec-8] c.p.docmind.aop.aspect.LoggingAspect     : Initiating to execute method: loadUserByUsername
2026-09-05T20:06:24.509+05:30  INFO 13500 --- [doc-mind] [http-nio-8080-exec-1] c.p.docmind.aop.aspect.LoggingAspect     : Completed successfully method: loadUserByUsername
2026-09-05T20:06:24.509+05:30  INFO 13500 --- [doc-mind] [http-nio-8080-exec-8] c.p.docmind.aop.aspect.LoggingAspect     : Completed successfully method: loadUserByUsername
2026-09-05T20:06:24.513+05:30  INFO 13500 --- [doc-mind] [http-nio-8080-exec-8] c.p.docmind.aop.aspect.LoggingAspect     : Initiating to execute method: getCurrentUser
2026-09-05T20:06:24.513+05:30  INFO 13500 --- [doc-mind] [http-nio-8080-exec-8] c.p.docmind.aop.aspect.LoggingAspect     : Completed successfully method: getCurrentUser
2026-09-05T20:06:24.514+05:30  INFO 13500 --- [doc-mind] [http-nio-8080-exec-1] c.p.docmind.aop.aspect.LoggingAspect     : Initiating to execute method: fetchDocuments
2026-09-05T20:06:24.519+05:30  INFO 13500 --- [doc-mind] [http-nio-8080-exec-1] c.p.docmind.aop.aspect.LoggingAspect     : Completed successfully method: fetchDocuments
2026-09-05T20:06:28.631+05:30  INFO 13500 --- [doc-mind] [http-nio-8080-exec-10] c.p.d.s.s.impl.ResolveAccessTokenImpl    : Fetching access token from request
2026-09-05T20:06:28.639+05:30  INFO 13500 --- [doc-mind] [http-nio-8080-exec-10] c.p.docmind.aop.aspect.LoggingAspect     : Initiating to execute method: loadUserByUsername
2026-09-05T20:06:28.646+05:30  INFO 13500 --- [doc-mind] [http-nio-8080-exec-10] c.p.docmind.aop.aspect.LoggingAspect     : Completed successfully method: loadUserByUsername
2026-09-05T20:06:28.652+05:30  INFO 13500 --- [doc-mind] [http-nio-8080-exec-10] c.p.docmind.aop.aspect.LoggingAspect     : Initiating to execute method: fetchDocuments
2026-09-05T20:06:28.658+05:30  INFO 13500 --- [doc-mind] [http-nio-8080-exec-10] c.p.docmind.aop.aspect.LoggingAspect     : Completed successfully method: fetchDocuments
2026-09-05T20:07:47.160+05:30  INFO 13500 --- [doc-mind] [http-nio-8080-exec-3] c.p.d.s.s.impl.ResolveAccessTokenImpl    : Fetching access token from request
2026-09-05T20:07:47.160+05:30  INFO 13500 --- [doc-mind] [http-nio-8080-exec-9] c.p.d.s.s.impl.ResolveAccessTokenImpl    : Fetching access token from request
2026-09-05T20:07:47.170+05:30  INFO 13500 --- [doc-mind] [http-nio-8080-exec-3] c.p.docmind.aop.aspect.LoggingAspect     : Initiating to execute method: loadUserByUsername
2026-09-05T20:07:47.172+05:30  INFO 13500 --- [doc-mind] [http-nio-8080-exec-9] c.p.docmind.aop.aspect.LoggingAspect     : Initiating to execute method: loadUserByUsername
2026-09-05T20:07:47.176+05:30  INFO 13500 --- [doc-mind] [http-nio-8080-exec-3] c.p.docmind.aop.aspect.LoggingAspect     : Completed successfully method: loadUserByUsername
2026-09-05T20:07:47.176+05:30  INFO 13500 --- [doc-mind] [http-nio-8080-exec-9] c.p.docmind.aop.aspect.LoggingAspect     : Completed successfully method: loadUserByUsername
2026-09-05T20:07:47.180+05:30  INFO 13500 --- [doc-mind] [http-nio-8080-exec-3] c.p.docmind.aop.aspect.LoggingAspect     : Initiating to execute method: getCurrentUser
2026-09-05T20:07:47.180+05:30  INFO 13500 --- [doc-mind] [http-nio-8080-exec-3] c.p.docmind.aop.aspect.LoggingAspect     : Completed successfully method: getCurrentUser
2026-09-05T20:07:47.182+05:30  INFO 13500 --- [doc-mind] [http-nio-8080-exec-9] c.p.docmind.aop.aspect.LoggingAspect     : Initiating to execute method: fetchDocuments
2026-09-05T20:07:47.191+05:30  INFO 13500 --- [doc-mind] [http-nio-8080-exec-9] c.p.docmind.aop.aspect.LoggingAspect     : Completed successfully method: fetchDocuments
2026-09-05T20:07:47.202+05:30  INFO 13500 --- [doc-mind] [http-nio-8080-exec-6] c.p.d.s.s.impl.ResolveAccessTokenImpl    : Fetching access token from request
2026-09-05T20:07:47.210+05:30  INFO 13500 --- [doc-mind] [http-nio-8080-exec-6] c.p.docmind.aop.aspect.LoggingAspect     : Initiating to execute method: loadUserByUsername
2026-09-05T20:07:47.217+05:30  INFO 13500 --- [doc-mind] [http-nio-8080-exec-6] c.p.docmind.aop.aspect.LoggingAspect     : Completed successfully method: loadUserByUsername
2026-09-05T20:07:47.221+05:30  INFO 13500 --- [doc-mind] [http-nio-8080-exec-6] c.p.docmind.aop.aspect.LoggingAspect     : Initiating to execute method: fetchDocuments
2026-09-05T20:07:47.227+05:30  INFO 13500 --- [doc-mind] [http-nio-8080-exec-6] c.p.docmind.aop.aspect.LoggingAspect     : Completed successfully method: fetchDocuments
2026-09-05T20:08:54.306+05:30  INFO 13500 --- [doc-mind] [http-nio-8080-exec-8] c.p.d.s.s.impl.ResolveAccessTokenImpl    : Fetching access token from request
2026-09-05T20:08:54.307+05:30  INFO 13500 --- [doc-mind] [http-nio-8080-exec-4] c.p.d.s.s.impl.ResolveAccessTokenImpl    : Fetching access token from request
2026-09-05T20:08:54.317+05:30  INFO 13500 --- [doc-mind] [http-nio-8080-exec-8] c.p.docmind.aop.aspect.LoggingAspect     : Initiating to execute method: loadUserByUsername
2026-09-05T20:08:54.320+05:30  INFO 13500 --- [doc-mind] [http-nio-8080-exec-4] c.p.docmind.aop.aspect.LoggingAspect     : Initiating to execute method: loadUserByUsername
2026-09-05T20:08:54.324+05:30  INFO 13500 --- [doc-mind] [http-nio-8080-exec-8] c.p.docmind.aop.aspect.LoggingAspect     : Completed successfully method: loadUserByUsername
2026-09-05T20:08:54.327+05:30  INFO 13500 --- [doc-mind] [http-nio-8080-exec-8] c.p.docmind.aop.aspect.LoggingAspect     : Initiating to execute method: getCurrentUser
2026-09-05T20:08:54.327+05:30  INFO 13500 --- [doc-mind] [http-nio-8080-exec-8] c.p.docmind.aop.aspect.LoggingAspect     : Completed successfully method: getCurrentUser
2026-09-05T20:08:54.329+05:30  INFO 13500 --- [doc-mind] [http-nio-8080-exec-4] c.p.docmind.aop.aspect.LoggingAspect     : Completed successfully method: loadUserByUsername
2026-09-05T20:08:54.338+05:30  INFO 13500 --- [doc-mind] [http-nio-8080-exec-4] c.p.docmind.aop.aspect.LoggingAspect     : Initiating to execute method: fetchDocuments
2026-09-05T20:08:54.338+05:30  INFO 13500 --- [doc-mind] [http-nio-8080-exec-7] c.p.d.s.s.impl.ResolveAccessTokenImpl    : Fetching access token from request
2026-09-05T20:08:54.348+05:30  INFO 13500 --- [doc-mind] [http-nio-8080-exec-4] c.p.docmind.aop.aspect.LoggingAspect     : Completed successfully method: fetchDocuments
2026-09-05T20:08:54.352+05:30  INFO 13500 --- [doc-mind] [http-nio-8080-exec-7] c.p.docmind.aop.aspect.LoggingAspect     : Initiating to execute method: loadUserByUsername
2026-09-05T20:08:54.356+05:30  INFO 13500 --- [doc-mind] [http-nio-8080-exec-7] c.p.docmind.aop.aspect.LoggingAspect     : Completed successfully method: loadUserByUsername
2026-09-05T20:08:54.358+05:30  INFO 13500 --- [doc-mind] [http-nio-8080-exec-5] c.p.d.s.s.impl.ResolveAccessTokenImpl    : Fetching access token from request
2026-09-05T20:08:54.360+05:30  INFO 13500 --- [doc-mind] [http-nio-8080-exec-7] c.p.docmind.aop.aspect.LoggingAspect     : Initiating to execute method: getCurrentUser
2026-09-05T20:08:54.361+05:30  INFO 13500 --- [doc-mind] [http-nio-8080-exec-7] c.p.docmind.aop.aspect.LoggingAspect     : Completed successfully method: getCurrentUser
2026-09-05T20:08:54.365+05:30  INFO 13500 --- [doc-mind] [http-nio-8080-exec-5] c.p.docmind.aop.aspect.LoggingAspect     : Initiating to execute method: loadUserByUsername
2026-09-05T20:08:54.371+05:30  INFO 13500 --- [doc-mind] [http-nio-8080-exec-5] c.p.docmind.aop.aspect.LoggingAspect     : Completed successfully method: loadUserByUsername
2026-09-05T20:08:54.376+05:30  INFO 13500 --- [doc-mind] [http-nio-8080-exec-5] c.p.docmind.aop.aspect.LoggingAspect     : Initiating to execute method: fetchDocuments
2026-09-05T20:08:54.386+05:30  INFO 13500 --- [doc-mind] [http-nio-8080-exec-5] c.p.docmind.aop.aspect.LoggingAspect     : Completed successfully method: fetchDocuments
2026-09-05T20:08:56.788+05:30  INFO 13500 --- [doc-mind] [http-nio-8080-exec-10] c.p.d.s.s.impl.ResolveAccessTokenImpl    : Fetching access token from request
2026-09-05T20:08:56.789+05:30  INFO 13500 --- [doc-mind] [http-nio-8080-exec-9] c.p.d.s.s.impl.ResolveAccessTokenImpl    : Fetching access token from request
2026-09-05T20:08:56.795+05:30  INFO 13500 --- [doc-mind] [http-nio-8080-exec-10] c.p.docmind.aop.aspect.LoggingAspect     : Initiating to execute method: loadUserByUsername
2026-09-05T20:08:56.795+05:30  INFO 13500 --- [doc-mind] [http-nio-8080-exec-9] c.p.docmind.aop.aspect.LoggingAspect     : Initiating to execute method: loadUserByUsername
2026-09-05T20:08:56.802+05:30  INFO 13500 --- [doc-mind] [http-nio-8080-exec-9] c.p.docmind.aop.aspect.LoggingAspect     : Completed successfully method: loadUserByUsername
2026-09-05T20:08:56.804+05:30  INFO 13500 --- [doc-mind] [http-nio-8080-exec-10] c.p.docmind.aop.aspect.LoggingAspect     : Completed successfully method: loadUserByUsername
2026-09-05T20:08:56.810+05:30  INFO 13500 --- [doc-mind] [http-nio-8080-exec-9] c.p.docmind.aop.aspect.LoggingAspect     : Initiating to execute method: getCurrentUser
2026-09-05T20:08:56.810+05:30  INFO 13500 --- [doc-mind] [http-nio-8080-exec-9] c.p.docmind.aop.aspect.LoggingAspect     : Completed successfully method: getCurrentUser
2026-09-05T20:08:56.816+05:30  INFO 13500 --- [doc-mind] [http-nio-8080-exec-10] c.p.docmind.aop.aspect.LoggingAspect     : Initiating to execute method: fetchDocuments
2026-09-05T20:08:56.824+05:30  INFO 13500 --- [doc-mind] [http-nio-8080-exec-2] c.p.d.s.s.impl.ResolveAccessTokenImpl    : Fetching access token from request
2026-09-05T20:08:56.824+05:30  INFO 13500 --- [doc-mind] [http-nio-8080-exec-10] c.p.docmind.aop.aspect.LoggingAspect     : Completed successfully method: fetchDocuments
2026-09-05T20:08:56.835+05:30  INFO 13500 --- [doc-mind] [http-nio-8080-exec-2] c.p.docmind.aop.aspect.LoggingAspect     : Initiating to execute method: loadUserByUsername
2026-09-05T20:08:56.838+05:30  INFO 13500 --- [doc-mind] [http-nio-8080-exec-8] c.p.d.s.s.impl.ResolveAccessTokenImpl    : Fetching access token from request
2026-09-05T20:08:56.841+05:30  INFO 13500 --- [doc-mind] [http-nio-8080-exec-2] c.p.docmind.aop.aspect.LoggingAspect     : Completed successfully method: loadUserByUsername
2026-09-05T20:08:56.844+05:30  INFO 13500 --- [doc-mind] [http-nio-8080-exec-2] c.p.docmind.aop.aspect.LoggingAspect     : Initiating to execute method: getCurrentUser
2026-09-05T20:08:56.845+05:30  INFO 13500 --- [doc-mind] [http-nio-8080-exec-2] c.p.docmind.aop.aspect.LoggingAspect     : Completed successfully method: getCurrentUser
2026-09-05T20:08:56.846+05:30  INFO 13500 --- [doc-mind] [http-nio-8080-exec-8] c.p.docmind.aop.aspect.LoggingAspect     : Initiating to execute method: loadUserByUsername
2026-09-05T20:08:56.850+05:30  INFO 13500 --- [doc-mind] [http-nio-8080-exec-8] c.p.docmind.aop.aspect.LoggingAspect     : Completed successfully method: loadUserByUsername
2026-09-05T20:08:56.856+05:30  INFO 13500 --- [doc-mind] [http-nio-8080-exec-8] c.p.docmind.aop.aspect.LoggingAspect     : Initiating to execute method: fetchDocuments
2026-09-05T20:08:56.858+05:30  INFO 13500 --- [doc-mind] [http-nio-8080-exec-8] c.p.docmind.aop.aspect.LoggingAspect     : Completed successfully method: fetchDocuments
2026-09-05T20:09:01.782+05:30  INFO 13500 --- [doc-mind] [http-nio-8080-exec-4] c.p.d.s.s.impl.ResolveAccessTokenImpl    : Fetching access token from request
2026-09-05T20:09:01.795+05:30  INFO 13500 --- [doc-mind] [http-nio-8080-exec-4] c.p.docmind.aop.aspect.LoggingAspect     : Initiating to execute method: loadUserByUsername
2026-09-05T20:09:01.800+05:30  INFO 13500 --- [doc-mind] [http-nio-8080-exec-4] c.p.docmind.aop.aspect.LoggingAspect     : Completed successfully method: loadUserByUsername
2026-09-05T20:09:01.800+05:30  INFO 13500 --- [doc-mind] [http-nio-8080-exec-4] c.p.docmind.aop.aspect.LoggingAspect     : Initiating to execute method: fetchDocuments
2026-09-05T20:09:01.809+05:30  INFO 13500 --- [doc-mind] [http-nio-8080-exec-4] c.p.docmind.aop.aspect.LoggingAspect     : Completed successfully method: fetchDocuments
2026-09-05T20:09:11.780+05:30  INFO 13500 --- [doc-mind] [http-nio-8080-exec-5] c.p.docmind.aop.aspect.LoggingAspect     : Initiating to execute method: authenticateUser
2026-09-05T20:09:11.787+05:30  INFO 13500 --- [doc-mind] [http-nio-8080-exec-5] c.p.docmind.aop.aspect.LoggingAspect     : Initiating to execute method: loadUserByUsername
2026-09-05T20:09:11.787+05:30  INFO 13500 --- [doc-mind] [http-nio-8080-exec-5] c.p.docmind.aop.aspect.LoggingAspect     : Completed successfully method: loadUserByUsername
2026-09-05T20:09:12.236+05:30  INFO 13500 --- [doc-mind] [http-nio-8080-exec-5] c.p.d.a.service.impl.LoginServiceImpl    : User logged in successfully userId: 6a5417f9-224a-4574-bd57-63826598ef00
2026-09-05T20:09:12.236+05:30  INFO 13500 --- [doc-mind] [http-nio-8080-exec-5] c.p.docmind.aop.aspect.LoggingAspect     : Completed successfully method: authenticateUser
2026-09-05T20:09:12.280+05:30  INFO 13500 --- [doc-mind] [http-nio-8080-exec-9] c.p.d.s.s.impl.ResolveAccessTokenImpl    : Fetching access token from request
2026-09-05T20:09:12.290+05:30  INFO 13500 --- [doc-mind] [http-nio-8080-exec-9] c.p.docmind.aop.aspect.LoggingAspect     : Initiating to execute method: loadUserByUsername
2026-09-05T20:09:12.296+05:30  INFO 13500 --- [doc-mind] [http-nio-8080-exec-9] c.p.docmind.aop.aspect.LoggingAspect     : Completed successfully method: loadUserByUsername
2026-09-05T20:09:12.299+05:30  INFO 13500 --- [doc-mind] [http-nio-8080-exec-9] c.p.docmind.aop.aspect.LoggingAspect     : Initiating to execute method: getCurrentUser
2026-09-05T20:09:12.299+05:30  INFO 13500 --- [doc-mind] [http-nio-8080-exec-9] c.p.docmind.aop.aspect.LoggingAspect     : Completed successfully method: getCurrentUser
2026-09-05T20:09:12.314+05:30  INFO 13500 --- [doc-mind] [http-nio-8080-exec-10] c.p.d.s.s.impl.ResolveAccessTokenImpl    : Fetching access token from request
2026-09-05T20:09:12.314+05:30  INFO 13500 --- [doc-mind] [http-nio-8080-exec-6] c.p.d.s.s.impl.ResolveAccessTokenImpl    : Fetching access token from request
2026-09-05T20:09:12.322+05:30  INFO 13500 --- [doc-mind] [http-nio-8080-exec-6] c.p.docmind.aop.aspect.LoggingAspect     : Initiating to execute method: loadUserByUsername
2026-09-05T20:09:12.323+05:30  INFO 13500 --- [doc-mind] [http-nio-8080-exec-10] c.p.docmind.aop.aspect.LoggingAspect     : Initiating to execute method: loadUserByUsername
2026-09-05T20:09:12.326+05:30  INFO 13500 --- [doc-mind] [http-nio-8080-exec-10] c.p.docmind.aop.aspect.LoggingAspect     : Completed successfully method: loadUserByUsername
2026-09-05T20:09:12.326+05:30  INFO 13500 --- [doc-mind] [http-nio-8080-exec-6] c.p.docmind.aop.aspect.LoggingAspect     : Completed successfully method: loadUserByUsername
2026-09-05T20:09:12.328+05:30  INFO 13500 --- [doc-mind] [http-nio-8080-exec-10] c.p.docmind.aop.aspect.LoggingAspect     : Initiating to execute method: getCurrentUser
2026-09-05T20:09:12.329+05:30  INFO 13500 --- [doc-mind] [http-nio-8080-exec-10] c.p.docmind.aop.aspect.LoggingAspect     : Completed successfully method: getCurrentUser
2026-09-05T20:09:12.330+05:30  INFO 13500 --- [doc-mind] [http-nio-8080-exec-6] c.p.docmind.aop.aspect.LoggingAspect     : Initiating to execute method: fetchDocuments
2026-09-05T20:09:12.338+05:30  INFO 13500 --- [doc-mind] [http-nio-8080-exec-6] c.p.docmind.aop.aspect.LoggingAspect     : Completed successfully method: fetchDocuments
2026-09-05T20:09:16.383+05:30  INFO 13500 --- [doc-mind] [http-nio-8080-exec-8] c.p.d.s.s.impl.ResolveAccessTokenImpl    : Fetching access token from request
2026-09-05T20:09:16.396+05:30  INFO 13500 --- [doc-mind] [http-nio-8080-exec-8] c.p.docmind.aop.aspect.LoggingAspect     : Initiating to execute method: loadUserByUsername
2026-09-05T20:09:16.399+05:30  INFO 13500 --- [doc-mind] [http-nio-8080-exec-8] c.p.docmind.aop.aspect.LoggingAspect     : Completed successfully method: loadUserByUsername
2026-09-05T20:09:16.405+05:30  INFO 13500 --- [doc-mind] [http-nio-8080-exec-8] c.p.docmind.aop.aspect.LoggingAspect     : Initiating to execute method: fetchDocuments
2026-09-05T20:09:16.411+05:30  INFO 13500 --- [doc-mind] [http-nio-8080-exec-8] c.p.docmind.aop.aspect.LoggingAspect     : Completed successfully method: fetchDocuments
2026-09-05T20:10:15.576+05:30  INFO 13500 --- [doc-mind] [http-nio-8080-exec-4] c.p.d.s.s.impl.ResolveAccessTokenImpl    : Fetching access token from request
2026-09-05T20:10:15.587+05:30  INFO 13500 --- [doc-mind] [http-nio-8080-exec-4] c.p.docmind.aop.aspect.LoggingAspect     : Initiating to execute method: loadUserByUsername
2026-09-05T20:10:15.591+05:30  INFO 13500 --- [doc-mind] [http-nio-8080-exec-4] c.p.docmind.aop.aspect.LoggingAspect     : Completed successfully method: loadUserByUsername
2026-09-05T20:10:15.597+05:30  INFO 13500 --- [doc-mind] [http-nio-8080-exec-4] c.p.docmind.aop.aspect.LoggingAspect     : Initiating to execute method: fetchDocuments
2026-09-05T20:10:15.603+05:30  INFO 13500 --- [doc-mind] [http-nio-8080-exec-4] c.p.docmind.aop.aspect.LoggingAspect     : Completed successfully method: fetchDocuments
2026-09-05T20:13:30.919+05:30  INFO 13500 --- [doc-mind] [http-nio-8080-exec-7] c.p.d.s.s.impl.ResolveAccessTokenImpl    : Fetching access token from request
2026-09-05T20:13:30.919+05:30  INFO 13500 --- [doc-mind] [http-nio-8080-exec-3] c.p.d.s.s.impl.ResolveAccessTokenImpl    : Fetching access token from request
2026-09-05T20:13:30.929+05:30  INFO 13500 --- [doc-mind] [http-nio-8080-exec-3] c.p.docmind.aop.aspect.LoggingAspect     : Initiating to execute method: loadUserByUsername
2026-09-05T20:13:30.930+05:30  INFO 13500 --- [doc-mind] [http-nio-8080-exec-7] c.p.docmind.aop.aspect.LoggingAspect     : Initiating to execute method: loadUserByUsername
2026-09-05T20:13:30.935+05:30  INFO 13500 --- [doc-mind] [http-nio-8080-exec-3] c.p.docmind.aop.aspect.LoggingAspect     : Completed successfully method: loadUserByUsername
2026-09-05T20:13:30.935+05:30  INFO 13500 --- [doc-mind] [http-nio-8080-exec-7] c.p.docmind.aop.aspect.LoggingAspect     : Completed successfully method: loadUserByUsername
2026-09-05T20:13:30.937+05:30  INFO 13500 --- [doc-mind] [http-nio-8080-exec-3] c.p.docmind.aop.aspect.LoggingAspect     : Initiating to execute method: getCurrentUser
2026-09-05T20:13:30.937+05:30  INFO 13500 --- [doc-mind] [http-nio-8080-exec-3] c.p.docmind.aop.aspect.LoggingAspect     : Completed successfully method: getCurrentUser
2026-09-05T20:13:30.942+05:30  INFO 13500 --- [doc-mind] [http-nio-8080-exec-7] c.p.docmind.aop.aspect.LoggingAspect     : Initiating to execute method: fetchDocuments
2026-09-05T20:13:30.950+05:30  INFO 13500 --- [doc-mind] [http-nio-8080-exec-7] c.p.docmind.aop.aspect.LoggingAspect     : Completed successfully method: fetchDocuments
2026-09-05T20:13:30.957+05:30  INFO 13500 --- [doc-mind] [http-nio-8080-exec-10] c.p.d.s.s.impl.ResolveAccessTokenImpl    : Fetching access token from request
2026-09-05T20:13:30.965+05:30  INFO 13500 --- [doc-mind] [http-nio-8080-exec-6] c.p.d.s.s.impl.ResolveAccessTokenImpl    : Fetching access token from request
2026-09-05T20:13:30.965+05:30  INFO 13500 --- [doc-mind] [http-nio-8080-exec-10] c.p.docmind.aop.aspect.LoggingAspect     : Initiating to execute method: loadUserByUsername
2026-09-05T20:13:30.970+05:30  INFO 13500 --- [doc-mind] [http-nio-8080-exec-10] c.p.docmind.aop.aspect.LoggingAspect     : Completed successfully method: loadUserByUsername
2026-09-05T20:13:30.970+05:30  INFO 13500 --- [doc-mind] [http-nio-8080-exec-6] c.p.docmind.aop.aspect.LoggingAspect     : Initiating to execute method: loadUserByUsername
2026-09-05T20:13:30.972+05:30  INFO 13500 --- [doc-mind] [http-nio-8080-exec-10] c.p.docmind.aop.aspect.LoggingAspect     : Initiating to execute method: getCurrentUser
2026-09-05T20:13:30.973+05:30  INFO 13500 --- [doc-mind] [http-nio-8080-exec-10] c.p.docmind.aop.aspect.LoggingAspect     : Completed successfully method: getCurrentUser
2026-09-05T20:13:30.974+05:30  INFO 13500 --- [doc-mind] [http-nio-8080-exec-6] c.p.docmind.aop.aspect.LoggingAspect     : Completed successfully method: loadUserByUsername
2026-09-05T20:13:30.986+05:30  INFO 13500 --- [doc-mind] [http-nio-8080-exec-6] c.p.docmind.aop.aspect.LoggingAspect     : Initiating to execute method: fetchDocuments
2026-09-05T20:13:30.993+05:30  INFO 13500 --- [doc-mind] [http-nio-8080-exec-6] c.p.docmind.aop.aspect.LoggingAspect     : Completed successfully method: fetchDocuments
2026-09-05T20:13:34.835+05:30  INFO 13500 --- [doc-mind] [http-nio-8080-exec-8] c.p.d.s.s.impl.ResolveAccessTokenImpl    : Fetching access token from request
2026-09-05T20:13:34.844+05:30  INFO 13500 --- [doc-mind] [http-nio-8080-exec-8] c.p.docmind.aop.aspect.LoggingAspect     : Initiating to execute method: loadUserByUsername
2026-09-05T20:13:34.849+05:30  INFO 13500 --- [doc-mind] [http-nio-8080-exec-8] c.p.docmind.aop.aspect.LoggingAspect     : Completed successfully method: loadUserByUsername
2026-09-05T20:13:34.856+05:30  INFO 13500 --- [doc-mind] [http-nio-8080-exec-8] c.p.docmind.aop.aspect.LoggingAspect     : Initiating to execute method: fetchDocuments
2026-09-05T20:13:34.860+05:30  INFO 13500 --- [doc-mind] [http-nio-8080-exec-8] c.p.docmind.aop.aspect.LoggingAspect     : Completed successfully method: fetchDocuments
2026-09-05T20:13:37.609+05:30  INFO 13500 --- [doc-mind] [http-nio-8080-exec-1] c.p.d.s.s.impl.ResolveAccessTokenImpl    : Fetching access token from request
2026-09-05T20:13:37.612+05:30  INFO 13500 --- [doc-mind] [http-nio-8080-exec-5] c.p.d.s.s.impl.ResolveAccessTokenImpl    : Fetching access token from request
2026-09-05T20:13:37.620+05:30  INFO 13500 --- [doc-mind] [http-nio-8080-exec-1] c.p.docmind.aop.aspect.LoggingAspect     : Initiating to execute method: loadUserByUsername
2026-09-05T20:13:37.620+05:30  INFO 13500 --- [doc-mind] [http-nio-8080-exec-5] c.p.docmind.aop.aspect.LoggingAspect     : Initiating to execute method: loadUserByUsername
2026-09-05T20:13:37.625+05:30  INFO 13500 --- [doc-mind] [http-nio-8080-exec-5] c.p.docmind.aop.aspect.LoggingAspect     : Completed successfully method: loadUserByUsername
2026-09-05T20:13:37.625+05:30  INFO 13500 --- [doc-mind] [http-nio-8080-exec-1] c.p.docmind.aop.aspect.LoggingAspect     : Completed successfully method: loadUserByUsername
2026-09-05T20:13:37.628+05:30  INFO 13500 --- [doc-mind] [http-nio-8080-exec-5] c.p.docmind.aop.aspect.LoggingAspect     : Initiating to execute method: getCurrentUser
2026-09-05T20:13:37.628+05:30  INFO 13500 --- [doc-mind] [http-nio-8080-exec-5] c.p.docmind.aop.aspect.LoggingAspect     : Completed successfully method: getCurrentUser
2026-09-05T20:13:37.631+05:30  INFO 13500 --- [doc-mind] [http-nio-8080-exec-1] c.p.docmind.aop.aspect.LoggingAspect     : Initiating to execute method: fetchDocuments
2026-09-05T20:13:37.637+05:30  INFO 13500 --- [doc-mind] [http-nio-8080-exec-9] c.p.d.s.s.impl.ResolveAccessTokenImpl    : Fetching access token from request
2026-09-05T20:13:37.644+05:30  INFO 13500 --- [doc-mind] [http-nio-8080-exec-1] c.p.docmind.aop.aspect.LoggingAspect     : Completed successfully method: fetchDocuments
2026-09-05T20:13:37.651+05:30  INFO 13500 --- [doc-mind] [http-nio-8080-exec-9] c.p.docmind.aop.aspect.LoggingAspect     : Initiating to execute method: loadUserByUsername
2026-09-05T20:13:37.651+05:30  INFO 13500 --- [doc-mind] [http-nio-8080-exec-9] c.p.docmind.aop.aspect.LoggingAspect     : Completed successfully method: loadUserByUsername
2026-09-05T20:13:37.658+05:30  INFO 13500 --- [doc-mind] [http-nio-8080-exec-7] c.p.d.s.s.impl.ResolveAccessTokenImpl    : Fetching access token from request
2026-09-05T20:13:37.658+05:30  INFO 13500 --- [doc-mind] [http-nio-8080-exec-9] c.p.docmind.aop.aspect.LoggingAspect     : Initiating to execute method: getCurrentUser
2026-09-05T20:13:37.658+05:30  INFO 13500 --- [doc-mind] [http-nio-8080-exec-9] c.p.docmind.aop.aspect.LoggingAspect     : Completed successfully method: getCurrentUser
2026-09-05T20:13:37.669+05:30  INFO 13500 --- [doc-mind] [http-nio-8080-exec-7] c.p.docmind.aop.aspect.LoggingAspect     : Initiating to execute method: loadUserByUsername
2026-09-05T20:13:37.674+05:30  INFO 13500 --- [doc-mind] [http-nio-8080-exec-7] c.p.docmind.aop.aspect.LoggingAspect     : Completed successfully method: loadUserByUsername
2026-09-05T20:13:37.680+05:30  INFO 13500 --- [doc-mind] [http-nio-8080-exec-7] c.p.docmind.aop.aspect.LoggingAspect     : Initiating to execute method: fetchDocuments
2026-09-05T20:13:37.685+05:30  INFO 13500 --- [doc-mind] [http-nio-8080-exec-7] c.p.docmind.aop.aspect.LoggingAspect     : Completed successfully method: fetchDocuments
2026-09-05T20:13:59.302+05:30  INFO 13500 --- [doc-mind] [SpringApplicationShutdownHook] o.s.boot.tomcat.GracefulShutdown         : Commencing graceful shutdown. Waiting for active requests to complete
2026-09-05T20:13:59.308+05:30  INFO 13500 --- [doc-mind] [tomcat-shutdown] o.s.boot.tomcat.GracefulShutdown         : Graceful shutdown complete
2026-09-05T20:13:59.338+05:30  INFO 13500 --- [doc-mind] [SpringApplicationShutdownHook] j.LocalContainerEntityManagerFactoryBean : Closing JPA EntityManagerFactory for persistence unit 'default'
2026-09-05T20:13:59.341+05:30  INFO 13500 --- [doc-mind] [SpringApplicationShutdownHook] com.zaxxer.hikari.HikariDataSource       : DocMindHikariPool - Shutdown initiated...
2026-09-05T20:13:59.342+05:30  INFO 13500 --- [doc-mind] [SpringApplicationShutdownHook] com.zaxxer.hikari.HikariDataSource       : DocMindHikariPool - Shutdown completed.
2026-09-05T20:15:37.073+05:30  INFO 23984 --- [doc-mind] [main] com.pranit.docmind.DocMindApplication    : Starting DocMindApplication using Java 25.0.3 with PID 23984 (P:\Backend Development\DocMind\DocMind\docmind-backend\doc-mind\build\classes\java\main started by Pranit in P:\Backend Development\DocMind\DocMind\docmind-backend)
2026-09-05T20:15:37.075+05:30  INFO 23984 --- [doc-mind] [main] com.pranit.docmind.DocMindApplication    : The following 1 profile is active: "dev"
2026-09-05T20:15:37.975+05:30  INFO 23984 --- [doc-mind] [main] .s.d.r.c.RepositoryConfigurationDelegate : Multiple Spring Data modules found, entering strict repository configuration mode
2026-09-05T20:15:37.977+05:30  INFO 23984 --- [doc-mind] [main] .s.d.r.c.RepositoryConfigurationDelegate : Bootstrapping Spring Data JPA repositories in DEFAULT mode.
2026-09-05T20:15:38.093+05:30  INFO 23984 --- [doc-mind] [main] .s.d.r.c.RepositoryConfigurationDelegate : Finished Spring Data repository scanning in 110 ms. Found 7 JPA repository interfaces.
2026-09-05T20:15:38.121+05:30  INFO 23984 --- [doc-mind] [main] .s.d.r.c.RepositoryConfigurationDelegate : Multiple Spring Data modules found, entering strict repository configuration mode
2026-09-05T20:15:38.122+05:30  INFO 23984 --- [doc-mind] [main] .s.d.r.c.RepositoryConfigurationDelegate : Bootstrapping Spring Data Redis repositories in DEFAULT mode.
2026-09-05T20:15:38.143+05:30  INFO 23984 --- [doc-mind] [main] .RepositoryConfigurationExtensionSupport : Spring Data Redis - Could not safely identify store assignment for repository candidate interface com.pranit.docmind.authentication.repository.RefreshTokenRepository; If you want this repository to be a Redis repository, consider annotating your entities with one of these annotations: org.springframework.data.redis.core.RedisHash (preferred), or consider extending one of the following types with your repository: org.springframework.data.keyvalue.repository.KeyValueRepository
2026-09-05T20:15:38.143+05:30  INFO 23984 --- [doc-mind] [main] .RepositoryConfigurationExtensionSupport : Spring Data Redis - Could not safely identify store assignment for repository candidate interface com.pranit.docmind.authentication.repository.UserRepository; If you want this repository to be a Redis repository, consider annotating your entities with one of these annotations: org.springframework.data.redis.core.RedisHash (preferred), or consider extending one of the following types with your repository: org.springframework.data.keyvalue.repository.KeyValueRepository
2026-09-05T20:15:38.144+05:30  INFO 23984 --- [doc-mind] [main] .RepositoryConfigurationExtensionSupport : Spring Data Redis - Could not safely identify store assignment for repository candidate interface com.pranit.docmind.authorization.repository.RoleRepository; If you want this repository to be a Redis repository, consider annotating your entities with one of these annotations: org.springframework.data.redis.core.RedisHash (preferred), or consider extending one of the following types with your repository: org.springframework.data.keyvalue.repository.KeyValueRepository
2026-09-05T20:15:38.144+05:30  INFO 23984 --- [doc-mind] [main] .RepositoryConfigurationExtensionSupport : Spring Data Redis - Could not safely identify store assignment for repository candidate interface com.pranit.docmind.authorization.repository.UserRoleRepository; If you want this repository to be a Redis repository, consider annotating your entities with one of these annotations: org.springframework.data.redis.core.RedisHash (preferred), or consider extending one of the following types with your repository: org.springframework.data.keyvalue.repository.KeyValueRepository
2026-09-05T20:15:38.144+05:30  INFO 23984 --- [doc-mind] [main] .RepositoryConfigurationExtensionSupport : Spring Data Redis - Could not safely identify store assignment for repository candidate interface com.pranit.docmind.document.repository.DocumentRepository; If you want this repository to be a Redis repository, consider annotating your entities with one of these annotations: org.springframework.data.redis.core.RedisHash (preferred), or consider extending one of the following types with your repository: org.springframework.data.keyvalue.repository.KeyValueRepository
2026-09-05T20:15:38.144+05:30  INFO 23984 --- [doc-mind] [main] .RepositoryConfigurationExtensionSupport : Spring Data Redis - Could not safely identify store assignment for repository candidate interface com.pranit.docmind.document.repository.SeedHistoryRepository; If you want this repository to be a Redis repository, consider annotating your entities with one of these annotations: org.springframework.data.redis.core.RedisHash (preferred), or consider extending one of the following types with your repository: org.springframework.data.keyvalue.repository.KeyValueRepository
2026-09-05T20:15:38.144+05:30  INFO 23984 --- [doc-mind] [main] .RepositoryConfigurationExtensionSupport : Spring Data Redis - Could not safely identify store assignment for repository candidate interface com.pranit.docmind.otp.repository.OtpRepository; If you want this repository to be a Redis repository, consider annotating your entities with one of these annotations: org.springframework.data.redis.core.RedisHash (preferred), or consider extending one of the following types with your repository: org.springframework.data.keyvalue.repository.KeyValueRepository
2026-09-05T20:15:38.144+05:30  INFO 23984 --- [doc-mind] [main] .s.d.r.c.RepositoryConfigurationDelegate : Finished Spring Data repository scanning in 16 ms. Found 0 Redis repository interfaces.
2026-09-05T20:15:38.721+05:30  INFO 23984 --- [doc-mind] [main] o.s.boot.tomcat.TomcatWebServer          : Tomcat initialized with port 8080 (http)
2026-09-05T20:15:38.730+05:30  INFO 23984 --- [doc-mind] [main] o.apache.catalina.core.StandardService   : Starting service [Tomcat]
2026-09-05T20:15:38.731+05:30  INFO 23984 --- [doc-mind] [main] o.apache.catalina.core.StandardEngine    : Starting Servlet engine: [Apache Tomcat/11.0.24]
2026-09-05T20:15:38.796+05:30  INFO 23984 --- [doc-mind] [main] b.w.c.s.WebApplicationContextInitializer : Root WebApplicationContext: initialization completed in 1697 ms
2026-09-05T20:15:39.289+05:30  INFO 23984 --- [doc-mind] [main] com.zaxxer.hikari.HikariDataSource       : DocMindHikariPool - Starting...
2026-09-05T20:15:39.395+05:30  INFO 23984 --- [doc-mind] [main] com.zaxxer.hikari.pool.HikariPool        : DocMindHikariPool - Added connection org.postgresql.jdbc.PgConnection@7e0941cc
2026-09-05T20:15:39.396+05:30  INFO 23984 --- [doc-mind] [main] com.zaxxer.hikari.HikariDataSource       : DocMindHikariPool - Start completed.
2026-09-05T20:15:39.408+05:30  INFO 23984 --- [doc-mind] [main] org.flywaydb.core.FlywayExecutor         : Database: jdbc:postgresql://localhost:5432/docmind (PostgreSQL 18.4)
2026-09-05T20:15:39.448+05:30  INFO 23984 --- [doc-mind] [main] o.f.core.internal.command.DbValidate     : Successfully validated 2 migrations (execution time 00:00.014s)
2026-09-05T20:15:39.491+05:30  INFO 23984 --- [doc-mind] [main] o.f.core.internal.command.DbMigrate      : Current version of schema "public": 2
2026-09-05T20:15:39.493+05:30  INFO 23984 --- [doc-mind] [main] o.f.core.internal.command.DbMigrate      : Schema "public" is up to date. No migration necessary.
2026-09-05T20:15:39.592+05:30  INFO 23984 --- [doc-mind] [main] org.hibernate.orm.jpa                    : HHH008540: Processing PersistenceUnitInfo [name: default]
2026-09-05T20:15:39.630+05:30  INFO 23984 --- [doc-mind] [main] org.hibernate.orm.core                   : HHH000001: Hibernate ORM core version 7.4.5.Final
2026-09-05T20:15:39.935+05:30  INFO 23984 --- [doc-mind] [main] o.s.o.j.p.SpringPersistenceUnitInfo      : No LoadTimeWeaver setup: ignoring JPA class transformer
2026-09-05T20:15:39.974+05:30  WARN 23984 --- [doc-mind] [main] org.hibernate.orm.deprecation            : HHH90000025: PostgreSQLDialect does not need to be specified explicitly using 'hibernate.dialect' (remove the property setting and it will be selected by default)
2026-09-05T20:15:39.988+05:30  INFO 23984 --- [doc-mind] [main] org.hibernate.orm.connections.pooling    : HHH10001005: Database info:
	Database JDBC URL [jdbc:postgresql://localhost:5432/docmind]
	Database driver: PostgreSQL JDBC Driver
	Database dialect: PostgreSQLDialect
	Database version: 18.4
	Default catalog/schema: docmind/public
	Autocommit mode: undefined/unknown
	Isolation level: READ_COMMITTED [default READ_COMMITTED]
	JDBC fetch size: none
	Pool: DataSourceConnectionProvider
	Minimum pool size: undefined/unknown
	Maximum pool size: undefined/unknown
2026-09-05T20:15:40.727+05:30  INFO 23984 --- [doc-mind] [main] org.hibernate.orm.core                   : HHH000489: No JTA platform available (set 'hibernate.transaction.jta.platform' to enable JTA platform integration)
2026-09-05T20:15:40.767+05:30  INFO 23984 --- [doc-mind] [main] j.LocalContainerEntityManagerFactoryBean : Initialized JPA EntityManagerFactory for persistence unit 'default'
2026-09-05T20:15:40.815+05:30  INFO 23984 --- [doc-mind] [main] o.s.d.j.r.query.QueryEnhancerFactories   : Hibernate is in classpath; If applicable, HQL parser will be used.
2026-09-05T20:15:42.498+05:30  INFO 23984 --- [doc-mind] [main] r$InitializeUserDetailsManagerConfigurer : Global AuthenticationManager configured with UserDetailsService bean with name userDetailServiceImpl
2026-09-05T20:15:42.751+05:30  WARN 23984 --- [doc-mind] [main] JpaBaseConfiguration$JpaWebConfiguration : spring.jpa.open-in-view is enabled by default. Therefore, database queries may be performed during view rendering. Explicitly configure spring.jpa.open-in-view to disable this warning
2026-09-05T20:15:43.520+05:30  INFO 23984 --- [doc-mind] [main] o.s.b.a.e.web.EndpointLinksResolver      : Exposing 1 endpoint beneath base path '/actuator'
2026-09-05T20:15:43.616+05:30  INFO 23984 --- [doc-mind] [main] o.s.boot.tomcat.TomcatWebServer          : Tomcat started on port 8080 (http) with context path '/'
2026-09-05T20:15:43.627+05:30  INFO 23984 --- [doc-mind] [main] com.pranit.docmind.DocMindApplication    : Started DocMindApplication in 6.848 seconds (process running for 7.198)
2026-09-05T20:15:43.729+05:30  INFO 23984 --- [doc-mind] [main] c.p.d.authentication.seed.AdminSeeder    : Admin user already exists: admin
2026-09-05T20:15:43.753+05:30  INFO 23984 --- [doc-mind] [scheduling-1] c.p.d.document.seed.DocumentSeeder       : Already seeded: java-backend.txt
2026-09-05T20:15:43.753+05:30  INFO 23984 --- [doc-mind] [scheduling-1] c.p.d.document.seed.DocumentSeeder       : Document seeding complete.
2026-09-05T20:19:13.463+05:30  INFO 23984 --- [doc-mind] [http-nio-8080-exec-5] o.a.c.c.C.[Tomcat].[localhost].[/]       : Initializing Spring DispatcherServlet 'dispatcherServlet'
2026-09-05T20:19:13.463+05:30  INFO 23984 --- [doc-mind] [http-nio-8080-exec-5] o.s.web.servlet.DispatcherServlet        : Initializing Servlet 'dispatcherServlet'
2026-09-05T20:19:13.471+05:30  INFO 23984 --- [doc-mind] [http-nio-8080-exec-5] o.s.web.servlet.DispatcherServlet        : Completed initialization in 8 ms
2026-09-05T20:19:13.595+05:30  INFO 23984 --- [doc-mind] [http-nio-8080-exec-5] c.p.d.s.s.impl.ResolveAccessTokenImpl    : Fetching access token from request
2026-09-05T20:19:13.595+05:30  INFO 23984 --- [doc-mind] [http-nio-8080-exec-1] c.p.d.s.s.impl.ResolveAccessTokenImpl    : Fetching access token from request
2026-09-05T20:19:15.284+05:30  INFO 23984 --- [doc-mind] [http-nio-8080-exec-5] c.p.docmind.aop.aspect.LoggingAspect     : Initiating to execute method: loadUserByUsername
2026-09-05T20:19:15.284+05:30  INFO 23984 --- [doc-mind] [http-nio-8080-exec-1] c.p.docmind.aop.aspect.LoggingAspect     : Initiating to execute method: loadUserByUsername
2026-09-05T20:19:15.341+05:30  INFO 23984 --- [doc-mind] [http-nio-8080-exec-1] c.p.docmind.aop.aspect.LoggingAspect     : Completed successfully method: loadUserByUsername
2026-09-05T20:19:15.341+05:30  INFO 23984 --- [doc-mind] [http-nio-8080-exec-5] c.p.docmind.aop.aspect.LoggingAspect     : Completed successfully method: loadUserByUsername
2026-09-05T20:19:15.366+05:30  INFO 23984 --- [doc-mind] [http-nio-8080-exec-5] c.p.docmind.aop.aspect.LoggingAspect     : Initiating to execute method: getCurrentUser
2026-09-05T20:19:15.366+05:30  INFO 23984 --- [doc-mind] [http-nio-8080-exec-5] c.p.docmind.aop.aspect.LoggingAspect     : Completed successfully method: getCurrentUser
2026-09-05T20:19:15.378+05:30  INFO 23984 --- [doc-mind] [http-nio-8080-exec-1] c.p.docmind.aop.aspect.LoggingAspect     : Initiating to execute method: fetchDocuments
2026-09-05T20:19:15.411+05:30  INFO 23984 --- [doc-mind] [http-nio-8080-exec-1] c.p.docmind.aop.aspect.LoggingAspect     : Completed successfully method: fetchDocuments
2026-09-05T20:19:15.494+05:30  INFO 23984 --- [doc-mind] [http-nio-8080-exec-6] c.p.d.s.s.impl.ResolveAccessTokenImpl    : Fetching access token from request
2026-09-05T20:19:15.510+05:30  INFO 23984 --- [doc-mind] [http-nio-8080-exec-4] c.p.d.s.s.impl.ResolveAccessTokenImpl    : Fetching access token from request
2026-09-05T20:19:15.512+05:30  INFO 23984 --- [doc-mind] [http-nio-8080-exec-6] c.p.docmind.aop.aspect.LoggingAspect     : Initiating to execute method: loadUserByUsername
2026-09-05T20:19:15.515+05:30  INFO 23984 --- [doc-mind] [http-nio-8080-exec-4] c.p.docmind.aop.aspect.LoggingAspect     : Initiating to execute method: loadUserByUsername
2026-09-05T20:19:15.518+05:30  INFO 23984 --- [doc-mind] [http-nio-8080-exec-4] c.p.docmind.aop.aspect.LoggingAspect     : Completed successfully method: loadUserByUsername
2026-09-05T20:19:15.518+05:30  INFO 23984 --- [doc-mind] [http-nio-8080-exec-6] c.p.docmind.aop.aspect.LoggingAspect     : Completed successfully method: loadUserByUsername
2026-09-05T20:19:15.521+05:30  INFO 23984 --- [doc-mind] [http-nio-8080-exec-6] c.p.docmind.aop.aspect.LoggingAspect     : Initiating to execute method: getCurrentUser
2026-09-05T20:19:15.522+05:30  INFO 23984 --- [doc-mind] [http-nio-8080-exec-6] c.p.docmind.aop.aspect.LoggingAspect     : Completed successfully method: getCurrentUser
2026-09-05T20:19:15.522+05:30  INFO 23984 --- [doc-mind] [http-nio-8080-exec-4] c.p.docmind.aop.aspect.LoggingAspect     : Initiating to execute method: fetchDocuments
2026-09-05T20:19:15.526+05:30  INFO 23984 --- [doc-mind] [http-nio-8080-exec-4] c.p.docmind.aop.aspect.LoggingAspect     : Completed successfully method: fetchDocuments
2026-09-05T20:19:27.372+05:30  INFO 23984 --- [doc-mind] [http-nio-8080-exec-3] c.p.d.s.s.impl.ResolveAccessTokenImpl    : Fetching access token from request
2026-09-05T20:19:27.373+05:30  INFO 23984 --- [doc-mind] [http-nio-8080-exec-7] c.p.d.s.s.impl.ResolveAccessTokenImpl    : Fetching access token from request
2026-09-05T20:19:27.382+05:30  INFO 23984 --- [doc-mind] [http-nio-8080-exec-3] c.p.docmind.aop.aspect.LoggingAspect     : Initiating to execute method: loadUserByUsername
2026-09-05T20:19:27.383+05:30  INFO 23984 --- [doc-mind] [http-nio-8080-exec-7] c.p.docmind.aop.aspect.LoggingAspect     : Initiating to execute method: loadUserByUsername
2026-09-05T20:19:27.394+05:30  INFO 23984 --- [doc-mind] [http-nio-8080-exec-3] c.p.docmind.aop.aspect.LoggingAspect     : Completed successfully method: loadUserByUsername
2026-09-05T20:19:27.394+05:30  INFO 23984 --- [doc-mind] [http-nio-8080-exec-7] c.p.docmind.aop.aspect.LoggingAspect     : Completed successfully method: loadUserByUsername
2026-09-05T20:19:27.398+05:30  INFO 23984 --- [doc-mind] [http-nio-8080-exec-3] c.p.docmind.aop.aspect.LoggingAspect     : Initiating to execute method: getCurrentUser
2026-09-05T20:19:27.398+05:30  INFO 23984 --- [doc-mind] [http-nio-8080-exec-3] c.p.docmind.aop.aspect.LoggingAspect     : Completed successfully method: getCurrentUser
2026-09-05T20:19:27.406+05:30  INFO 23984 --- [doc-mind] [http-nio-8080-exec-7] c.p.docmind.aop.aspect.LoggingAspect     : Initiating to execute method: fetchDocuments
2026-09-05T20:19:27.412+05:30  INFO 23984 --- [doc-mind] [http-nio-8080-exec-2] c.p.d.s.s.impl.ResolveAccessTokenImpl    : Fetching access token from request
2026-09-05T20:19:27.412+05:30  INFO 23984 --- [doc-mind] [http-nio-8080-exec-7] c.p.docmind.aop.aspect.LoggingAspect     : Completed successfully method: fetchDocuments
2026-09-05T20:19:27.429+05:30  INFO 23984 --- [doc-mind] [http-nio-8080-exec-2] c.p.docmind.aop.aspect.LoggingAspect     : Initiating to execute method: loadUserByUsername
2026-09-05T20:19:27.434+05:30  INFO 23984 --- [doc-mind] [http-nio-8080-exec-9] c.p.d.s.s.impl.ResolveAccessTokenImpl    : Fetching access token from request
2026-09-05T20:19:27.437+05:30  INFO 23984 --- [doc-mind] [http-nio-8080-exec-2] c.p.docmind.aop.aspect.LoggingAspect     : Completed successfully method: loadUserByUsername
2026-09-05T20:19:27.445+05:30  INFO 23984 --- [doc-mind] [http-nio-8080-exec-2] c.p.docmind.aop.aspect.LoggingAspect     : Initiating to execute method: getCurrentUser
2026-09-05T20:19:27.446+05:30  INFO 23984 --- [doc-mind] [http-nio-8080-exec-2] c.p.docmind.aop.aspect.LoggingAspect     : Completed successfully method: getCurrentUser
2026-09-05T20:19:27.447+05:30  INFO 23984 --- [doc-mind] [http-nio-8080-exec-9] c.p.docmind.aop.aspect.LoggingAspect     : Initiating to execute method: loadUserByUsername
2026-09-05T20:19:27.454+05:30  INFO 23984 --- [doc-mind] [http-nio-8080-exec-9] c.p.docmind.aop.aspect.LoggingAspect     : Completed successfully method: loadUserByUsername
2026-09-05T20:19:27.461+05:30  INFO 23984 --- [doc-mind] [http-nio-8080-exec-9] c.p.docmind.aop.aspect.LoggingAspect     : Initiating to execute method: fetchDocuments
2026-09-05T20:19:27.474+05:30  INFO 23984 --- [doc-mind] [http-nio-8080-exec-9] c.p.docmind.aop.aspect.LoggingAspect     : Completed successfully method: fetchDocuments
2026-09-05T20:19:38.732+05:30  INFO 23984 --- [doc-mind] [http-nio-8080-exec-8] c.p.d.s.s.impl.ResolveAccessTokenImpl    : Fetching access token from request
2026-09-05T20:19:39.021+05:30  INFO 23984 --- [doc-mind] [http-nio-8080-exec-8] c.p.docmind.aop.aspect.LoggingAspect     : Initiating to execute method: loadUserByUsername
2026-09-05T20:19:39.038+05:30  INFO 23984 --- [doc-mind] [http-nio-8080-exec-8] c.p.docmind.aop.aspect.LoggingAspect     : Completed successfully method: loadUserByUsername
2026-09-05T20:19:39.231+05:30  INFO 23984 --- [doc-mind] [http-nio-8080-exec-8] c.p.docmind.aop.aspect.LoggingAspect     : Initiating to execute method: uploadDocument
2026-09-05T20:19:39.356+05:30  INFO 23984 --- [doc-mind] [http-nio-8080-exec-8] c.p.docmind.aop.aspect.LoggingAspect     : Initiating to execute method: markProcessing
2026-09-05T20:19:39.390+05:30  INFO 23984 --- [doc-mind] [http-nio-8080-exec-8] c.p.docmind.aop.aspect.LoggingAspect     : Completed successfully method: markProcessing
2026-09-05T20:19:40.051+05:30  INFO 23984 --- [doc-mind] [http-nio-8080-exec-8] o.s.ai.reader.pdf.PagePdfDocumentReader  : Processing PDF page: 1
2026-09-05T20:19:40.807+05:30  INFO 23984 --- [doc-mind] [http-nio-8080-exec-8] o.s.ai.reader.pdf.PagePdfDocumentReader  : Processing PDF page: 2
2026-09-05T20:19:40.869+05:30  INFO 23984 --- [doc-mind] [http-nio-8080-exec-8] o.s.ai.reader.pdf.PagePdfDocumentReader  : Processing PDF page: 3
2026-09-05T20:19:40.917+05:30  INFO 23984 --- [doc-mind] [http-nio-8080-exec-8] o.s.ai.reader.pdf.PagePdfDocumentReader  : Processed total 3 pages
2026-09-05T20:19:41.293+05:30  INFO 23984 --- [doc-mind] [http-nio-8080-exec-8] o.s.a.transformer.splitter.TextSplitter  : Splitting up document into 2 chunks.
2026-09-05T20:19:41.322+05:30  INFO 23984 --- [doc-mind] [http-nio-8080-exec-8] o.s.a.transformer.splitter.TextSplitter  : Splitting up document into 2 chunks.
2026-09-05T20:19:41.341+05:30  INFO 23984 --- [doc-mind] [http-nio-8080-exec-8] o.s.a.transformer.splitter.TextSplitter  : Splitting up document into 2 chunks.
2026-09-05T20:19:44.744+05:30  INFO 23984 --- [doc-mind] [http-nio-8080-exec-8] c.p.docmind.aop.aspect.LoggingAspect     : Completed successfully method: uploadDocument
2026-09-05T20:19:44.929+05:30  INFO 23984 --- [doc-mind] [http-nio-8080-exec-10] c.p.d.s.s.impl.ResolveAccessTokenImpl    : Fetching access token from request
2026-09-05T20:19:44.945+05:30  INFO 23984 --- [doc-mind] [http-nio-8080-exec-10] c.p.docmind.aop.aspect.LoggingAspect     : Initiating to execute method: loadUserByUsername
2026-09-05T20:19:44.954+05:30  INFO 23984 --- [doc-mind] [http-nio-8080-exec-10] c.p.docmind.aop.aspect.LoggingAspect     : Completed successfully method: loadUserByUsername
2026-09-05T20:19:44.959+05:30  INFO 23984 --- [doc-mind] [http-nio-8080-exec-10] c.p.docmind.aop.aspect.LoggingAspect     : Initiating to execute method: fetchDocuments
2026-09-05T20:19:44.980+05:30  INFO 23984 --- [doc-mind] [http-nio-8080-exec-10] c.p.docmind.aop.aspect.LoggingAspect     : Completed successfully method: fetchDocuments
2026-09-05T20:19:53.381+05:30  INFO 23984 --- [doc-mind] [http-nio-8080-exec-5] c.p.d.s.s.impl.ResolveAccessTokenImpl    : Fetching access token from request
2026-09-05T20:19:53.392+05:30  INFO 23984 --- [doc-mind] [http-nio-8080-exec-5] c.p.docmind.aop.aspect.LoggingAspect     : Initiating to execute method: loadUserByUsername
2026-09-05T20:19:53.401+05:30  INFO 23984 --- [doc-mind] [http-nio-8080-exec-5] c.p.docmind.aop.aspect.LoggingAspect     : Completed successfully method: loadUserByUsername
2026-09-05T20:19:53.410+05:30  INFO 23984 --- [doc-mind] [http-nio-8080-exec-5] c.p.docmind.aop.aspect.LoggingAspect     : Initiating to execute method: uploadDocument
2026-09-05T20:19:53.427+05:30  INFO 23984 --- [doc-mind] [http-nio-8080-exec-5] c.p.docmind.aop.aspect.LoggingAspect     : Initiating to execute method: markProcessing
2026-09-05T20:19:53.430+05:30  INFO 23984 --- [doc-mind] [http-nio-8080-exec-5] c.p.docmind.aop.aspect.LoggingAspect     : Completed successfully method: markProcessing
2026-09-05T20:19:53.798+05:30  INFO 23984 --- [doc-mind] [http-nio-8080-exec-5] o.s.a.transformer.splitter.TextSplitter  : Splitting up document into 19 chunks.
2026-09-05T20:19:55.772+05:30  INFO 23984 --- [doc-mind] [http-nio-8080-exec-5] c.p.docmind.aop.aspect.LoggingAspect     : Completed successfully method: uploadDocument
2026-09-05T20:19:55.798+05:30  INFO 23984 --- [doc-mind] [http-nio-8080-exec-1] c.p.d.s.s.impl.ResolveAccessTokenImpl    : Fetching access token from request
2026-09-05T20:19:55.814+05:30  INFO 23984 --- [doc-mind] [http-nio-8080-exec-1] c.p.docmind.aop.aspect.LoggingAspect     : Initiating to execute method: loadUserByUsername
2026-09-05T20:19:55.822+05:30  INFO 23984 --- [doc-mind] [http-nio-8080-exec-1] c.p.docmind.aop.aspect.LoggingAspect     : Completed successfully method: loadUserByUsername
2026-09-05T20:19:55.832+05:30  INFO 23984 --- [doc-mind] [http-nio-8080-exec-1] c.p.docmind.aop.aspect.LoggingAspect     : Initiating to execute method: fetchDocuments
2026-09-05T20:19:55.847+05:30  INFO 23984 --- [doc-mind] [http-nio-8080-exec-1] c.p.docmind.aop.aspect.LoggingAspect     : Completed successfully method: fetchDocuments
2026-09-05T20:20:25.226+05:30  INFO 23984 --- [doc-mind] [http-nio-8080-exec-6] c.p.d.s.s.impl.ResolveAccessTokenImpl    : Fetching access token from request
2026-09-05T20:20:25.244+05:30  INFO 23984 --- [doc-mind] [http-nio-8080-exec-6] c.p.docmind.aop.aspect.LoggingAspect     : Initiating to execute method: loadUserByUsername
2026-09-05T20:20:25.244+05:30  INFO 23984 --- [doc-mind] [http-nio-8080-exec-6] c.p.docmind.aop.aspect.LoggingAspect     : Completed successfully method: loadUserByUsername
2026-09-05T20:20:25.377+05:30  INFO 23984 --- [doc-mind] [http-nio-8080-exec-6] c.p.docmind.aop.aspect.LoggingAspect     : Initiating to execute method: getStreamResponseFromAssistant
2026-09-05T20:20:25.393+05:30  INFO 23984 --- [doc-mind] [http-nio-8080-exec-6] c.p.docmind.aop.aspect.TrackingAspect    : Starting method: NvidiaModelService.getStreamResponse(..)
2026-09-05T20:20:25.393+05:30  INFO 23984 --- [doc-mind] [http-nio-8080-exec-6] c.p.docmind.aop.aspect.LoggingAspect     : Initiating to execute method: getStreamResponse
2026-09-05T20:20:25.654+05:30  INFO 23984 --- [doc-mind] [http-nio-8080-exec-6] c.p.docmind.aop.aspect.LoggingAspect     : Completed successfully method: getStreamResponse
2026-09-05T20:20:25.654+05:30  INFO 23984 --- [doc-mind] [http-nio-8080-exec-6] c.p.docmind.aop.aspect.TrackingAspect    : Ending method: NvidiaModelService.getStreamResponse(..) | Time: 00:00:257
2026-09-05T20:20:25.661+05:30  INFO 23984 --- [doc-mind] [http-nio-8080-exec-6] c.p.docmind.aop.aspect.LoggingAspect     : Completed successfully method: getStreamResponseFromAssistant
2026-09-05T20:24:23.288+05:30  INFO 23984 --- [doc-mind] [http-nio-8080-exec-3] c.p.d.s.s.impl.ResolveAccessTokenImpl    : Fetching access token from request
2026-09-05T20:24:23.314+05:30  INFO 23984 --- [doc-mind] [http-nio-8080-exec-7] c.p.d.s.s.impl.ResolveAccessTokenImpl    : Fetching access token from request
2026-09-05T20:24:25.971+05:30  INFO 23984 --- [doc-mind] [http-nio-8080-exec-2] c.p.d.s.s.impl.ResolveAccessTokenImpl    : Fetching access token from request
2026-09-05T20:25:05.436+05:30  INFO 23984 --- [doc-mind] [lettuce-eventExecutorLoop-1-1] i.l.core.protocol.ConnectionWatchdog     : Reconnecting, last destination was localhost/127.0.0.1:6379
2026-09-05T20:25:05.493+05:30  WARN 23984 --- [doc-mind] [lettuce-nioEventLoop-4-2] i.l.core.protocol.ConnectionWatchdog     : Cannot reconnect to [localhost/<unresolved>:6379]: Connection closed prematurely

io.lettuce.core.RedisConnectionException: Connection closed prematurely
	at io.lettuce.core.protocol.RedisHandshakeHandler.channelInactive(RedisHandshakeHandler.java:76) ~[lettuce-core-7.5.2.RELEASE.jar:7.5.2.RELEASE/5728917]
	at io.netty.channel.AbstractChannelHandlerContext.fireChannelInactive(AbstractChannelHandlerContext.java:251) ~[netty-transport-4.2.17.Final.jar:4.2.17.Final]
	at io.netty.channel.ChannelInboundHandlerAdapter.channelInactive(ChannelInboundHandlerAdapter.java:81) ~[netty-transport-4.2.17.Final.jar:4.2.17.Final]
	at io.lettuce.core.ChannelGroupListener.channelInactive(ChannelGroupListener.java:54) ~[lettuce-core-7.5.2.RELEASE.jar:7.5.2.RELEASE/5728917]
	at io.netty.channel.AbstractChannelHandlerContext.fireChannelInactive(AbstractChannelHandlerContext.java:251) ~[netty-transport-4.2.17.Final.jar:4.2.17.Final]
	at io.netty.channel.DefaultChannelPipeline$HeadContext.channelInactive(DefaultChannelPipeline.java:1424) ~[netty-transport-4.2.17.Final.jar:4.2.17.Final]
	at io.netty.channel.DefaultChannelPipeline.fireChannelInactive(DefaultChannelPipeline.java:876) ~[netty-transport-4.2.17.Final.jar:4.2.17.Final]
	at io.netty.channel.AbstractChannel$AbstractUnsafe$6.run(AbstractChannel.java:676) ~[netty-transport-4.2.17.Final.jar:4.2.17.Final]
	at io.netty.util.concurrent.AbstractEventExecutor.runTask(AbstractEventExecutor.java:148) ~[netty-common-4.2.17.Final.jar:4.2.17.Final]
	at io.netty.util.concurrent.AbstractEventExecutor.safeExecute(AbstractEventExecutor.java:141) ~[netty-common-4.2.17.Final.jar:4.2.17.Final]
	at io.netty.util.concurrent.SingleThreadEventExecutor.runAllTasks(SingleThreadEventExecutor.java:535) ~[netty-common-4.2.17.Final.jar:4.2.17.Final]
	at io.netty.channel.SingleThreadIoEventLoop.run(SingleThreadIoEventLoop.java:201) ~[netty-transport-4.2.17.Final.jar:4.2.17.Final]
	at io.netty.util.concurrent.SingleThreadEventExecutor$5.run(SingleThreadEventExecutor.java:1204) ~[netty-common-4.2.17.Final.jar:4.2.17.Final]
	at io.netty.util.internal.ThreadExecutorMap$2.run(ThreadExecutorMap.java:74) ~[netty-common-4.2.17.Final.jar:4.2.17.Final]
	at io.netty.util.concurrent.FastThreadLocalRunnable.run(FastThreadLocalRunnable.java:30) ~[netty-common-4.2.17.Final.jar:4.2.17.Final]
	at java.base/java.lang.Thread.run(Thread.java:1474) ~[na:na]

2026-09-05T20:25:10.731+05:30  INFO 23984 --- [doc-mind] [lettuce-eventExecutorLoop-1-12] i.l.core.protocol.ConnectionWatchdog     : Reconnecting, last destination was localhost/<unresolved>:6379
2026-09-05T20:25:10.738+05:30  WARN 23984 --- [doc-mind] [lettuce-nioEventLoop-4-13] i.l.core.protocol.ConnectionWatchdog     : Cannot reconnect to [localhost/<unresolved>:6379]: Connection refused: getsockopt: localhost/127.0.0.1:6379
2026-09-05T20:25:21.898+05:30  INFO 23984 --- [doc-mind] [SpringApplicationShutdownHook] o.s.boot.tomcat.GracefulShutdown         : Commencing graceful shutdown. Waiting for active requests to complete
2026-09-05T20:25:21.903+05:30  INFO 23984 --- [doc-mind] [tomcat-shutdown] o.s.boot.tomcat.GracefulShutdown         : Graceful shutdown complete
2026-09-05T20:25:21.919+05:30  INFO 23984 --- [doc-mind] [SpringApplicationShutdownHook] j.LocalContainerEntityManagerFactoryBean : Closing JPA EntityManagerFactory for persistence unit 'default'
2026-09-05T20:25:21.921+05:30  INFO 23984 --- [doc-mind] [SpringApplicationShutdownHook] com.zaxxer.hikari.HikariDataSource       : DocMindHikariPool - Shutdown initiated...
2026-09-05T20:25:21.922+05:30  INFO 23984 --- [doc-mind] [SpringApplicationShutdownHook] com.zaxxer.hikari.HikariDataSource       : DocMindHikariPool - Shutdown completed.
2026-09-05T21:08:48.903+05:30  INFO 4500 --- [doc-mind] [main] com.pranit.docmind.DocMindApplication    : Starting DocMindApplication using Java 25.0.3 with PID 4500 (P:\Backend Development\DocMind\DocMind\docmind-backend\doc-mind\build\classes\java\main started by Pranit in P:\Backend Development\DocMind\DocMind\docmind-backend)
2026-09-05T21:08:48.904+05:30  INFO 4500 --- [doc-mind] [main] com.pranit.docmind.DocMindApplication    : The following 1 profile is active: "dev"
2026-09-05T21:08:49.820+05:30  INFO 4500 --- [doc-mind] [main] .s.d.r.c.RepositoryConfigurationDelegate : Multiple Spring Data modules found, entering strict repository configuration mode
2026-09-05T21:08:49.822+05:30  INFO 4500 --- [doc-mind] [main] .s.d.r.c.RepositoryConfigurationDelegate : Bootstrapping Spring Data JPA repositories in DEFAULT mode.
2026-09-05T21:08:49.942+05:30  INFO 4500 --- [doc-mind] [main] .s.d.r.c.RepositoryConfigurationDelegate : Finished Spring Data repository scanning in 115 ms. Found 7 JPA repository interfaces.
2026-09-05T21:08:49.972+05:30  INFO 4500 --- [doc-mind] [main] .s.d.r.c.RepositoryConfigurationDelegate : Multiple Spring Data modules found, entering strict repository configuration mode
2026-09-05T21:08:49.973+05:30  INFO 4500 --- [doc-mind] [main] .s.d.r.c.RepositoryConfigurationDelegate : Bootstrapping Spring Data Redis repositories in DEFAULT mode.
2026-09-05T21:08:49.994+05:30  INFO 4500 --- [doc-mind] [main] .RepositoryConfigurationExtensionSupport : Spring Data Redis - Could not safely identify store assignment for repository candidate interface com.pranit.docmind.authentication.repository.RefreshTokenRepository; If you want this repository to be a Redis repository, consider annotating your entities with one of these annotations: org.springframework.data.redis.core.RedisHash (preferred), or consider extending one of the following types with your repository: org.springframework.data.keyvalue.repository.KeyValueRepository
2026-09-05T21:08:49.995+05:30  INFO 4500 --- [doc-mind] [main] .RepositoryConfigurationExtensionSupport : Spring Data Redis - Could not safely identify store assignment for repository candidate interface com.pranit.docmind.authentication.repository.UserRepository; If you want this repository to be a Redis repository, consider annotating your entities with one of these annotations: org.springframework.data.redis.core.RedisHash (preferred), or consider extending one of the following types with your repository: org.springframework.data.keyvalue.repository.KeyValueRepository
2026-09-05T21:08:49.995+05:30  INFO 4500 --- [doc-mind] [main] .RepositoryConfigurationExtensionSupport : Spring Data Redis - Could not safely identify store assignment for repository candidate interface com.pranit.docmind.authorization.repository.RoleRepository; If you want this repository to be a Redis repository, consider annotating your entities with one of these annotations: org.springframework.data.redis.core.RedisHash (preferred), or consider extending one of the following types with your repository: org.springframework.data.keyvalue.repository.KeyValueRepository
2026-09-05T21:08:49.995+05:30  INFO 4500 --- [doc-mind] [main] .RepositoryConfigurationExtensionSupport : Spring Data Redis - Could not safely identify store assignment for repository candidate interface com.pranit.docmind.authorization.repository.UserRoleRepository; If you want this repository to be a Redis repository, consider annotating your entities with one of these annotations: org.springframework.data.redis.core.RedisHash (preferred), or consider extending one of the following types with your repository: org.springframework.data.keyvalue.repository.KeyValueRepository
2026-09-05T21:08:49.995+05:30  INFO 4500 --- [doc-mind] [main] .RepositoryConfigurationExtensionSupport : Spring Data Redis - Could not safely identify store assignment for repository candidate interface com.pranit.docmind.document.repository.DocumentRepository; If you want this repository to be a Redis repository, consider annotating your entities with one of these annotations: org.springframework.data.redis.core.RedisHash (preferred), or consider extending one of the following types with your repository: org.springframework.data.keyvalue.repository.KeyValueRepository
2026-09-05T21:08:49.995+05:30  INFO 4500 --- [doc-mind] [main] .RepositoryConfigurationExtensionSupport : Spring Data Redis - Could not safely identify store assignment for repository candidate interface com.pranit.docmind.document.repository.SeedHistoryRepository; If you want this repository to be a Redis repository, consider annotating your entities with one of these annotations: org.springframework.data.redis.core.RedisHash (preferred), or consider extending one of the following types with your repository: org.springframework.data.keyvalue.repository.KeyValueRepository
2026-09-05T21:08:49.995+05:30  INFO 4500 --- [doc-mind] [main] .RepositoryConfigurationExtensionSupport : Spring Data Redis - Could not safely identify store assignment for repository candidate interface com.pranit.docmind.otp.repository.OtpRepository; If you want this repository to be a Redis repository, consider annotating your entities with one of these annotations: org.springframework.data.redis.core.RedisHash (preferred), or consider extending one of the following types with your repository: org.springframework.data.keyvalue.repository.KeyValueRepository
2026-09-05T21:08:49.995+05:30  INFO 4500 --- [doc-mind] [main] .s.d.r.c.RepositoryConfigurationDelegate : Finished Spring Data repository scanning in 17 ms. Found 0 Redis repository interfaces.
2026-09-05T21:08:50.594+05:30  INFO 4500 --- [doc-mind] [main] o.s.boot.tomcat.TomcatWebServer          : Tomcat initialized with port 8080 (http)
2026-09-05T21:08:50.603+05:30  INFO 4500 --- [doc-mind] [main] o.apache.catalina.core.StandardService   : Starting service [Tomcat]
2026-09-05T21:08:50.603+05:30  INFO 4500 --- [doc-mind] [main] o.apache.catalina.core.StandardEngine    : Starting Servlet engine: [Apache Tomcat/11.0.24]
2026-09-05T21:08:50.662+05:30  INFO 4500 --- [doc-mind] [main] b.w.c.s.WebApplicationContextInitializer : Root WebApplicationContext: initialization completed in 1732 ms
2026-09-05T21:08:51.166+05:30  INFO 4500 --- [doc-mind] [main] com.zaxxer.hikari.HikariDataSource       : DocMindHikariPool - Starting...
2026-09-05T21:08:51.270+05:30  INFO 4500 --- [doc-mind] [main] com.zaxxer.hikari.pool.HikariPool        : DocMindHikariPool - Added connection org.postgresql.jdbc.PgConnection@3da30ce5
2026-09-05T21:08:51.271+05:30  INFO 4500 --- [doc-mind] [main] com.zaxxer.hikari.HikariDataSource       : DocMindHikariPool - Start completed.
2026-09-05T21:08:51.284+05:30  INFO 4500 --- [doc-mind] [main] org.flywaydb.core.FlywayExecutor         : Database: jdbc:postgresql://localhost:5432/docmind (PostgreSQL 18.4)
2026-09-05T21:08:51.322+05:30  INFO 4500 --- [doc-mind] [main] o.f.core.internal.command.DbValidate     : Successfully validated 2 migrations (execution time 00:00.014s)
2026-09-05T21:08:51.362+05:30  INFO 4500 --- [doc-mind] [main] o.f.core.internal.command.DbMigrate      : Current version of schema "public": 2
2026-09-05T21:08:51.364+05:30  INFO 4500 --- [doc-mind] [main] o.f.core.internal.command.DbMigrate      : Schema "public" is up to date. No migration necessary.
2026-09-05T21:08:51.468+05:30  INFO 4500 --- [doc-mind] [main] org.hibernate.orm.jpa                    : HHH008540: Processing PersistenceUnitInfo [name: default]
2026-09-05T21:08:51.507+05:30  INFO 4500 --- [doc-mind] [main] org.hibernate.orm.core                   : HHH000001: Hibernate ORM core version 7.4.5.Final
2026-09-05T21:08:51.805+05:30  INFO 4500 --- [doc-mind] [main] o.s.o.j.p.SpringPersistenceUnitInfo      : No LoadTimeWeaver setup: ignoring JPA class transformer
2026-09-05T21:08:51.845+05:30  WARN 4500 --- [doc-mind] [main] org.hibernate.orm.deprecation            : HHH90000025: PostgreSQLDialect does not need to be specified explicitly using 'hibernate.dialect' (remove the property setting and it will be selected by default)
2026-09-05T21:08:51.858+05:30  INFO 4500 --- [doc-mind] [main] org.hibernate.orm.connections.pooling    : HHH10001005: Database info:
	Database JDBC URL [jdbc:postgresql://localhost:5432/docmind]
	Database driver: PostgreSQL JDBC Driver
	Database dialect: PostgreSQLDialect
	Database version: 18.4
	Default catalog/schema: docmind/public
	Autocommit mode: undefined/unknown
	Isolation level: READ_COMMITTED [default READ_COMMITTED]
	JDBC fetch size: none
	Pool: DataSourceConnectionProvider
	Minimum pool size: undefined/unknown
	Maximum pool size: undefined/unknown
2026-09-05T21:08:52.624+05:30  INFO 4500 --- [doc-mind] [main] org.hibernate.orm.core                   : HHH000489: No JTA platform available (set 'hibernate.transaction.jta.platform' to enable JTA platform integration)
2026-09-05T21:08:52.665+05:30  INFO 4500 --- [doc-mind] [main] j.LocalContainerEntityManagerFactoryBean : Initialized JPA EntityManagerFactory for persistence unit 'default'
2026-09-05T21:08:52.710+05:30  INFO 4500 --- [doc-mind] [main] o.s.d.j.r.query.QueryEnhancerFactories   : Hibernate is in classpath; If applicable, HQL parser will be used.
2026-09-05T21:08:54.468+05:30  INFO 4500 --- [doc-mind] [main] r$InitializeUserDetailsManagerConfigurer : Global AuthenticationManager configured with UserDetailsService bean with name userDetailServiceImpl
2026-09-05T21:08:54.757+05:30  WARN 4500 --- [doc-mind] [main] JpaBaseConfiguration$JpaWebConfiguration : spring.jpa.open-in-view is enabled by default. Therefore, database queries may be performed during view rendering. Explicitly configure spring.jpa.open-in-view to disable this warning
2026-09-05T21:08:55.539+05:30  INFO 4500 --- [doc-mind] [main] o.s.b.a.e.web.EndpointLinksResolver      : Exposing 1 endpoint beneath base path '/actuator'
2026-09-05T21:08:55.634+05:30  INFO 4500 --- [doc-mind] [main] o.s.boot.tomcat.TomcatWebServer          : Tomcat started on port 8080 (http) with context path '/'
2026-09-05T21:08:55.643+05:30  INFO 4500 --- [doc-mind] [main] com.pranit.docmind.DocMindApplication    : Started DocMindApplication in 7.05 seconds (process running for 7.397)
2026-09-05T21:08:55.761+05:30  INFO 4500 --- [doc-mind] [main] c.p.d.authentication.seed.AdminSeeder    : Admin user already exists: admin
2026-09-05T21:08:55.784+05:30  INFO 4500 --- [doc-mind] [scheduling-1] c.p.d.document.seed.DocumentSeeder       : Already seeded: java-backend.txt
2026-09-05T21:08:55.784+05:30  INFO 4500 --- [doc-mind] [scheduling-1] c.p.d.document.seed.DocumentSeeder       : Document seeding complete.
2026-09-05T21:09:31.316+05:30  INFO 4500 --- [doc-mind] [http-nio-8080-exec-1] o.a.c.c.C.[Tomcat].[localhost].[/]       : Initializing Spring DispatcherServlet 'dispatcherServlet'
2026-09-05T21:09:31.316+05:30  INFO 4500 --- [doc-mind] [http-nio-8080-exec-1] o.s.web.servlet.DispatcherServlet        : Initializing Servlet 'dispatcherServlet'
2026-09-05T21:09:31.316+05:30  INFO 4500 --- [doc-mind] [http-nio-8080-exec-1] o.s.web.servlet.DispatcherServlet        : Completed initialization in 0 ms
2026-09-05T21:09:31.508+05:30  INFO 4500 --- [doc-mind] [http-nio-8080-exec-1] c.p.docmind.aop.aspect.LoggingAspect     : Initiating to execute method: authenticateUser
2026-09-05T21:09:31.591+05:30  INFO 4500 --- [doc-mind] [http-nio-8080-exec-1] c.p.docmind.aop.aspect.LoggingAspect     : Initiating to execute method: loadUserByUsername
2026-09-05T21:09:31.688+05:30  INFO 4500 --- [doc-mind] [http-nio-8080-exec-1] c.p.docmind.aop.aspect.LoggingAspect     : Completed successfully method: loadUserByUsername
2026-09-05T21:09:32.570+05:30  INFO 4500 --- [doc-mind] [http-nio-8080-exec-1] c.p.d.a.service.impl.LoginServiceImpl    : User logged in successfully userId: 6a5417f9-224a-4574-bd57-63826598ef00
2026-09-05T21:09:32.570+05:30  INFO 4500 --- [doc-mind] [http-nio-8080-exec-1] c.p.docmind.aop.aspect.LoggingAspect     : Completed successfully method: authenticateUser
2026-09-05T21:09:32.857+05:30  INFO 4500 --- [doc-mind] [http-nio-8080-exec-6] c.p.d.s.s.impl.ResolveAccessTokenImpl    : Fetching access token from request
2026-09-05T21:09:32.889+05:30  INFO 4500 --- [doc-mind] [http-nio-8080-exec-2] c.p.d.s.s.impl.ResolveAccessTokenImpl    : Fetching access token from request
2026-09-05T21:09:32.937+05:30  INFO 4500 --- [doc-mind] [http-nio-8080-exec-6] c.p.docmind.aop.aspect.LoggingAspect     : Initiating to execute method: loadUserByUsername
2026-09-05T21:09:32.938+05:30  INFO 4500 --- [doc-mind] [http-nio-8080-exec-2] c.p.docmind.aop.aspect.LoggingAspect     : Initiating to execute method: loadUserByUsername
2026-09-05T21:09:32.942+05:30  INFO 4500 --- [doc-mind] [http-nio-8080-exec-6] c.p.docmind.aop.aspect.LoggingAspect     : Completed successfully method: loadUserByUsername
2026-09-05T21:09:32.943+05:30  INFO 4500 --- [doc-mind] [http-nio-8080-exec-2] c.p.docmind.aop.aspect.LoggingAspect     : Completed successfully method: loadUserByUsername
2026-09-05T21:09:32.946+05:30  INFO 4500 --- [doc-mind] [http-nio-8080-exec-6] c.p.docmind.aop.aspect.LoggingAspect     : Initiating to execute method: getCurrentUser
2026-09-05T21:09:32.947+05:30  INFO 4500 --- [doc-mind] [http-nio-8080-exec-6] c.p.docmind.aop.aspect.LoggingAspect     : Completed successfully method: getCurrentUser
2026-09-05T21:09:32.987+05:30  INFO 4500 --- [doc-mind] [http-nio-8080-exec-7] c.p.d.s.s.impl.ResolveAccessTokenImpl    : Fetching access token from request
2026-09-05T21:09:32.987+05:30  INFO 4500 --- [doc-mind] [http-nio-8080-exec-2] c.p.docmind.aop.aspect.LoggingAspect     : Initiating to execute method: fetchDocuments
2026-09-05T21:09:32.987+05:30  INFO 4500 --- [doc-mind] [http-nio-8080-exec-7] c.p.docmind.aop.aspect.LoggingAspect     : Initiating to execute method: loadUserByUsername
2026-09-05T21:09:32.997+05:30  INFO 4500 --- [doc-mind] [http-nio-8080-exec-7] c.p.docmind.aop.aspect.LoggingAspect     : Completed successfully method: loadUserByUsername
2026-09-05T21:09:32.998+05:30  INFO 4500 --- [doc-mind] [http-nio-8080-exec-7] c.p.docmind.aop.aspect.LoggingAspect     : Initiating to execute method: getCurrentUser
2026-09-05T21:09:32.998+05:30  INFO 4500 --- [doc-mind] [http-nio-8080-exec-7] c.p.docmind.aop.aspect.LoggingAspect     : Completed successfully method: getCurrentUser
2026-09-05T21:09:33.045+05:30  INFO 4500 --- [doc-mind] [http-nio-8080-exec-2] c.p.docmind.aop.aspect.LoggingAspect     : Completed successfully method: fetchDocuments
2026-09-05T21:09:38.236+05:30  INFO 4500 --- [doc-mind] [http-nio-8080-exec-4] c.p.d.s.s.impl.ResolveAccessTokenImpl    : Fetching access token from request
2026-09-05T21:09:38.249+05:30  INFO 4500 --- [doc-mind] [http-nio-8080-exec-4] c.p.docmind.aop.aspect.LoggingAspect     : Initiating to execute method: loadUserByUsername
2026-09-05T21:09:38.259+05:30  INFO 4500 --- [doc-mind] [http-nio-8080-exec-4] c.p.docmind.aop.aspect.LoggingAspect     : Completed successfully method: loadUserByUsername
2026-09-05T21:09:38.322+05:30  INFO 4500 --- [doc-mind] [http-nio-8080-exec-4] c.p.docmind.aop.aspect.LoggingAspect     : Initiating to execute method: getStreamResponseFromAssistant
2026-09-05T21:09:38.340+05:30  INFO 4500 --- [doc-mind] [http-nio-8080-exec-4] c.p.docmind.aop.aspect.TrackingAspect    : Starting method: NvidiaModelService.getStreamResponse(..)
2026-09-05T21:09:38.342+05:30  INFO 4500 --- [doc-mind] [http-nio-8080-exec-4] c.p.docmind.aop.aspect.LoggingAspect     : Initiating to execute method: getStreamResponse
2026-09-05T21:09:38.552+05:30  INFO 4500 --- [doc-mind] [http-nio-8080-exec-4] c.p.docmind.aop.aspect.LoggingAspect     : Completed successfully method: getStreamResponse
2026-09-05T21:09:38.552+05:30  INFO 4500 --- [doc-mind] [http-nio-8080-exec-4] c.p.docmind.aop.aspect.TrackingAspect    : Ending method: NvidiaModelService.getStreamResponse(..) | Time: 00:00:217
2026-09-05T21:09:38.552+05:30  INFO 4500 --- [doc-mind] [http-nio-8080-exec-4] c.p.docmind.aop.aspect.LoggingAspect     : Completed successfully method: getStreamResponseFromAssistant
2026-09-05T21:12:42.869+05:30  WARN 4500 --- [doc-mind] [http-nio-8080-exec-3] .m.m.a.ExceptionHandlerExceptionResolver : Failure in @ExceptionHandler com.pranit.docmind.exception.GlobalExceptionHandler#handleException(Exception, HttpServletRequest)

org.springframework.http.converter.HttpMessageNotWritableException: No converter for [class com.pranit.docmind.wrapper.ErrorResponse] with preset Content-Type 'text/event-stream'
	at org.springframework.web.servlet.mvc.method.annotation.AbstractMessageConverterMethodProcessor.writeWithMessageConverters(AbstractMessageConverterMethodProcessor.java:363) ~[spring-webmvc-7.0.9.jar:7.0.9]
	at org.springframework.web.servlet.mvc.method.annotation.HttpEntityMethodProcessor.handleReturnValue(HttpEntityMethodProcessor.java:261) ~[spring-webmvc-7.0.9.jar:7.0.9]
	at org.springframework.web.method.support.HandlerMethodReturnValueHandlerComposite.handleReturnValue(HandlerMethodReturnValueHandlerComposite.java:77) ~[spring-web-7.0.9.jar:7.0.9]
	at org.springframework.web.servlet.mvc.method.annotation.ServletInvocableHandlerMethod.invokeAndHandle(ServletInvocableHandlerMethod.java:135) ~[spring-webmvc-7.0.9.jar:7.0.9]
	at org.springframework.web.servlet.mvc.method.annotation.ExceptionHandlerExceptionResolver.doResolveHandlerMethodException(ExceptionHandlerExceptionResolver.java:460) ~[spring-webmvc-7.0.9.jar:7.0.9]
	at org.springframework.web.servlet.handler.AbstractHandlerMethodExceptionResolver.doResolveException(AbstractHandlerMethodExceptionResolver.java:72) ~[spring-webmvc-7.0.9.jar:7.0.9]
	at org.springframework.web.servlet.handler.AbstractHandlerExceptionResolver.resolveException(AbstractHandlerExceptionResolver.java:176) ~[spring-webmvc-7.0.9.jar:7.0.9]
	at org.springframework.web.servlet.handler.HandlerExceptionResolverComposite.resolveException(HandlerExceptionResolverComposite.java:78) ~[spring-webmvc-7.0.9.jar:7.0.9]
	at org.springframework.web.servlet.DispatcherServlet.processHandlerException(DispatcherServlet.java:1227) ~[spring-webmvc-7.0.9.jar:7.0.9]
	at org.springframework.web.servlet.DispatcherServlet.processDispatchResult(DispatcherServlet.java:1035) ~[spring-webmvc-7.0.9.jar:7.0.9]
	at org.springframework.web.servlet.DispatcherServlet.doDispatch(DispatcherServlet.java:980) ~[spring-webmvc-7.0.9.jar:7.0.9]
	at org.springframework.web.servlet.DispatcherServlet.doService(DispatcherServlet.java:866) ~[spring-webmvc-7.0.9.jar:7.0.9]
	at org.springframework.web.servlet.FrameworkServlet.processRequest(FrameworkServlet.java:1000) ~[spring-webmvc-7.0.9.jar:7.0.9]
	at org.springframework.web.servlet.FrameworkServlet.doPost(FrameworkServlet.java:903) ~[spring-webmvc-7.0.9.jar:7.0.9]
	at jakarta.servlet.http.HttpServlet.service(HttpServlet.java:649) ~[tomcat-embed-core-11.0.24.jar:6.1]
	at org.springframework.web.servlet.FrameworkServlet.service(FrameworkServlet.java:874) ~[spring-webmvc-7.0.9.jar:7.0.9]
	at jakarta.servlet.http.HttpServlet.service(HttpServlet.java:710) ~[tomcat-embed-core-11.0.24.jar:6.1]
	at org.apache.catalina.core.ApplicationFilterChain.doFilter(ApplicationFilterChain.java:132) ~[tomcat-embed-core-11.0.24.jar:11.0.24]
	at org.springframework.web.filter.OncePerRequestFilter.doFilter(OncePerRequestFilter.java:101) ~[spring-web-7.0.9.jar:7.0.9]
	at org.apache.catalina.core.ApplicationFilterChain.doFilter(ApplicationFilterChain.java:111) ~[tomcat-embed-core-11.0.24.jar:11.0.24]
	at org.springframework.web.filter.CompositeFilter$VirtualFilterChain.doFilter(CompositeFilter.java:108) ~[spring-web-7.0.9.jar:7.0.9]
	at org.springframework.security.web.FilterChainProxy.lambda$doFilterInternal$2(FilterChainProxy.java:235) ~[spring-security-web-7.1.1.jar:7.1.1]
	at org.springframework.security.web.ObservationFilterChainDecorator$FilterObservation$SimpleFilterObservation.lambda$wrap$1(ObservationFilterChainDecorator.java:491) ~[spring-security-web-7.1.1.jar:7.1.1]
	at org.springframework.security.web.ObservationFilterChainDecorator$AroundFilterObservation$SimpleAroundFilterObservation.lambda$wrap$1(ObservationFilterChainDecorator.java:353) ~[spring-security-web-7.1.1.jar:7.1.1]
	at org.springframework.security.web.ObservationFilterChainDecorator.lambda$wrapSecured$0(ObservationFilterChainDecorator.java:84) ~[spring-security-web-7.1.1.jar:7.1.1]
	at org.springframework.security.web.ObservationFilterChainDecorator$VirtualFilterChain.doFilter(ObservationFilterChainDecorator.java:131) ~[spring-security-web-7.1.1.jar:7.1.1]
	at org.springframework.security.web.access.intercept.AuthorizationFilter.doFilter(AuthorizationFilter.java:101) ~[spring-security-web-7.1.1.jar:7.1.1]
	at org.springframework.security.web.ObservationFilterChainDecorator$ObservationFilter.wrapFilter(ObservationFilterChainDecorator.java:243) ~[spring-security-web-7.1.1.jar:7.1.1]
	at org.springframework.security.web.ObservationFilterChainDecorator$ObservationFilter.doFilter(ObservationFilterChainDecorator.java:230) ~[spring-security-web-7.1.1.jar:7.1.1]
	at org.springframework.security.web.ObservationFilterChainDecorator$VirtualFilterChain.doFilter(ObservationFilterChainDecorator.java:140) ~[spring-security-web-7.1.1.jar:7.1.1]
	at org.springframework.security.web.access.ExceptionTranslationFilter.doFilter(ExceptionTranslationFilter.java:126) ~[spring-security-web-7.1.1.jar:7.1.1]
	at org.springframework.security.web.access.ExceptionTranslationFilter.doFilter(ExceptionTranslationFilter.java:120) ~[spring-security-web-7.1.1.jar:7.1.1]
	at org.springframework.security.web.ObservationFilterChainDecorator$ObservationFilter.wrapFilter(ObservationFilterChainDecorator.java:243) ~[spring-security-web-7.1.1.jar:7.1.1]
	at org.springframework.security.web.ObservationFilterChainDecorator$ObservationFilter.doFilter(ObservationFilterChainDecorator.java:230) ~[spring-security-web-7.1.1.jar:7.1.1]
	at org.springframework.security.web.ObservationFilterChainDecorator$VirtualFilterChain.doFilter(ObservationFilterChainDecorator.java:140) ~[spring-security-web-7.1.1.jar:7.1.1]
	at org.springframework.security.web.session.SessionManagementFilter.doFilter(SessionManagementFilter.java:92) ~[spring-security-web-7.1.1.jar:7.1.1]
	at org.springframework.security.web.session.SessionManagementFilter.doFilter(SessionManagementFilter.java:86) ~[spring-security-web-7.1.1.jar:7.1.1]
	at org.springframework.security.web.ObservationFilterChainDecorator$ObservationFilter.wrapFilter(ObservationFilterChainDecorator.java:243) ~[spring-security-web-7.1.1.jar:7.1.1]
	at org.springframework.security.web.ObservationFilterChainDecorator$ObservationFilter.doFilter(ObservationFilterChainDecorator.java:230) ~[spring-security-web-7.1.1.jar:7.1.1]
	at org.springframework.security.web.ObservationFilterChainDecorator$VirtualFilterChain.doFilter(ObservationFilterChainDecorator.java:140) ~[spring-security-web-7.1.1.jar:7.1.1]
	at org.springframework.security.web.authentication.AnonymousAuthenticationFilter.doFilter(AnonymousAuthenticationFilter.java:100) ~[spring-security-web-7.1.1.jar:7.1.1]
	at org.springframework.security.web.ObservationFilterChainDecorator$ObservationFilter.wrapFilter(ObservationFilterChainDecorator.java:243) ~[spring-security-web-7.1.1.jar:7.1.1]
	at org.springframework.security.web.ObservationFilterChainDecorator$ObservationFilter.doFilter(ObservationFilterChainDecorator.java:230) ~[spring-security-web-7.1.1.jar:7.1.1]
	at org.springframework.security.web.ObservationFilterChainDecorator$VirtualFilterChain.doFilter(ObservationFilterChainDecorator.java:140) ~[spring-security-web-7.1.1.jar:7.1.1]
	at org.springframework.security.web.servletapi.SecurityContextHolderAwareRequestFilter.doFilter(SecurityContextHolderAwareRequestFilter.java:181) ~[spring-security-web-7.1.1.jar:7.1.1]
	at org.springframework.security.web.ObservationFilterChainDecorator$ObservationFilter.wrapFilter(ObservationFilterChainDecorator.java:243) ~[spring-security-web-7.1.1.jar:7.1.1]
	at org.springframework.security.web.ObservationFilterChainDecorator$ObservationFilter.doFilter(ObservationFilterChainDecorator.java:230) ~[spring-security-web-7.1.1.jar:7.1.1]
	at org.springframework.security.web.ObservationFilterChainDecorator$VirtualFilterChain.doFilter(ObservationFilterChainDecorator.java:140) ~[spring-security-web-7.1.1.jar:7.1.1]
	at org.springframework.security.web.savedrequest.RequestCacheAwareFilter.doFilter(RequestCacheAwareFilter.java:63) ~[spring-security-web-7.1.1.jar:7.1.1]
	at org.springframework.security.web.ObservationFilterChainDecorator$ObservationFilter.wrapFilter(ObservationFilterChainDecorator.java:243) ~[spring-security-web-7.1.1.jar:7.1.1]
	at org.springframework.security.web.ObservationFilterChainDecorator$ObservationFilter.doFilter(ObservationFilterChainDecorator.java:230) ~[spring-security-web-7.1.1.jar:7.1.1]
	at org.springframework.security.web.ObservationFilterChainDecorator$VirtualFilterChain.doFilter(ObservationFilterChainDecorator.java:140) ~[spring-security-web-7.1.1.jar:7.1.1]
	at org.springframework.web.filter.OncePerRequestFilter.doFilter(OncePerRequestFilter.java:101) ~[spring-web-7.0.9.jar:7.0.9]
	at org.springframework.security.web.ObservationFilterChainDecorator$ObservationFilter.wrapFilter(ObservationFilterChainDecorator.java:243) ~[spring-security-web-7.1.1.jar:7.1.1]
	at org.springframework.security.web.ObservationFilterChainDecorator$ObservationFilter.doFilter(ObservationFilterChainDecorator.java:230) ~[spring-security-web-7.1.1.jar:7.1.1]
	at org.springframework.security.web.ObservationFilterChainDecorator$VirtualFilterChain.doFilter(ObservationFilterChainDecorator.java:140) ~[spring-security-web-7.1.1.jar:7.1.1]
	at org.springframework.web.filter.OncePerRequestFilter.doFilter(OncePerRequestFilter.java:101) ~[spring-web-7.0.9.jar:7.0.9]
	at org.springframework.security.web.ObservationFilterChainDecorator$ObservationFilter.wrapFilter(ObservationFilterChainDecorator.java:243) ~[spring-security-web-7.1.1.jar:7.1.1]
	at org.springframework.security.web.ObservationFilterChainDecorator$ObservationFilter.doFilter(ObservationFilterChainDecorator.java:230) ~[spring-security-web-7.1.1.jar:7.1.1]
	at org.springframework.security.web.ObservationFilterChainDecorator$VirtualFilterChain.doFilter(ObservationFilterChainDecorator.java:140) ~[spring-security-web-7.1.1.jar:7.1.1]
	at org.springframework.web.filter.OncePerRequestFilter.doFilter(OncePerRequestFilter.java:101) ~[spring-web-7.0.9.jar:7.0.9]
	at org.springframework.security.web.ObservationFilterChainDecorator$ObservationFilter.wrapFilter(ObservationFilterChainDecorator.java:243) ~[spring-security-web-7.1.1.jar:7.1.1]
	at org.springframework.security.web.ObservationFilterChainDecorator$ObservationFilter.doFilter(ObservationFilterChainDecorator.java:230) ~[spring-security-web-7.1.1.jar:7.1.1]
	at org.springframework.security.web.ObservationFilterChainDecorator$VirtualFilterChain.doFilter(ObservationFilterChainDecorator.java:140) ~[spring-security-web-7.1.1.jar:7.1.1]
	at org.springframework.security.web.context.SecurityContextHolderFilter.doFilter(SecurityContextHolderFilter.java:82) ~[spring-security-web-7.1.1.jar:7.1.1]
	at org.springframework.security.web.context.SecurityContextHolderFilter.doFilter(SecurityContextHolderFilter.java:69) ~[spring-security-web-7.1.1.jar:7.1.1]
	at org.springframework.security.web.ObservationFilterChainDecorator$ObservationFilter.wrapFilter(ObservationFilterChainDecorator.java:243) ~[spring-security-web-7.1.1.jar:7.1.1]
	at org.springframework.security.web.ObservationFilterChainDecorator$ObservationFilter.doFilter(ObservationFilterChainDecorator.java:230) ~[spring-security-web-7.1.1.jar:7.1.1]
	at org.springframework.security.web.ObservationFilterChainDecorator$VirtualFilterChain.doFilter(ObservationFilterChainDecorator.java:140) ~[spring-security-web-7.1.1.jar:7.1.1]
	at org.springframework.web.filter.OncePerRequestFilter.doFilter(OncePerRequestFilter.java:101) ~[spring-web-7.0.9.jar:7.0.9]
	at org.springframework.security.web.ObservationFilterChainDecorator$ObservationFilter.wrapFilter(ObservationFilterChainDecorator.java:243) ~[spring-security-web-7.1.1.jar:7.1.1]
	at org.springframework.security.web.ObservationFilterChainDecorator$ObservationFilter.doFilter(ObservationFilterChainDecorator.java:230) ~[spring-security-web-7.1.1.jar:7.1.1]
	at org.springframework.security.web.ObservationFilterChainDecorator$VirtualFilterChain.doFilter(ObservationFilterChainDecorator.java:140) ~[spring-security-web-7.1.1.jar:7.1.1]
	at org.springframework.web.filter.OncePerRequestFilter.doFilter(OncePerRequestFilter.java:101) ~[spring-web-7.0.9.jar:7.0.9]
	at org.springframework.security.web.ObservationFilterChainDecorator$ObservationFilter.wrapFilter(ObservationFilterChainDecorator.java:243) ~[spring-security-web-7.1.1.jar:7.1.1]
	at org.springframework.security.web.ObservationFilterChainDecorator$AroundFilterObservation$SimpleAroundFilterObservation.lambda$wrap$0(ObservationFilterChainDecorator.java:336) ~[spring-security-web-7.1.1.jar:7.1.1]
	at org.springframework.security.web.ObservationFilterChainDecorator$ObservationFilter.doFilter(ObservationFilterChainDecorator.java:227) ~[spring-security-web-7.1.1.jar:7.1.1]
	at org.springframework.security.web.ObservationFilterChainDecorator$VirtualFilterChain.doFilter(ObservationFilterChainDecorator.java:140) ~[spring-security-web-7.1.1.jar:7.1.1]
	at org.springframework.security.web.FilterChainProxy.doFilterInternal(FilterChainProxy.java:237) ~[spring-security-web-7.1.1.jar:7.1.1]
	at org.springframework.security.web.FilterChainProxy.doFilter(FilterChainProxy.java:195) ~[spring-security-web-7.1.1.jar:7.1.1]
	at org.springframework.web.filter.CompositeFilter$VirtualFilterChain.doFilter(CompositeFilter.java:113) ~[spring-web-7.0.9.jar:7.0.9]
	at org.springframework.web.filter.ServletRequestPathFilter.doFilter(ServletRequestPathFilter.java:52) ~[spring-web-7.0.9.jar:7.0.9]
	at org.springframework.web.filter.CompositeFilter$VirtualFilterChain.doFilter(CompositeFilter.java:113) ~[spring-web-7.0.9.jar:7.0.9]
	at org.springframework.web.filter.CompositeFilter.doFilter(CompositeFilter.java:74) ~[spring-web-7.0.9.jar:7.0.9]
	at org.springframework.security.config.annotation.web.configuration.WebSecurityConfiguration$CompositeFilterChainProxy.doFilter(WebSecurityConfiguration.java:317) ~[spring-security-config-7.1.1.jar:7.1.1]
	at org.springframework.web.filter.DelegatingFilterProxy.invokeDelegate(DelegatingFilterProxy.java:355) ~[spring-web-7.0.9.jar:7.0.9]
	at org.springframework.web.filter.DelegatingFilterProxy.doFilter(DelegatingFilterProxy.java:272) ~[spring-web-7.0.9.jar:7.0.9]
	at org.apache.catalina.core.ApplicationFilterChain.doFilter(ApplicationFilterChain.java:111) ~[tomcat-embed-core-11.0.24.jar:11.0.24]
	at org.springframework.web.filter.RequestContextFilter.doFilterInternal(RequestContextFilter.java:100) ~[spring-web-7.0.9.jar:7.0.9]
	at org.springframework.web.filter.OncePerRequestFilter.doFilter(OncePerRequestFilter.java:116) ~[spring-web-7.0.9.jar:7.0.9]
	at org.apache.catalina.core.ApplicationFilterChain.doFilter(ApplicationFilterChain.java:111) ~[tomcat-embed-core-11.0.24.jar:11.0.24]
	at org.springframework.web.filter.OncePerRequestFilter.doFilter(OncePerRequestFilter.java:101) ~[spring-web-7.0.9.jar:7.0.9]
	at org.apache.catalina.core.ApplicationFilterChain.doFilter(ApplicationFilterChain.java:111) ~[tomcat-embed-core-11.0.24.jar:11.0.24]
	at org.springframework.web.filter.ServerHttpObservationFilter.doFilterInternal(ServerHttpObservationFilter.java:110) ~[spring-web-7.0.9.jar:7.0.9]
	at org.springframework.web.filter.OncePerRequestFilter.doFilter(OncePerRequestFilter.java:116) ~[spring-web-7.0.9.jar:7.0.9]
	at org.apache.catalina.core.ApplicationFilterChain.doFilter(ApplicationFilterChain.java:111) ~[tomcat-embed-core-11.0.24.jar:11.0.24]
	at org.springframework.web.filter.OncePerRequestFilter.doFilter(OncePerRequestFilter.java:101) ~[spring-web-7.0.9.jar:7.0.9]
	at org.apache.catalina.core.ApplicationFilterChain.doFilter(ApplicationFilterChain.java:111) ~[tomcat-embed-core-11.0.24.jar:11.0.24]
	at org.apache.catalina.core.ApplicationDispatcher.invoke(ApplicationDispatcher.java:512) ~[tomcat-embed-core-11.0.24.jar:11.0.24]
	at org.apache.catalina.core.ApplicationDispatcher.dispatch(ApplicationDispatcher.java:443) ~[tomcat-embed-core-11.0.24.jar:11.0.24]
	at org.apache.catalina.core.AsyncContextImpl$AsyncRunnable.run(AsyncContextImpl.java:710) ~[tomcat-embed-core-11.0.24.jar:11.0.24]
	at org.apache.catalina.core.AsyncContextImpl.doInternalDispatch(AsyncContextImpl.java:443) ~[tomcat-embed-core-11.0.24.jar:11.0.24]
	at org.apache.catalina.core.StandardWrapperValve.invoke(StandardWrapperValve.java:163) ~[tomcat-embed-core-11.0.24.jar:11.0.24]
	at org.apache.catalina.core.StandardContextValve.invoke(StandardContextValve.java:77) ~[tomcat-embed-core-11.0.24.jar:11.0.24]
	at org.apache.catalina.authenticator.AuthenticatorBase.invoke(AuthenticatorBase.java:535) ~[tomcat-embed-core-11.0.24.jar:11.0.24]
	at org.apache.catalina.core.StandardHostValve.invoke(StandardHostValve.java:115) ~[tomcat-embed-core-11.0.24.jar:11.0.24]
	at org.apache.catalina.valves.ErrorReportValve.invoke(ErrorReportValve.java:86) ~[tomcat-embed-core-11.0.24.jar:11.0.24]
	at org.apache.catalina.core.StandardEngineValve.invoke(StandardEngineValve.java:71) ~[tomcat-embed-core-11.0.24.jar:11.0.24]
	at org.apache.catalina.connector.CoyoteAdapter.asyncDispatch(CoyoteAdapter.java:241) ~[tomcat-embed-core-11.0.24.jar:11.0.24]
	at org.apache.coyote.AbstractProcessor.dispatch(AbstractProcessor.java:269) ~[tomcat-embed-core-11.0.24.jar:11.0.24]
	at org.apache.coyote.AbstractProcessorLight.process(AbstractProcessorLight.java:65) ~[tomcat-embed-core-11.0.24.jar:11.0.24]
	at org.apache.coyote.AbstractProtocol$ConnectionHandler.process(AbstractProtocol.java:1307) ~[tomcat-embed-core-11.0.24.jar:11.0.24]
	at org.apache.tomcat.util.net.NioEndpoint$SocketProcessor.doRun(NioEndpoint.java:2036) ~[tomcat-embed-core-11.0.24.jar:11.0.24]
	at org.apache.tomcat.util.net.SocketProcessorBase.run(SocketProcessorBase.java:74) ~[tomcat-embed-core-11.0.24.jar:11.0.24]
	at org.apache.tomcat.util.threads.ThreadPoolExecutor.runWorker(ThreadPoolExecutor.java:949) ~[tomcat-embed-core-11.0.24.jar:11.0.24]
	at org.apache.tomcat.util.threads.ThreadPoolExecutor$Worker.run(ThreadPoolExecutor.java:483) ~[tomcat-embed-core-11.0.24.jar:11.0.24]
	at org.apache.tomcat.util.threads.TaskThread$WrappingRunnable.run(TaskThread.java:74) ~[tomcat-embed-core-11.0.24.jar:11.0.24]
	at java.base/java.lang.Thread.run(Thread.java:1474) ~[na:na]

2026-09-05T21:12:50.863+05:30  INFO 4500 --- [doc-mind] [http-nio-8080-exec-5] c.p.d.s.s.impl.ResolveAccessTokenImpl    : Fetching access token from request
2026-09-05T21:12:50.863+05:30  INFO 4500 --- [doc-mind] [http-nio-8080-exec-8] c.p.d.s.s.impl.ResolveAccessTokenImpl    : Fetching access token from request
2026-09-05T21:12:50.868+05:30  INFO 4500 --- [doc-mind] [http-nio-8080-exec-5] c.p.docmind.aop.aspect.LoggingAspect     : Initiating to execute method: loadUserByUsername
2026-09-05T21:12:50.868+05:30  INFO 4500 --- [doc-mind] [http-nio-8080-exec-8] c.p.docmind.aop.aspect.LoggingAspect     : Initiating to execute method: loadUserByUsername
2026-09-05T21:12:50.872+05:30  INFO 4500 --- [doc-mind] [http-nio-8080-exec-8] c.p.docmind.aop.aspect.LoggingAspect     : Completed successfully method: loadUserByUsername
2026-09-05T21:12:50.872+05:30  INFO 4500 --- [doc-mind] [http-nio-8080-exec-5] c.p.docmind.aop.aspect.LoggingAspect     : Completed successfully method: loadUserByUsername
2026-09-05T21:12:50.874+05:30  INFO 4500 --- [doc-mind] [http-nio-8080-exec-5] c.p.docmind.aop.aspect.LoggingAspect     : Initiating to execute method: getCurrentUser
2026-09-05T21:12:50.874+05:30  INFO 4500 --- [doc-mind] [http-nio-8080-exec-5] c.p.docmind.aop.aspect.LoggingAspect     : Completed successfully method: getCurrentUser
2026-09-05T21:12:50.875+05:30  INFO 4500 --- [doc-mind] [http-nio-8080-exec-8] c.p.docmind.aop.aspect.LoggingAspect     : Initiating to execute method: fetchDocuments
2026-09-05T21:12:50.882+05:30  INFO 4500 --- [doc-mind] [http-nio-8080-exec-8] c.p.docmind.aop.aspect.LoggingAspect     : Completed successfully method: fetchDocuments
2026-09-05T21:12:50.883+05:30  INFO 4500 --- [doc-mind] [http-nio-8080-exec-9] c.p.d.s.s.impl.ResolveAccessTokenImpl    : Fetching access token from request
2026-09-05T21:12:50.887+05:30  INFO 4500 --- [doc-mind] [http-nio-8080-exec-9] c.p.docmind.aop.aspect.LoggingAspect     : Initiating to execute method: loadUserByUsername
2026-09-05T21:12:50.889+05:30  INFO 4500 --- [doc-mind] [http-nio-8080-exec-10] c.p.d.s.s.impl.ResolveAccessTokenImpl    : Fetching access token from request
2026-09-05T21:12:50.892+05:30  INFO 4500 --- [doc-mind] [http-nio-8080-exec-9] c.p.docmind.aop.aspect.LoggingAspect     : Completed successfully method: loadUserByUsername
2026-09-05T21:12:50.893+05:30  INFO 4500 --- [doc-mind] [http-nio-8080-exec-10] c.p.docmind.aop.aspect.LoggingAspect     : Initiating to execute method: loadUserByUsername
2026-09-05T21:12:50.894+05:30  INFO 4500 --- [doc-mind] [http-nio-8080-exec-9] c.p.docmind.aop.aspect.LoggingAspect     : Initiating to execute method: getCurrentUser
2026-09-05T21:12:50.895+05:30  INFO 4500 --- [doc-mind] [http-nio-8080-exec-9] c.p.docmind.aop.aspect.LoggingAspect     : Completed successfully method: getCurrentUser
2026-09-05T21:12:50.899+05:30  INFO 4500 --- [doc-mind] [http-nio-8080-exec-10] c.p.docmind.aop.aspect.LoggingAspect     : Completed successfully method: loadUserByUsername
2026-09-05T21:12:50.904+05:30  INFO 4500 --- [doc-mind] [http-nio-8080-exec-10] c.p.docmind.aop.aspect.LoggingAspect     : Initiating to execute method: fetchDocuments
2026-09-05T21:12:50.909+05:30  INFO 4500 --- [doc-mind] [http-nio-8080-exec-10] c.p.docmind.aop.aspect.LoggingAspect     : Completed successfully method: fetchDocuments
2026-09-05T21:12:55.584+05:30  INFO 4500 --- [doc-mind] [http-nio-8080-exec-1] c.p.d.s.s.impl.ResolveAccessTokenImpl    : Fetching access token from request
2026-09-05T21:12:55.584+05:30  INFO 4500 --- [doc-mind] [http-nio-8080-exec-6] c.p.d.s.s.impl.ResolveAccessTokenImpl    : Fetching access token from request
2026-09-05T21:12:55.594+05:30  INFO 4500 --- [doc-mind] [http-nio-8080-exec-1] c.p.docmind.aop.aspect.LoggingAspect     : Initiating to execute method: loadUserByUsername
2026-09-05T21:12:55.594+05:30  INFO 4500 --- [doc-mind] [http-nio-8080-exec-6] c.p.docmind.aop.aspect.LoggingAspect     : Initiating to execute method: loadUserByUsername
2026-09-05T21:12:55.600+05:30  INFO 4500 --- [doc-mind] [http-nio-8080-exec-6] c.p.docmind.aop.aspect.LoggingAspect     : Completed successfully method: loadUserByUsername
2026-09-05T21:12:55.601+05:30  INFO 4500 --- [doc-mind] [http-nio-8080-exec-1] c.p.docmind.aop.aspect.LoggingAspect     : Completed successfully method: loadUserByUsername
2026-09-05T21:12:55.610+05:30  INFO 4500 --- [doc-mind] [http-nio-8080-exec-6] c.p.docmind.aop.aspect.LoggingAspect     : Initiating to execute method: getCurrentUser
2026-09-05T21:12:55.610+05:30  INFO 4500 --- [doc-mind] [http-nio-8080-exec-6] c.p.docmind.aop.aspect.LoggingAspect     : Completed successfully method: getCurrentUser
2026-09-05T21:12:55.610+05:30  INFO 4500 --- [doc-mind] [http-nio-8080-exec-1] c.p.docmind.aop.aspect.LoggingAspect     : Initiating to execute method: fetchDocuments
2026-09-05T21:12:55.630+05:30  INFO 4500 --- [doc-mind] [http-nio-8080-exec-1] c.p.docmind.aop.aspect.LoggingAspect     : Completed successfully method: fetchDocuments
2026-09-05T21:12:55.631+05:30  INFO 4500 --- [doc-mind] [http-nio-8080-exec-7] c.p.d.s.s.impl.ResolveAccessTokenImpl    : Fetching access token from request
2026-09-05T21:12:55.640+05:30  INFO 4500 --- [doc-mind] [http-nio-8080-exec-7] c.p.docmind.aop.aspect.LoggingAspect     : Initiating to execute method: loadUserByUsername
2026-09-05T21:12:55.645+05:30  INFO 4500 --- [doc-mind] [http-nio-8080-exec-2] c.p.d.s.s.impl.ResolveAccessTokenImpl    : Fetching access token from request
2026-09-05T21:12:55.647+05:30  INFO 4500 --- [doc-mind] [http-nio-8080-exec-7] c.p.docmind.aop.aspect.LoggingAspect     : Completed successfully method: loadUserByUsername
2026-09-05T21:12:55.652+05:30  INFO 4500 --- [doc-mind] [http-nio-8080-exec-7] c.p.docmind.aop.aspect.LoggingAspect     : Initiating to execute method: getCurrentUser
2026-09-05T21:12:55.652+05:30  INFO 4500 --- [doc-mind] [http-nio-8080-exec-7] c.p.docmind.aop.aspect.LoggingAspect     : Completed successfully method: getCurrentUser
2026-09-05T21:12:55.654+05:30  INFO 4500 --- [doc-mind] [http-nio-8080-exec-2] c.p.docmind.aop.aspect.LoggingAspect     : Initiating to execute method: loadUserByUsername
2026-09-05T21:12:55.662+05:30  INFO 4500 --- [doc-mind] [http-nio-8080-exec-2] c.p.docmind.aop.aspect.LoggingAspect     : Completed successfully method: loadUserByUsername
2026-09-05T21:12:55.664+05:30  INFO 4500 --- [doc-mind] [http-nio-8080-exec-2] c.p.docmind.aop.aspect.LoggingAspect     : Initiating to execute method: fetchDocuments
2026-09-05T21:12:55.679+05:30  INFO 4500 --- [doc-mind] [http-nio-8080-exec-2] c.p.docmind.aop.aspect.LoggingAspect     : Completed successfully method: fetchDocuments
2026-09-05T21:13:25.239+05:30  INFO 4500 --- [doc-mind] [http-nio-8080-exec-4] c.p.d.s.s.impl.ResolveAccessTokenImpl    : Fetching access token from request
2026-09-05T21:13:25.261+05:30  INFO 4500 --- [doc-mind] [http-nio-8080-exec-4] c.p.docmind.aop.aspect.LoggingAspect     : Initiating to execute method: loadUserByUsername
2026-09-05T21:13:25.266+05:30  INFO 4500 --- [doc-mind] [http-nio-8080-exec-4] c.p.docmind.aop.aspect.LoggingAspect     : Completed successfully method: loadUserByUsername
2026-09-05T21:13:25.277+05:30  INFO 4500 --- [doc-mind] [http-nio-8080-exec-4] c.p.docmind.aop.aspect.LoggingAspect     : Initiating to execute method: getStreamResponseFromAssistant
2026-09-05T21:13:25.283+05:30  INFO 4500 --- [doc-mind] [http-nio-8080-exec-4] c.p.docmind.aop.aspect.TrackingAspect    : Starting method: NvidiaModelService.getStreamResponse(..)
2026-09-05T21:13:25.283+05:30  INFO 4500 --- [doc-mind] [http-nio-8080-exec-4] c.p.docmind.aop.aspect.LoggingAspect     : Initiating to execute method: getStreamResponse
2026-09-05T21:13:25.286+05:30  INFO 4500 --- [doc-mind] [http-nio-8080-exec-4] c.p.docmind.aop.aspect.LoggingAspect     : Completed successfully method: getStreamResponse
2026-09-05T21:13:25.288+05:30  INFO 4500 --- [doc-mind] [http-nio-8080-exec-4] c.p.docmind.aop.aspect.TrackingAspect    : Ending method: NvidiaModelService.getStreamResponse(..) | Time: 00:00:003
2026-09-05T21:13:25.288+05:30  INFO 4500 --- [doc-mind] [http-nio-8080-exec-4] c.p.docmind.aop.aspect.LoggingAspect     : Completed successfully method: getStreamResponseFromAssistant
2026-09-05T21:15:16.805+05:30 ERROR 4500 --- [doc-mind] [openai-stream-handler-thread-1] o.s.ai.chat.model.MessageAggregator      : Aggregation Error

com.openai.errors.SseException: 200: Service temporarily overloaded
	at com.openai.errors.SseException$Builder.build(SseException.kt:105) ~[openai-java-core-4.39.1.jar:4.39.1]
	at com.openai.core.handlers.SseHandler$sseHandler$1.invokeSuspend(SseHandler.kt:59) ~[openai-java-core-4.39.1.jar:4.39.1]
	at com.openai.core.handlers.SseHandler$sseHandler$1.invoke(SseHandler.kt) ~[openai-java-core-4.39.1.jar:4.39.1]
	at com.openai.core.handlers.SseHandler$sseHandler$1.invoke(SseHandler.kt) ~[openai-java-core-4.39.1.jar:4.39.1]
	at com.openai.core.handlers.StreamHandler$streamHandler$1$handle$sequence$1.invokeSuspend(StreamHandler.kt:28) ~[openai-java-core-4.39.1.jar:4.39.1]
	at kotlin.coroutines.jvm.internal.BaseContinuationImpl.resumeWith(ContinuationImpl.kt:34) ~[kotlin-stdlib-2.3.21.jar:2.3.21-release-298]
	at kotlin.sequences.SequenceBuilderIterator.hasNext(SequenceBuilder.kt:129) ~[kotlin-stdlib-2.3.21.jar:2.3.21-release-298]
	at com.openai.core.handlers.CloseableSequence$iterator$1.hasNext(StreamHandler.kt:95) ~[openai-java-core-4.39.1.jar:4.39.1]
	at java.base/java.util.Iterator.forEachRemaining(Iterator.java:132) ~[na:na]
	at java.base/java.util.Spliterators$IteratorSpliterator.forEachRemaining(Spliterators.java:1939) ~[na:na]
	at java.base/java.util.stream.AbstractPipeline.copyInto(AbstractPipeline.java:570) ~[na:na]
	at java.base/java.util.stream.AbstractPipeline.wrapAndCopyInto(AbstractPipeline.java:560) ~[na:na]
	at java.base/java.util.stream.ForEachOps$ForEachOp.evaluateSequential(ForEachOps.java:153) ~[na:na]
	at java.base/java.util.stream.ForEachOps$ForEachOp$OfRef.evaluateSequential(ForEachOps.java:176) ~[na:na]
	at java.base/java.util.stream.AbstractPipeline.evaluate(AbstractPipeline.java:265) ~[na:na]
	at java.base/java.util.stream.ReferencePipeline.forEach(ReferencePipeline.java:632) ~[na:na]
	at com.openai.core.http.AsyncStreamResponseKt$toAsync$1$subscribe$1$2.invoke(AsyncStreamResponse.kt:110) ~[openai-java-core-4.39.1.jar:4.39.1]
	at com.openai.core.http.AsyncStreamResponseKt$toAsync$1$subscribe$1$2.invoke(AsyncStreamResponse.kt:94) ~[openai-java-core-4.39.1.jar:4.39.1]
	at com.openai.core.http.AsyncStreamResponseKt$toAsync$1.subscribe$lambda$3$lambda$2(AsyncStreamResponse.kt:95) ~[openai-java-core-4.39.1.jar:4.39.1]
	at java.base/java.util.concurrent.CompletableFuture.uniWhenComplete(CompletableFuture.java:884) ~[na:na]
	at java.base/java.util.concurrent.CompletableFuture$UniWhenComplete.tryFire(CompletableFuture.java:862) ~[na:na]
	at java.base/java.util.concurrent.CompletableFuture$Completion.run(CompletableFuture.java:503) ~[na:na]
	at java.base/java.util.concurrent.ThreadPoolExecutor.runWorker(ThreadPoolExecutor.java:1090) ~[na:na]
	at java.base/java.util.concurrent.ThreadPoolExecutor$Worker.run(ThreadPoolExecutor.java:614) ~[na:na]
	at java.base/java.lang.Thread.run(Thread.java:1474) ~[na:na]

2026-09-05T21:15:16.811+05:30 ERROR 4500 --- [doc-mind] [boundedElastic-4] o.s.ai.chat.model.MessageAggregator      : Aggregation Error

com.openai.errors.SseException: 200: Service temporarily overloaded
	at com.openai.errors.SseException$Builder.build(SseException.kt:105) ~[openai-java-core-4.39.1.jar:4.39.1]
	at com.openai.core.handlers.SseHandler$sseHandler$1.invokeSuspend(SseHandler.kt:59) ~[openai-java-core-4.39.1.jar:4.39.1]
	at com.openai.core.handlers.SseHandler$sseHandler$1.invoke(SseHandler.kt) ~[openai-java-core-4.39.1.jar:4.39.1]
	at com.openai.core.handlers.SseHandler$sseHandler$1.invoke(SseHandler.kt) ~[openai-java-core-4.39.1.jar:4.39.1]
	at com.openai.core.handlers.StreamHandler$streamHandler$1$handle$sequence$1.invokeSuspend(StreamHandler.kt:28) ~[openai-java-core-4.39.1.jar:4.39.1]
	at kotlin.coroutines.jvm.internal.BaseContinuationImpl.resumeWith(ContinuationImpl.kt:34) ~[kotlin-stdlib-2.3.21.jar:2.3.21-release-298]
	at kotlin.sequences.SequenceBuilderIterator.hasNext(SequenceBuilder.kt:129) ~[kotlin-stdlib-2.3.21.jar:2.3.21-release-298]
	at com.openai.core.handlers.CloseableSequence$iterator$1.hasNext(StreamHandler.kt:95) ~[openai-java-core-4.39.1.jar:4.39.1]
	at java.base/java.util.Iterator.forEachRemaining(Iterator.java:132) ~[na:na]
	at java.base/java.util.Spliterators$IteratorSpliterator.forEachRemaining(Spliterators.java:1939) ~[na:na]
	at java.base/java.util.stream.AbstractPipeline.copyInto(AbstractPipeline.java:570) ~[na:na]
	at java.base/java.util.stream.AbstractPipeline.wrapAndCopyInto(AbstractPipeline.java:560) ~[na:na]
	at java.base/java.util.stream.ForEachOps$ForEachOp.evaluateSequential(ForEachOps.java:153) ~[na:na]
	at java.base/java.util.stream.ForEachOps$ForEachOp$OfRef.evaluateSequential(ForEachOps.java:176) ~[na:na]
	at java.base/java.util.stream.AbstractPipeline.evaluate(AbstractPipeline.java:265) ~[na:na]
	at java.base/java.util.stream.ReferencePipeline.forEach(ReferencePipeline.java:632) ~[na:na]
	at com.openai.core.http.AsyncStreamResponseKt$toAsync$1$subscribe$1$2.invoke(AsyncStreamResponse.kt:110) ~[openai-java-core-4.39.1.jar:4.39.1]
	at com.openai.core.http.AsyncStreamResponseKt$toAsync$1$subscribe$1$2.invoke(AsyncStreamResponse.kt:94) ~[openai-java-core-4.39.1.jar:4.39.1]
	at com.openai.core.http.AsyncStreamResponseKt$toAsync$1.subscribe$lambda$3$lambda$2(AsyncStreamResponse.kt:95) ~[openai-java-core-4.39.1.jar:4.39.1]
	at java.base/java.util.concurrent.CompletableFuture.uniWhenComplete(CompletableFuture.java:884) ~[na:na]
	at java.base/java.util.concurrent.CompletableFuture$UniWhenComplete.tryFire(CompletableFuture.java:862) ~[na:na]
	at java.base/java.util.concurrent.CompletableFuture$Completion.run(CompletableFuture.java:503) ~[na:na]
	at java.base/java.util.concurrent.ThreadPoolExecutor.runWorker(ThreadPoolExecutor.java:1090) ~[na:na]
	at java.base/java.util.concurrent.ThreadPoolExecutor$Worker.run(ThreadPoolExecutor.java:614) ~[na:na]
	at java.base/java.lang.Thread.run(Thread.java:1474) ~[na:na]

2026-09-05T21:15:16.812+05:30 ERROR 4500 --- [doc-mind] [boundedElastic-4] o.s.ai.chat.model.MessageAggregator      : Aggregation Error

java.lang.IllegalStateException: Stream processing failed
	at org.springframework.ai.chat.client.advisor.api.BaseAdvisor.lambda$adviseStream$2(BaseAdvisor.java:73) ~[spring-ai-client-chat-2.0.0.jar:2.0.0]
	at reactor.core.publisher.FluxOnErrorResume$ResumeSubscriber.onError(FluxOnErrorResume.java:95) ~[reactor-core-3.8.7.jar:3.8.7]
	at reactor.core.publisher.FluxMap$MapSubscriber.onError(FluxMap.java:134) ~[reactor-core-3.8.7.jar:3.8.7]
	at reactor.core.publisher.MonoFlatMapMany$FlatMapManyInner.onError(MonoFlatMapMany.java:256) ~[reactor-core-3.8.7.jar:3.8.7]
	at reactor.core.publisher.FluxMap$MapSubscriber.onError(FluxMap.java:134) ~[reactor-core-3.8.7.jar:3.8.7]
	at reactor.core.publisher.FluxPeek$PeekSubscriber.onError(FluxPeek.java:225) ~[reactor-core-3.8.7.jar:3.8.7]
	at reactor.core.publisher.FluxPeek$PeekSubscriber.onError(FluxPeek.java:225) ~[reactor-core-3.8.7.jar:3.8.7]
	at reactor.core.publisher.FluxPeek$PeekSubscriber.onError(FluxPeek.java:225) ~[reactor-core-3.8.7.jar:3.8.7]
	at reactor.core.publisher.FluxPeek$PeekSubscriber.onError(FluxPeek.java:225) ~[reactor-core-3.8.7.jar:3.8.7]
	at reactor.core.publisher.FluxHandle$HandleSubscriber.onError(FluxHandle.java:216) ~[reactor-core-3.8.7.jar:3.8.7]
	at reactor.core.publisher.FluxContextWrite$ContextWriteSubscriber.onError(FluxContextWrite.java:123) ~[reactor-core-3.8.7.jar:3.8.7]
	at reactor.core.publisher.FluxDoFinally$DoFinallySubscriber.onError(FluxDoFinally.java:119) ~[reactor-core-3.8.7.jar:3.8.7]
	at reactor.core.publisher.FluxPeekFuseable$PeekFuseableConditionalSubscriber.onError(FluxPeekFuseable.java:554) ~[reactor-core-3.8.7.jar:3.8.7]
	at reactor.core.publisher.FluxPublishOn$PublishOnConditionalSubscriber.doError(FluxPublishOn.java:1115) ~[reactor-core-3.8.7.jar:3.8.7]
	at reactor.core.publisher.FluxPublishOn$PublishOnConditionalSubscriber.checkTerminated(FluxPublishOn.java:1140) ~[reactor-core-3.8.7.jar:3.8.7]
	at reactor.core.publisher.FluxPublishOn$PublishOnConditionalSubscriber.runAsync(FluxPublishOn.java:999) ~[reactor-core-3.8.7.jar:3.8.7]
	at reactor.core.publisher.FluxPublishOn$PublishOnConditionalSubscriber.run(FluxPublishOn.java:1083) ~[reactor-core-3.8.7.jar:3.8.7]
	at reactor.core.scheduler.WorkerTask.call(WorkerTask.java:90) ~[reactor-core-3.8.7.jar:3.8.7]
	at reactor.core.scheduler.WorkerTask.call(WorkerTask.java:37) ~[reactor-core-3.8.7.jar:3.8.7]
	at java.base/java.util.concurrent.FutureTask.run(FutureTask.java:328) ~[na:na]
	at java.base/java.util.concurrent.ScheduledThreadPoolExecutor$ScheduledFutureTask.run(ScheduledThreadPoolExecutor.java:309) ~[na:na]
	at java.base/java.util.concurrent.ThreadPoolExecutor.runWorker(ThreadPoolExecutor.java:1090) ~[na:na]
	at java.base/java.util.concurrent.ThreadPoolExecutor$Worker.run(ThreadPoolExecutor.java:614) ~[na:na]
	at java.base/java.lang.Thread.run(Thread.java:1474) ~[na:na]
Caused by: com.openai.errors.SseException: 200: Service temporarily overloaded
	at com.openai.errors.SseException$Builder.build(SseException.kt:105) ~[openai-java-core-4.39.1.jar:4.39.1]
	at com.openai.core.handlers.SseHandler$sseHandler$1.invokeSuspend(SseHandler.kt:59) ~[openai-java-core-4.39.1.jar:4.39.1]
	at com.openai.core.handlers.SseHandler$sseHandler$1.invoke(SseHandler.kt) ~[openai-java-core-4.39.1.jar:4.39.1]
	at com.openai.core.handlers.SseHandler$sseHandler$1.invoke(SseHandler.kt) ~[openai-java-core-4.39.1.jar:4.39.1]
	at com.openai.core.handlers.StreamHandler$streamHandler$1$handle$sequence$1.invokeSuspend(StreamHandler.kt:28) ~[openai-java-core-4.39.1.jar:4.39.1]
	at kotlin.coroutines.jvm.internal.BaseContinuationImpl.resumeWith(ContinuationImpl.kt:34) ~[kotlin-stdlib-2.3.21.jar:2.3.21-release-298]
	at kotlin.sequences.SequenceBuilderIterator.hasNext(SequenceBuilder.kt:129) ~[kotlin-stdlib-2.3.21.jar:2.3.21-release-298]
	at com.openai.core.handlers.CloseableSequence$iterator$1.hasNext(StreamHandler.kt:95) ~[openai-java-core-4.39.1.jar:4.39.1]
	at java.base/java.util.Iterator.forEachRemaining(Iterator.java:132) ~[na:na]
	at java.base/java.util.Spliterators$IteratorSpliterator.forEachRemaining(Spliterators.java:1939) ~[na:na]
	at java.base/java.util.stream.AbstractPipeline.copyInto(AbstractPipeline.java:570) ~[na:na]
	at java.base/java.util.stream.AbstractPipeline.wrapAndCopyInto(AbstractPipeline.java:560) ~[na:na]
	at java.base/java.util.stream.ForEachOps$ForEachOp.evaluateSequential(ForEachOps.java:153) ~[na:na]
	at java.base/java.util.stream.ForEachOps$ForEachOp$OfRef.evaluateSequential(ForEachOps.java:176) ~[na:na]
	at java.base/java.util.stream.AbstractPipeline.evaluate(AbstractPipeline.java:265) ~[na:na]
	at java.base/java.util.stream.ReferencePipeline.forEach(ReferencePipeline.java:632) ~[na:na]
	at com.openai.core.http.AsyncStreamResponseKt$toAsync$1$subscribe$1$2.invoke(AsyncStreamResponse.kt:110) ~[openai-java-core-4.39.1.jar:4.39.1]
	at com.openai.core.http.AsyncStreamResponseKt$toAsync$1$subscribe$1$2.invoke(AsyncStreamResponse.kt:94) ~[openai-java-core-4.39.1.jar:4.39.1]
	at com.openai.core.http.AsyncStreamResponseKt$toAsync$1.subscribe$lambda$3$lambda$2(AsyncStreamResponse.kt:95) ~[openai-java-core-4.39.1.jar:4.39.1]
	at java.base/java.util.concurrent.CompletableFuture.uniWhenComplete(CompletableFuture.java:884) ~[na:na]
	at java.base/java.util.concurrent.CompletableFuture$UniWhenComplete.tryFire(CompletableFuture.java:862) ~[na:na]
	at java.base/java.util.concurrent.CompletableFuture$Completion.run(CompletableFuture.java:503) ~[na:na]
	... 3 common frames omitted

2026-09-05T21:15:16.812+05:30 ERROR 4500 --- [doc-mind] [boundedElastic-4] o.s.ai.chat.model.MessageAggregator      : Aggregation Error

java.lang.IllegalStateException: Stream processing failed
	at org.springframework.ai.chat.client.advisor.api.BaseAdvisor.lambda$adviseStream$2(BaseAdvisor.java:73) ~[spring-ai-client-chat-2.0.0.jar:2.0.0]
	at reactor.core.publisher.FluxOnErrorResume$ResumeSubscriber.onError(FluxOnErrorResume.java:95) ~[reactor-core-3.8.7.jar:3.8.7]
	at reactor.core.publisher.FluxMap$MapSubscriber.onError(FluxMap.java:134) ~[reactor-core-3.8.7.jar:3.8.7]
	at reactor.core.publisher.MonoFlatMapMany$FlatMapManyInner.onError(MonoFlatMapMany.java:256) ~[reactor-core-3.8.7.jar:3.8.7]
	at reactor.core.publisher.FluxMap$MapSubscriber.onError(FluxMap.java:134) ~[reactor-core-3.8.7.jar:3.8.7]
	at reactor.core.publisher.FluxPeek$PeekSubscriber.onError(FluxPeek.java:225) ~[reactor-core-3.8.7.jar:3.8.7]
	at reactor.core.publisher.FluxPeek$PeekSubscriber.onError(FluxPeek.java:225) ~[reactor-core-3.8.7.jar:3.8.7]
	at reactor.core.publisher.FluxPeek$PeekSubscriber.onError(FluxPeek.java:225) ~[reactor-core-3.8.7.jar:3.8.7]
	at reactor.core.publisher.FluxPeek$PeekSubscriber.onError(FluxPeek.java:225) ~[reactor-core-3.8.7.jar:3.8.7]
	at reactor.core.publisher.FluxHandle$HandleSubscriber.onError(FluxHandle.java:216) ~[reactor-core-3.8.7.jar:3.8.7]
	at reactor.core.publisher.FluxContextWrite$ContextWriteSubscriber.onError(FluxContextWrite.java:123) ~[reactor-core-3.8.7.jar:3.8.7]
	at reactor.core.publisher.FluxDoFinally$DoFinallySubscriber.onError(FluxDoFinally.java:119) ~[reactor-core-3.8.7.jar:3.8.7]
	at reactor.core.publisher.FluxPeekFuseable$PeekFuseableConditionalSubscriber.onError(FluxPeekFuseable.java:554) ~[reactor-core-3.8.7.jar:3.8.7]
	at reactor.core.publisher.FluxPublishOn$PublishOnConditionalSubscriber.doError(FluxPublishOn.java:1115) ~[reactor-core-3.8.7.jar:3.8.7]
	at reactor.core.publisher.FluxPublishOn$PublishOnConditionalSubscriber.checkTerminated(FluxPublishOn.java:1140) ~[reactor-core-3.8.7.jar:3.8.7]
	at reactor.core.publisher.FluxPublishOn$PublishOnConditionalSubscriber.runAsync(FluxPublishOn.java:999) ~[reactor-core-3.8.7.jar:3.8.7]
	at reactor.core.publisher.FluxPublishOn$PublishOnConditionalSubscriber.run(FluxPublishOn.java:1083) ~[reactor-core-3.8.7.jar:3.8.7]
	at reactor.core.scheduler.WorkerTask.call(WorkerTask.java:90) ~[reactor-core-3.8.7.jar:3.8.7]
	at reactor.core.scheduler.WorkerTask.call(WorkerTask.java:37) ~[reactor-core-3.8.7.jar:3.8.7]
	at java.base/java.util.concurrent.FutureTask.run(FutureTask.java:328) ~[na:na]
	at java.base/java.util.concurrent.ScheduledThreadPoolExecutor$ScheduledFutureTask.run(ScheduledThreadPoolExecutor.java:309) ~[na:na]
	at java.base/java.util.concurrent.ThreadPoolExecutor.runWorker(ThreadPoolExecutor.java:1090) ~[na:na]
	at java.base/java.util.concurrent.ThreadPoolExecutor$Worker.run(ThreadPoolExecutor.java:614) ~[na:na]
	at java.base/java.lang.Thread.run(Thread.java:1474) ~[na:na]
Caused by: com.openai.errors.SseException: 200: Service temporarily overloaded
	at com.openai.errors.SseException$Builder.build(SseException.kt:105) ~[openai-java-core-4.39.1.jar:4.39.1]
	at com.openai.core.handlers.SseHandler$sseHandler$1.invokeSuspend(SseHandler.kt:59) ~[openai-java-core-4.39.1.jar:4.39.1]
	at com.openai.core.handlers.SseHandler$sseHandler$1.invoke(SseHandler.kt) ~[openai-java-core-4.39.1.jar:4.39.1]
	at com.openai.core.handlers.SseHandler$sseHandler$1.invoke(SseHandler.kt) ~[openai-java-core-4.39.1.jar:4.39.1]
	at com.openai.core.handlers.StreamHandler$streamHandler$1$handle$sequence$1.invokeSuspend(StreamHandler.kt:28) ~[openai-java-core-4.39.1.jar:4.39.1]
	at kotlin.coroutines.jvm.internal.BaseContinuationImpl.resumeWith(ContinuationImpl.kt:34) ~[kotlin-stdlib-2.3.21.jar:2.3.21-release-298]
	at kotlin.sequences.SequenceBuilderIterator.hasNext(SequenceBuilder.kt:129) ~[kotlin-stdlib-2.3.21.jar:2.3.21-release-298]
	at com.openai.core.handlers.CloseableSequence$iterator$1.hasNext(StreamHandler.kt:95) ~[openai-java-core-4.39.1.jar:4.39.1]
	at java.base/java.util.Iterator.forEachRemaining(Iterator.java:132) ~[na:na]
	at java.base/java.util.Spliterators$IteratorSpliterator.forEachRemaining(Spliterators.java:1939) ~[na:na]
	at java.base/java.util.stream.AbstractPipeline.copyInto(AbstractPipeline.java:570) ~[na:na]
	at java.base/java.util.stream.AbstractPipeline.wrapAndCopyInto(AbstractPipeline.java:560) ~[na:na]
	at java.base/java.util.stream.ForEachOps$ForEachOp.evaluateSequential(ForEachOps.java:153) ~[na:na]
	at java.base/java.util.stream.ForEachOps$ForEachOp$OfRef.evaluateSequential(ForEachOps.java:176) ~[na:na]
	at java.base/java.util.stream.AbstractPipeline.evaluate(AbstractPipeline.java:265) ~[na:na]
	at java.base/java.util.stream.ReferencePipeline.forEach(ReferencePipeline.java:632) ~[na:na]
	at com.openai.core.http.AsyncStreamResponseKt$toAsync$1$subscribe$1$2.invoke(AsyncStreamResponse.kt:110) ~[openai-java-core-4.39.1.jar:4.39.1]
	at com.openai.core.http.AsyncStreamResponseKt$toAsync$1$subscribe$1$2.invoke(AsyncStreamResponse.kt:94) ~[openai-java-core-4.39.1.jar:4.39.1]
	at com.openai.core.http.AsyncStreamResponseKt$toAsync$1.subscribe$lambda$3$lambda$2(AsyncStreamResponse.kt:95) ~[openai-java-core-4.39.1.jar:4.39.1]
	at java.base/java.util.concurrent.CompletableFuture.uniWhenComplete(CompletableFuture.java:884) ~[na:na]
	at java.base/java.util.concurrent.CompletableFuture$UniWhenComplete.tryFire(CompletableFuture.java:862) ~[na:na]
	at java.base/java.util.concurrent.CompletableFuture$Completion.run(CompletableFuture.java:503) ~[na:na]
	... 3 common frames omitted

2026-09-05T21:15:16.812+05:30 ERROR 4500 --- [doc-mind] [boundedElastic-4] o.s.ai.chat.model.MessageAggregator      : Aggregation Error

java.lang.IllegalStateException: Stream processing failed
	at org.springframework.ai.chat.client.advisor.api.BaseAdvisor.lambda$adviseStream$2(BaseAdvisor.java:73) ~[spring-ai-client-chat-2.0.0.jar:2.0.0]
	at reactor.core.publisher.FluxOnErrorResume$ResumeSubscriber.onError(FluxOnErrorResume.java:95) ~[reactor-core-3.8.7.jar:3.8.7]
	at reactor.core.publisher.FluxMap$MapSubscriber.onError(FluxMap.java:134) ~[reactor-core-3.8.7.jar:3.8.7]
	at reactor.core.publisher.MonoFlatMapMany$FlatMapManyInner.onError(MonoFlatMapMany.java:256) ~[reactor-core-3.8.7.jar:3.8.7]
	at reactor.core.publisher.FluxMap$MapSubscriber.onError(FluxMap.java:134) ~[reactor-core-3.8.7.jar:3.8.7]
	at reactor.core.publisher.FluxPeek$PeekSubscriber.onError(FluxPeek.java:225) ~[reactor-core-3.8.7.jar:3.8.7]
	at reactor.core.publisher.FluxPeek$PeekSubscriber.onError(FluxPeek.java:225) ~[reactor-core-3.8.7.jar:3.8.7]
	at reactor.core.publisher.FluxPeek$PeekSubscriber.onError(FluxPeek.java:225) ~[reactor-core-3.8.7.jar:3.8.7]
	at reactor.core.publisher.FluxPeek$PeekSubscriber.onError(FluxPeek.java:225) ~[reactor-core-3.8.7.jar:3.8.7]
	at reactor.core.publisher.FluxHandle$HandleSubscriber.onError(FluxHandle.java:216) ~[reactor-core-3.8.7.jar:3.8.7]
	at reactor.core.publisher.FluxContextWrite$ContextWriteSubscriber.onError(FluxContextWrite.java:123) ~[reactor-core-3.8.7.jar:3.8.7]
	at reactor.core.publisher.FluxDoFinally$DoFinallySubscriber.onError(FluxDoFinally.java:119) ~[reactor-core-3.8.7.jar:3.8.7]
	at reactor.core.publisher.FluxPeekFuseable$PeekFuseableConditionalSubscriber.onError(FluxPeekFuseable.java:554) ~[reactor-core-3.8.7.jar:3.8.7]
	at reactor.core.publisher.FluxPublishOn$PublishOnConditionalSubscriber.doError(FluxPublishOn.java:1115) ~[reactor-core-3.8.7.jar:3.8.7]
	at reactor.core.publisher.FluxPublishOn$PublishOnConditionalSubscriber.checkTerminated(FluxPublishOn.java:1140) ~[reactor-core-3.8.7.jar:3.8.7]
	at reactor.core.publisher.FluxPublishOn$PublishOnConditionalSubscriber.runAsync(FluxPublishOn.java:999) ~[reactor-core-3.8.7.jar:3.8.7]
	at reactor.core.publisher.FluxPublishOn$PublishOnConditionalSubscriber.run(FluxPublishOn.java:1083) ~[reactor-core-3.8.7.jar:3.8.7]
	at reactor.core.scheduler.WorkerTask.call(WorkerTask.java:90) ~[reactor-core-3.8.7.jar:3.8.7]
	at reactor.core.scheduler.WorkerTask.call(WorkerTask.java:37) ~[reactor-core-3.8.7.jar:3.8.7]
	at java.base/java.util.concurrent.FutureTask.run(FutureTask.java:328) ~[na:na]
	at java.base/java.util.concurrent.ScheduledThreadPoolExecutor$ScheduledFutureTask.run(ScheduledThreadPoolExecutor.java:309) ~[na:na]
	at java.base/java.util.concurrent.ThreadPoolExecutor.runWorker(ThreadPoolExecutor.java:1090) ~[na:na]
	at java.base/java.util.concurrent.ThreadPoolExecutor$Worker.run(ThreadPoolExecutor.java:614) ~[na:na]
	at java.base/java.lang.Thread.run(Thread.java:1474) ~[na:na]
Caused by: com.openai.errors.SseException: 200: Service temporarily overloaded
	at com.openai.errors.SseException$Builder.build(SseException.kt:105) ~[openai-java-core-4.39.1.jar:4.39.1]
	at com.openai.core.handlers.SseHandler$sseHandler$1.invokeSuspend(SseHandler.kt:59) ~[openai-java-core-4.39.1.jar:4.39.1]
	at com.openai.core.handlers.SseHandler$sseHandler$1.invoke(SseHandler.kt) ~[openai-java-core-4.39.1.jar:4.39.1]
	at com.openai.core.handlers.SseHandler$sseHandler$1.invoke(SseHandler.kt) ~[openai-java-core-4.39.1.jar:4.39.1]
	at com.openai.core.handlers.StreamHandler$streamHandler$1$handle$sequence$1.invokeSuspend(StreamHandler.kt:28) ~[openai-java-core-4.39.1.jar:4.39.1]
	at kotlin.coroutines.jvm.internal.BaseContinuationImpl.resumeWith(ContinuationImpl.kt:34) ~[kotlin-stdlib-2.3.21.jar:2.3.21-release-298]
	at kotlin.sequences.SequenceBuilderIterator.hasNext(SequenceBuilder.kt:129) ~[kotlin-stdlib-2.3.21.jar:2.3.21-release-298]
	at com.openai.core.handlers.CloseableSequence$iterator$1.hasNext(StreamHandler.kt:95) ~[openai-java-core-4.39.1.jar:4.39.1]
	at java.base/java.util.Iterator.forEachRemaining(Iterator.java:132) ~[na:na]
	at java.base/java.util.Spliterators$IteratorSpliterator.forEachRemaining(Spliterators.java:1939) ~[na:na]
	at java.base/java.util.stream.AbstractPipeline.copyInto(AbstractPipeline.java:570) ~[na:na]
	at java.base/java.util.stream.AbstractPipeline.wrapAndCopyInto(AbstractPipeline.java:560) ~[na:na]
	at java.base/java.util.stream.ForEachOps$ForEachOp.evaluateSequential(ForEachOps.java:153) ~[na:na]
	at java.base/java.util.stream.ForEachOps$ForEachOp$OfRef.evaluateSequential(ForEachOps.java:176) ~[na:na]
	at java.base/java.util.stream.AbstractPipeline.evaluate(AbstractPipeline.java:265) ~[na:na]
	at java.base/java.util.stream.ReferencePipeline.forEach(ReferencePipeline.java:632) ~[na:na]
	at com.openai.core.http.AsyncStreamResponseKt$toAsync$1$subscribe$1$2.invoke(AsyncStreamResponse.kt:110) ~[openai-java-core-4.39.1.jar:4.39.1]
	at com.openai.core.http.AsyncStreamResponseKt$toAsync$1$subscribe$1$2.invoke(AsyncStreamResponse.kt:94) ~[openai-java-core-4.39.1.jar:4.39.1]
	at com.openai.core.http.AsyncStreamResponseKt$toAsync$1.subscribe$lambda$3$lambda$2(AsyncStreamResponse.kt:95) ~[openai-java-core-4.39.1.jar:4.39.1]
	at java.base/java.util.concurrent.CompletableFuture.uniWhenComplete(CompletableFuture.java:884) ~[na:na]
	at java.base/java.util.concurrent.CompletableFuture$UniWhenComplete.tryFire(CompletableFuture.java:862) ~[na:na]
	at java.base/java.util.concurrent.CompletableFuture$Completion.run(CompletableFuture.java:503) ~[na:na]
	... 3 common frames omitted

2026-09-05T21:15:16.818+05:30 ERROR 4500 --- [doc-mind] [boundedElastic-4] o.s.ai.chat.model.MessageAggregator      : Aggregation Error

java.lang.IllegalStateException: Stream processing failed
	at org.springframework.ai.chat.client.advisor.api.BaseAdvisor.lambda$adviseStream$2(BaseAdvisor.java:73) ~[spring-ai-client-chat-2.0.0.jar:2.0.0]
	at reactor.core.publisher.FluxOnErrorResume$ResumeSubscriber.onError(FluxOnErrorResume.java:95) ~[reactor-core-3.8.7.jar:3.8.7]
	at reactor.core.publisher.FluxMap$MapSubscriber.onError(FluxMap.java:134) ~[reactor-core-3.8.7.jar:3.8.7]
	at reactor.core.publisher.MonoFlatMapMany$FlatMapManyInner.onError(MonoFlatMapMany.java:256) ~[reactor-core-3.8.7.jar:3.8.7]
	at reactor.core.publisher.FluxMap$MapSubscriber.onError(FluxMap.java:134) ~[reactor-core-3.8.7.jar:3.8.7]
	at reactor.core.publisher.FluxPeek$PeekSubscriber.onError(FluxPeek.java:225) ~[reactor-core-3.8.7.jar:3.8.7]
	at reactor.core.publisher.FluxPeek$PeekSubscriber.onError(FluxPeek.java:225) ~[reactor-core-3.8.7.jar:3.8.7]
	at reactor.core.publisher.FluxPeek$PeekSubscriber.onError(FluxPeek.java:225) ~[reactor-core-3.8.7.jar:3.8.7]
	at reactor.core.publisher.FluxPeek$PeekSubscriber.onError(FluxPeek.java:225) ~[reactor-core-3.8.7.jar:3.8.7]
	at reactor.core.publisher.FluxHandle$HandleSubscriber.onError(FluxHandle.java:216) ~[reactor-core-3.8.7.jar:3.8.7]
	at reactor.core.publisher.FluxContextWrite$ContextWriteSubscriber.onError(FluxContextWrite.java:123) ~[reactor-core-3.8.7.jar:3.8.7]
	at reactor.core.publisher.FluxDoFinally$DoFinallySubscriber.onError(FluxDoFinally.java:119) ~[reactor-core-3.8.7.jar:3.8.7]
	at reactor.core.publisher.FluxPeekFuseable$PeekFuseableConditionalSubscriber.onError(FluxPeekFuseable.java:554) ~[reactor-core-3.8.7.jar:3.8.7]
	at reactor.core.publisher.FluxPublishOn$PublishOnConditionalSubscriber.doError(FluxPublishOn.java:1115) ~[reactor-core-3.8.7.jar:3.8.7]
	at reactor.core.publisher.FluxPublishOn$PublishOnConditionalSubscriber.checkTerminated(FluxPublishOn.java:1140) ~[reactor-core-3.8.7.jar:3.8.7]
	at reactor.core.publisher.FluxPublishOn$PublishOnConditionalSubscriber.runAsync(FluxPublishOn.java:999) ~[reactor-core-3.8.7.jar:3.8.7]
	at reactor.core.publisher.FluxPublishOn$PublishOnConditionalSubscriber.run(FluxPublishOn.java:1083) ~[reactor-core-3.8.7.jar:3.8.7]
	at reactor.core.scheduler.WorkerTask.call(WorkerTask.java:90) ~[reactor-core-3.8.7.jar:3.8.7]
	at reactor.core.scheduler.WorkerTask.call(WorkerTask.java:37) ~[reactor-core-3.8.7.jar:3.8.7]
	at java.base/java.util.concurrent.FutureTask.run(FutureTask.java:328) ~[na:na]
	at java.base/java.util.concurrent.ScheduledThreadPoolExecutor$ScheduledFutureTask.run(ScheduledThreadPoolExecutor.java:309) ~[na:na]
	at java.base/java.util.concurrent.ThreadPoolExecutor.runWorker(ThreadPoolExecutor.java:1090) ~[na:na]
	at java.base/java.util.concurrent.ThreadPoolExecutor$Worker.run(ThreadPoolExecutor.java:614) ~[na:na]
	at java.base/java.lang.Thread.run(Thread.java:1474) ~[na:na]
Caused by: com.openai.errors.SseException: 200: Service temporarily overloaded
	at com.openai.errors.SseException$Builder.build(SseException.kt:105) ~[openai-java-core-4.39.1.jar:4.39.1]
	at com.openai.core.handlers.SseHandler$sseHandler$1.invokeSuspend(SseHandler.kt:59) ~[openai-java-core-4.39.1.jar:4.39.1]
	at com.openai.core.handlers.SseHandler$sseHandler$1.invoke(SseHandler.kt) ~[openai-java-core-4.39.1.jar:4.39.1]
	at com.openai.core.handlers.SseHandler$sseHandler$1.invoke(SseHandler.kt) ~[openai-java-core-4.39.1.jar:4.39.1]
	at com.openai.core.handlers.StreamHandler$streamHandler$1$handle$sequence$1.invokeSuspend(StreamHandler.kt:28) ~[openai-java-core-4.39.1.jar:4.39.1]
	at kotlin.coroutines.jvm.internal.BaseContinuationImpl.resumeWith(ContinuationImpl.kt:34) ~[kotlin-stdlib-2.3.21.jar:2.3.21-release-298]
	at kotlin.sequences.SequenceBuilderIterator.hasNext(SequenceBuilder.kt:129) ~[kotlin-stdlib-2.3.21.jar:2.3.21-release-298]
	at com.openai.core.handlers.CloseableSequence$iterator$1.hasNext(StreamHandler.kt:95) ~[openai-java-core-4.39.1.jar:4.39.1]
	at java.base/java.util.Iterator.forEachRemaining(Iterator.java:132) ~[na:na]
	at java.base/java.util.Spliterators$IteratorSpliterator.forEachRemaining(Spliterators.java:1939) ~[na:na]
	at java.base/java.util.stream.AbstractPipeline.copyInto(AbstractPipeline.java:570) ~[na:na]
	at java.base/java.util.stream.AbstractPipeline.wrapAndCopyInto(AbstractPipeline.java:560) ~[na:na]
	at java.base/java.util.stream.ForEachOps$ForEachOp.evaluateSequential(ForEachOps.java:153) ~[na:na]
	at java.base/java.util.stream.ForEachOps$ForEachOp$OfRef.evaluateSequential(ForEachOps.java:176) ~[na:na]
	at java.base/java.util.stream.AbstractPipeline.evaluate(AbstractPipeline.java:265) ~[na:na]
	at java.base/java.util.stream.ReferencePipeline.forEach(ReferencePipeline.java:632) ~[na:na]
	at com.openai.core.http.AsyncStreamResponseKt$toAsync$1$subscribe$1$2.invoke(AsyncStreamResponse.kt:110) ~[openai-java-core-4.39.1.jar:4.39.1]
	at com.openai.core.http.AsyncStreamResponseKt$toAsync$1$subscribe$1$2.invoke(AsyncStreamResponse.kt:94) ~[openai-java-core-4.39.1.jar:4.39.1]
	at com.openai.core.http.AsyncStreamResponseKt$toAsync$1.subscribe$lambda$3$lambda$2(AsyncStreamResponse.kt:95) ~[openai-java-core-4.39.1.jar:4.39.1]
	at java.base/java.util.concurrent.CompletableFuture.uniWhenComplete(CompletableFuture.java:884) ~[na:na]
	at java.base/java.util.concurrent.CompletableFuture$UniWhenComplete.tryFire(CompletableFuture.java:862) ~[na:na]
	at java.base/java.util.concurrent.CompletableFuture$Completion.run(CompletableFuture.java:503) ~[na:na]
	... 3 common frames omitted

2026-09-05T21:15:16.820+05:30 ERROR 4500 --- [doc-mind] [boundedElastic-4] o.s.ai.chat.model.MessageAggregator      : Aggregation Error

java.lang.IllegalStateException: Stream processing failed
	at org.springframework.ai.chat.client.advisor.api.BaseAdvisor.lambda$adviseStream$2(BaseAdvisor.java:73) ~[spring-ai-client-chat-2.0.0.jar:2.0.0]
	at reactor.core.publisher.FluxOnErrorResume$ResumeSubscriber.onError(FluxOnErrorResume.java:95) ~[reactor-core-3.8.7.jar:3.8.7]
	at reactor.core.publisher.FluxMap$MapSubscriber.onError(FluxMap.java:134) ~[reactor-core-3.8.7.jar:3.8.7]
	at reactor.core.publisher.MonoFlatMapMany$FlatMapManyInner.onError(MonoFlatMapMany.java:256) ~[reactor-core-3.8.7.jar:3.8.7]
	at reactor.core.publisher.FluxMap$MapSubscriber.onError(FluxMap.java:134) ~[reactor-core-3.8.7.jar:3.8.7]
	at reactor.core.publisher.FluxPeek$PeekSubscriber.onError(FluxPeek.java:225) ~[reactor-core-3.8.7.jar:3.8.7]
	at reactor.core.publisher.FluxPeek$PeekSubscriber.onError(FluxPeek.java:225) ~[reactor-core-3.8.7.jar:3.8.7]
	at reactor.core.publisher.FluxPeek$PeekSubscriber.onError(FluxPeek.java:225) ~[reactor-core-3.8.7.jar:3.8.7]
	at reactor.core.publisher.FluxPeek$PeekSubscriber.onError(FluxPeek.java:225) ~[reactor-core-3.8.7.jar:3.8.7]
	at reactor.core.publisher.FluxHandle$HandleSubscriber.onError(FluxHandle.java:216) ~[reactor-core-3.8.7.jar:3.8.7]
	at reactor.core.publisher.FluxContextWrite$ContextWriteSubscriber.onError(FluxContextWrite.java:123) ~[reactor-core-3.8.7.jar:3.8.7]
	at reactor.core.publisher.FluxDoFinally$DoFinallySubscriber.onError(FluxDoFinally.java:119) ~[reactor-core-3.8.7.jar:3.8.7]
	at reactor.core.publisher.FluxPeekFuseable$PeekFuseableConditionalSubscriber.onError(FluxPeekFuseable.java:554) ~[reactor-core-3.8.7.jar:3.8.7]
	at reactor.core.publisher.FluxPublishOn$PublishOnConditionalSubscriber.doError(FluxPublishOn.java:1115) ~[reactor-core-3.8.7.jar:3.8.7]
	at reactor.core.publisher.FluxPublishOn$PublishOnConditionalSubscriber.checkTerminated(FluxPublishOn.java:1140) ~[reactor-core-3.8.7.jar:3.8.7]
	at reactor.core.publisher.FluxPublishOn$PublishOnConditionalSubscriber.runAsync(FluxPublishOn.java:999) ~[reactor-core-3.8.7.jar:3.8.7]
	at reactor.core.publisher.FluxPublishOn$PublishOnConditionalSubscriber.run(FluxPublishOn.java:1083) ~[reactor-core-3.8.7.jar:3.8.7]
	at reactor.core.scheduler.WorkerTask.call(WorkerTask.java:90) ~[reactor-core-3.8.7.jar:3.8.7]
	at reactor.core.scheduler.WorkerTask.call(WorkerTask.java:37) ~[reactor-core-3.8.7.jar:3.8.7]
	at java.base/java.util.concurrent.FutureTask.run(FutureTask.java:328) ~[na:na]
	at java.base/java.util.concurrent.ScheduledThreadPoolExecutor$ScheduledFutureTask.run(ScheduledThreadPoolExecutor.java:309) ~[na:na]
	at java.base/java.util.concurrent.ThreadPoolExecutor.runWorker(ThreadPoolExecutor.java:1090) ~[na:na]
	at java.base/java.util.concurrent.ThreadPoolExecutor$Worker.run(ThreadPoolExecutor.java:614) ~[na:na]
	at java.base/java.lang.Thread.run(Thread.java:1474) ~[na:na]
Caused by: com.openai.errors.SseException: 200: Service temporarily overloaded
	at com.openai.errors.SseException$Builder.build(SseException.kt:105) ~[openai-java-core-4.39.1.jar:4.39.1]
	at com.openai.core.handlers.SseHandler$sseHandler$1.invokeSuspend(SseHandler.kt:59) ~[openai-java-core-4.39.1.jar:4.39.1]
	at com.openai.core.handlers.SseHandler$sseHandler$1.invoke(SseHandler.kt) ~[openai-java-core-4.39.1.jar:4.39.1]
	at com.openai.core.handlers.SseHandler$sseHandler$1.invoke(SseHandler.kt) ~[openai-java-core-4.39.1.jar:4.39.1]
	at com.openai.core.handlers.StreamHandler$streamHandler$1$handle$sequence$1.invokeSuspend(StreamHandler.kt:28) ~[openai-java-core-4.39.1.jar:4.39.1]
	at kotlin.coroutines.jvm.internal.BaseContinuationImpl.resumeWith(ContinuationImpl.kt:34) ~[kotlin-stdlib-2.3.21.jar:2.3.21-release-298]
	at kotlin.sequences.SequenceBuilderIterator.hasNext(SequenceBuilder.kt:129) ~[kotlin-stdlib-2.3.21.jar:2.3.21-release-298]
	at com.openai.core.handlers.CloseableSequence$iterator$1.hasNext(StreamHandler.kt:95) ~[openai-java-core-4.39.1.jar:4.39.1]
	at java.base/java.util.Iterator.forEachRemaining(Iterator.java:132) ~[na:na]
	at java.base/java.util.Spliterators$IteratorSpliterator.forEachRemaining(Spliterators.java:1939) ~[na:na]
	at java.base/java.util.stream.AbstractPipeline.copyInto(AbstractPipeline.java:570) ~[na:na]
	at java.base/java.util.stream.AbstractPipeline.wrapAndCopyInto(AbstractPipeline.java:560) ~[na:na]
	at java.base/java.util.stream.ForEachOps$ForEachOp.evaluateSequential(ForEachOps.java:153) ~[na:na]
	at java.base/java.util.stream.ForEachOps$ForEachOp$OfRef.evaluateSequential(ForEachOps.java:176) ~[na:na]
	at java.base/java.util.stream.AbstractPipeline.evaluate(AbstractPipeline.java:265) ~[na:na]
	at java.base/java.util.stream.ReferencePipeline.forEach(ReferencePipeline.java:632) ~[na:na]
	at com.openai.core.http.AsyncStreamResponseKt$toAsync$1$subscribe$1$2.invoke(AsyncStreamResponse.kt:110) ~[openai-java-core-4.39.1.jar:4.39.1]
	at com.openai.core.http.AsyncStreamResponseKt$toAsync$1$subscribe$1$2.invoke(AsyncStreamResponse.kt:94) ~[openai-java-core-4.39.1.jar:4.39.1]
	at com.openai.core.http.AsyncStreamResponseKt$toAsync$1.subscribe$lambda$3$lambda$2(AsyncStreamResponse.kt:95) ~[openai-java-core-4.39.1.jar:4.39.1]
	at java.base/java.util.concurrent.CompletableFuture.uniWhenComplete(CompletableFuture.java:884) ~[na:na]
	at java.base/java.util.concurrent.CompletableFuture$UniWhenComplete.tryFire(CompletableFuture.java:862) ~[na:na]
	at java.base/java.util.concurrent.CompletableFuture$Completion.run(CompletableFuture.java:503) ~[na:na]
	... 3 common frames omitted

2026-09-05T21:15:16.826+05:30 ERROR 4500 --- [doc-mind] [boundedElastic-4] o.s.ai.chat.model.MessageAggregator      : Aggregation Error

java.lang.IllegalStateException: Stream processing failed
	at org.springframework.ai.chat.client.advisor.api.BaseAdvisor.lambda$adviseStream$2(BaseAdvisor.java:73) ~[spring-ai-client-chat-2.0.0.jar:2.0.0]
	at reactor.core.publisher.FluxOnErrorResume$ResumeSubscriber.onError(FluxOnErrorResume.java:95) ~[reactor-core-3.8.7.jar:3.8.7]
	at reactor.core.publisher.FluxMap$MapSubscriber.onError(FluxMap.java:134) ~[reactor-core-3.8.7.jar:3.8.7]
	at reactor.core.publisher.MonoFlatMapMany$FlatMapManyInner.onError(MonoFlatMapMany.java:256) ~[reactor-core-3.8.7.jar:3.8.7]
	at reactor.core.publisher.FluxMap$MapSubscriber.onError(FluxMap.java:134) ~[reactor-core-3.8.7.jar:3.8.7]
	at reactor.core.publisher.FluxPeek$PeekSubscriber.onError(FluxPeek.java:225) ~[reactor-core-3.8.7.jar:3.8.7]
	at reactor.core.publisher.FluxPeek$PeekSubscriber.onError(FluxPeek.java:225) ~[reactor-core-3.8.7.jar:3.8.7]
	at reactor.core.publisher.FluxPeek$PeekSubscriber.onError(FluxPeek.java:225) ~[reactor-core-3.8.7.jar:3.8.7]
	at reactor.core.publisher.FluxPeek$PeekSubscriber.onError(FluxPeek.java:225) ~[reactor-core-3.8.7.jar:3.8.7]
	at reactor.core.publisher.FluxHandle$HandleSubscriber.onError(FluxHandle.java:216) ~[reactor-core-3.8.7.jar:3.8.7]
	at reactor.core.publisher.FluxContextWrite$ContextWriteSubscriber.onError(FluxContextWrite.java:123) ~[reactor-core-3.8.7.jar:3.8.7]
	at reactor.core.publisher.FluxDoFinally$DoFinallySubscriber.onError(FluxDoFinally.java:119) ~[reactor-core-3.8.7.jar:3.8.7]
	at reactor.core.publisher.FluxPeekFuseable$PeekFuseableConditionalSubscriber.onError(FluxPeekFuseable.java:554) ~[reactor-core-3.8.7.jar:3.8.7]
	at reactor.core.publisher.FluxPublishOn$PublishOnConditionalSubscriber.doError(FluxPublishOn.java:1115) ~[reactor-core-3.8.7.jar:3.8.7]
	at reactor.core.publisher.FluxPublishOn$PublishOnConditionalSubscriber.checkTerminated(FluxPublishOn.java:1140) ~[reactor-core-3.8.7.jar:3.8.7]
	at reactor.core.publisher.FluxPublishOn$PublishOnConditionalSubscriber.runAsync(FluxPublishOn.java:999) ~[reactor-core-3.8.7.jar:3.8.7]
	at reactor.core.publisher.FluxPublishOn$PublishOnConditionalSubscriber.run(FluxPublishOn.java:1083) ~[reactor-core-3.8.7.jar:3.8.7]
	at reactor.core.scheduler.WorkerTask.call(WorkerTask.java:90) ~[reactor-core-3.8.7.jar:3.8.7]
	at reactor.core.scheduler.WorkerTask.call(WorkerTask.java:37) ~[reactor-core-3.8.7.jar:3.8.7]
	at java.base/java.util.concurrent.FutureTask.run(FutureTask.java:328) ~[na:na]
	at java.base/java.util.concurrent.ScheduledThreadPoolExecutor$ScheduledFutureTask.run(ScheduledThreadPoolExecutor.java:309) ~[na:na]
	at java.base/java.util.concurrent.ThreadPoolExecutor.runWorker(ThreadPoolExecutor.java:1090) ~[na:na]
	at java.base/java.util.concurrent.ThreadPoolExecutor$Worker.run(ThreadPoolExecutor.java:614) ~[na:na]
	at java.base/java.lang.Thread.run(Thread.java:1474) ~[na:na]
Caused by: com.openai.errors.SseException: 200: Service temporarily overloaded
	at com.openai.errors.SseException$Builder.build(SseException.kt:105) ~[openai-java-core-4.39.1.jar:4.39.1]
	at com.openai.core.handlers.SseHandler$sseHandler$1.invokeSuspend(SseHandler.kt:59) ~[openai-java-core-4.39.1.jar:4.39.1]
	at com.openai.core.handlers.SseHandler$sseHandler$1.invoke(SseHandler.kt) ~[openai-java-core-4.39.1.jar:4.39.1]
	at com.openai.core.handlers.SseHandler$sseHandler$1.invoke(SseHandler.kt) ~[openai-java-core-4.39.1.jar:4.39.1]
	at com.openai.core.handlers.StreamHandler$streamHandler$1$handle$sequence$1.invokeSuspend(StreamHandler.kt:28) ~[openai-java-core-4.39.1.jar:4.39.1]
	at kotlin.coroutines.jvm.internal.BaseContinuationImpl.resumeWith(ContinuationImpl.kt:34) ~[kotlin-stdlib-2.3.21.jar:2.3.21-release-298]
	at kotlin.sequences.SequenceBuilderIterator.hasNext(SequenceBuilder.kt:129) ~[kotlin-stdlib-2.3.21.jar:2.3.21-release-298]
	at com.openai.core.handlers.CloseableSequence$iterator$1.hasNext(StreamHandler.kt:95) ~[openai-java-core-4.39.1.jar:4.39.1]
	at java.base/java.util.Iterator.forEachRemaining(Iterator.java:132) ~[na:na]
	at java.base/java.util.Spliterators$IteratorSpliterator.forEachRemaining(Spliterators.java:1939) ~[na:na]
	at java.base/java.util.stream.AbstractPipeline.copyInto(AbstractPipeline.java:570) ~[na:na]
	at java.base/java.util.stream.AbstractPipeline.wrapAndCopyInto(AbstractPipeline.java:560) ~[na:na]
	at java.base/java.util.stream.ForEachOps$ForEachOp.evaluateSequential(ForEachOps.java:153) ~[na:na]
	at java.base/java.util.stream.ForEachOps$ForEachOp$OfRef.evaluateSequential(ForEachOps.java:176) ~[na:na]
	at java.base/java.util.stream.AbstractPipeline.evaluate(AbstractPipeline.java:265) ~[na:na]
	at java.base/java.util.stream.ReferencePipeline.forEach(ReferencePipeline.java:632) ~[na:na]
	at com.openai.core.http.AsyncStreamResponseKt$toAsync$1$subscribe$1$2.invoke(AsyncStreamResponse.kt:110) ~[openai-java-core-4.39.1.jar:4.39.1]
	at com.openai.core.http.AsyncStreamResponseKt$toAsync$1$subscribe$1$2.invoke(AsyncStreamResponse.kt:94) ~[openai-java-core-4.39.1.jar:4.39.1]
	at com.openai.core.http.AsyncStreamResponseKt$toAsync$1.subscribe$lambda$3$lambda$2(AsyncStreamResponse.kt:95) ~[openai-java-core-4.39.1.jar:4.39.1]
	at java.base/java.util.concurrent.CompletableFuture.uniWhenComplete(CompletableFuture.java:884) ~[na:na]
	at java.base/java.util.concurrent.CompletableFuture$UniWhenComplete.tryFire(CompletableFuture.java:862) ~[na:na]
	at java.base/java.util.concurrent.CompletableFuture$Completion.run(CompletableFuture.java:503) ~[na:na]
	... 3 common frames omitted

2026-09-05T21:15:16.841+05:30 ERROR 4500 --- [doc-mind] [http-nio-8080-exec-3] c.p.d.exception.GlobalExceptionHandler   : Stream processing failed

java.lang.IllegalStateException: Stream processing failed
	at org.springframework.ai.chat.client.advisor.api.BaseAdvisor.lambda$adviseStream$2(BaseAdvisor.java:73) ~[spring-ai-client-chat-2.0.0.jar:2.0.0]
	at reactor.core.publisher.FluxOnErrorResume$ResumeSubscriber.onError(FluxOnErrorResume.java:95) ~[reactor-core-3.8.7.jar:3.8.7]
	at reactor.core.publisher.FluxMap$MapSubscriber.onError(FluxMap.java:134) ~[reactor-core-3.8.7.jar:3.8.7]
	at reactor.core.publisher.MonoFlatMapMany$FlatMapManyInner.onError(MonoFlatMapMany.java:256) ~[reactor-core-3.8.7.jar:3.8.7]
	at reactor.core.publisher.FluxMap$MapSubscriber.onError(FluxMap.java:134) ~[reactor-core-3.8.7.jar:3.8.7]
	at reactor.core.publisher.FluxPeek$PeekSubscriber.onError(FluxPeek.java:225) ~[reactor-core-3.8.7.jar:3.8.7]
	at reactor.core.publisher.FluxPeek$PeekSubscriber.onError(FluxPeek.java:225) ~[reactor-core-3.8.7.jar:3.8.7]
	at reactor.core.publisher.FluxPeek$PeekSubscriber.onError(FluxPeek.java:225) ~[reactor-core-3.8.7.jar:3.8.7]
	at reactor.core.publisher.FluxPeek$PeekSubscriber.onError(FluxPeek.java:225) ~[reactor-core-3.8.7.jar:3.8.7]
	at reactor.core.publisher.FluxHandle$HandleSubscriber.onError(FluxHandle.java:216) ~[reactor-core-3.8.7.jar:3.8.7]
	at reactor.core.publisher.FluxContextWrite$ContextWriteSubscriber.onError(FluxContextWrite.java:123) ~[reactor-core-3.8.7.jar:3.8.7]
	at reactor.core.publisher.FluxDoFinally$DoFinallySubscriber.onError(FluxDoFinally.java:119) ~[reactor-core-3.8.7.jar:3.8.7]
	at reactor.core.publisher.FluxPeekFuseable$PeekFuseableConditionalSubscriber.onError(FluxPeekFuseable.java:554) ~[reactor-core-3.8.7.jar:3.8.7]
	at reactor.core.publisher.FluxPublishOn$PublishOnConditionalSubscriber.doError(FluxPublishOn.java:1115) ~[reactor-core-3.8.7.jar:3.8.7]
	at reactor.core.publisher.FluxPublishOn$PublishOnConditionalSubscriber.checkTerminated(FluxPublishOn.java:1140) ~[reactor-core-3.8.7.jar:3.8.7]
	at reactor.core.publisher.FluxPublishOn$PublishOnConditionalSubscriber.runAsync(FluxPublishOn.java:999) ~[reactor-core-3.8.7.jar:3.8.7]
	at reactor.core.publisher.FluxPublishOn$PublishOnConditionalSubscriber.run(FluxPublishOn.java:1083) ~[reactor-core-3.8.7.jar:3.8.7]
	at reactor.core.scheduler.WorkerTask.call(WorkerTask.java:90) ~[reactor-core-3.8.7.jar:3.8.7]
	at reactor.core.scheduler.WorkerTask.call(WorkerTask.java:37) ~[reactor-core-3.8.7.jar:3.8.7]
	at java.base/java.util.concurrent.FutureTask.run(FutureTask.java:328) ~[na:na]
	at java.base/java.util.concurrent.ScheduledThreadPoolExecutor$ScheduledFutureTask.run(ScheduledThreadPoolExecutor.java:309) ~[na:na]
	at java.base/java.util.concurrent.ThreadPoolExecutor.runWorker(ThreadPoolExecutor.java:1090) ~[na:na]
	at java.base/java.util.concurrent.ThreadPoolExecutor$Worker.run(ThreadPoolExecutor.java:614) ~[na:na]
	at java.base/java.lang.Thread.run(Thread.java:1474) ~[na:na]
Caused by: com.openai.errors.SseException: 200: Service temporarily overloaded
	at com.openai.errors.SseException$Builder.build(SseException.kt:105) ~[openai-java-core-4.39.1.jar:4.39.1]
	at com.openai.core.handlers.SseHandler$sseHandler$1.invokeSuspend(SseHandler.kt:59) ~[openai-java-core-4.39.1.jar:4.39.1]
	at com.openai.core.handlers.SseHandler$sseHandler$1.invoke(SseHandler.kt) ~[openai-java-core-4.39.1.jar:4.39.1]
	at com.openai.core.handlers.SseHandler$sseHandler$1.invoke(SseHandler.kt) ~[openai-java-core-4.39.1.jar:4.39.1]
	at com.openai.core.handlers.StreamHandler$streamHandler$1$handle$sequence$1.invokeSuspend(StreamHandler.kt:28) ~[openai-java-core-4.39.1.jar:4.39.1]
	at kotlin.coroutines.jvm.internal.BaseContinuationImpl.resumeWith(ContinuationImpl.kt:34) ~[kotlin-stdlib-2.3.21.jar:2.3.21-release-298]
	at kotlin.sequences.SequenceBuilderIterator.hasNext(SequenceBuilder.kt:129) ~[kotlin-stdlib-2.3.21.jar:2.3.21-release-298]
	at com.openai.core.handlers.CloseableSequence$iterator$1.hasNext(StreamHandler.kt:95) ~[openai-java-core-4.39.1.jar:4.39.1]
	at java.base/java.util.Iterator.forEachRemaining(Iterator.java:132) ~[na:na]
	at java.base/java.util.Spliterators$IteratorSpliterator.forEachRemaining(Spliterators.java:1939) ~[na:na]
	at java.base/java.util.stream.AbstractPipeline.copyInto(AbstractPipeline.java:570) ~[na:na]
	at java.base/java.util.stream.AbstractPipeline.wrapAndCopyInto(AbstractPipeline.java:560) ~[na:na]
	at java.base/java.util.stream.ForEachOps$ForEachOp.evaluateSequential(ForEachOps.java:153) ~[na:na]
	at java.base/java.util.stream.ForEachOps$ForEachOp$OfRef.evaluateSequential(ForEachOps.java:176) ~[na:na]
	at java.base/java.util.stream.AbstractPipeline.evaluate(AbstractPipeline.java:265) ~[na:na]
	at java.base/java.util.stream.ReferencePipeline.forEach(ReferencePipeline.java:632) ~[na:na]
	at com.openai.core.http.AsyncStreamResponseKt$toAsync$1$subscribe$1$2.invoke(AsyncStreamResponse.kt:110) ~[openai-java-core-4.39.1.jar:4.39.1]
	at com.openai.core.http.AsyncStreamResponseKt$toAsync$1$subscribe$1$2.invoke(AsyncStreamResponse.kt:94) ~[openai-java-core-4.39.1.jar:4.39.1]
	at com.openai.core.http.AsyncStreamResponseKt$toAsync$1.subscribe$lambda$3$lambda$2(AsyncStreamResponse.kt:95) ~[openai-java-core-4.39.1.jar:4.39.1]
	at java.base/java.util.concurrent.CompletableFuture.uniWhenComplete(CompletableFuture.java:884) ~[na:na]
	at java.base/java.util.concurrent.CompletableFuture$UniWhenComplete.tryFire(CompletableFuture.java:862) ~[na:na]
	at java.base/java.util.concurrent.CompletableFuture$Completion.run(CompletableFuture.java:503) ~[na:na]
	... 3 common frames omitted

2026-09-05T21:19:16.257+05:30  INFO 4500 --- [doc-mind] [http-nio-8080-exec-5] c.p.d.s.s.impl.ResolveAccessTokenImpl    : Fetching access token from request
2026-09-05T21:19:16.265+05:30  INFO 4500 --- [doc-mind] [http-nio-8080-exec-5] c.p.docmind.aop.aspect.LoggingAspect     : Initiating to execute method: loadUserByUsername
2026-09-05T21:19:16.273+05:30  INFO 4500 --- [doc-mind] [http-nio-8080-exec-5] c.p.docmind.aop.aspect.LoggingAspect     : Completed successfully method: loadUserByUsername
2026-09-05T21:19:16.283+05:30  INFO 4500 --- [doc-mind] [http-nio-8080-exec-5] c.p.docmind.aop.aspect.LoggingAspect     : Initiating to execute method: getResponseFromAssistant
2026-09-05T21:19:16.292+05:30  INFO 4500 --- [doc-mind] [http-nio-8080-exec-5] c.p.docmind.aop.aspect.TrackingAspect    : Starting method: NvidiaModelService.getResponse(..)
2026-09-05T21:19:16.292+05:30  INFO 4500 --- [doc-mind] [http-nio-8080-exec-5] c.p.docmind.aop.aspect.LoggingAspect     : Initiating to execute method: getResponse
2026-09-05T21:21:18.123+05:30  INFO 4500 --- [doc-mind] [http-nio-8080-exec-5] c.p.docmind.aop.aspect.LoggingAspect     : Completed successfully method: getResponse
2026-09-05T21:21:18.123+05:30  INFO 4500 --- [doc-mind] [http-nio-8080-exec-5] c.p.docmind.aop.aspect.TrackingAspect    : Ending method: NvidiaModelService.getResponse(..) | Time: 02:01:833
2026-09-05T21:21:18.123+05:30  INFO 4500 --- [doc-mind] [http-nio-8080-exec-5] c.p.docmind.aop.aspect.LoggingAspect     : Completed successfully method: getResponseFromAssistant
2026-09-05T21:22:34.543+05:30  INFO 4500 --- [doc-mind] [http-nio-8080-exec-8] c.p.d.s.s.impl.ResolveAccessTokenImpl    : Fetching access token from request
2026-09-05T21:22:34.552+05:30  INFO 4500 --- [doc-mind] [http-nio-8080-exec-8] c.p.docmind.aop.aspect.LoggingAspect     : Initiating to execute method: loadUserByUsername
2026-09-05T21:22:34.562+05:30  INFO 4500 --- [doc-mind] [http-nio-8080-exec-8] c.p.docmind.aop.aspect.LoggingAspect     : Completed successfully method: loadUserByUsername
2026-09-05T21:22:34.570+05:30  INFO 4500 --- [doc-mind] [http-nio-8080-exec-8] c.p.docmind.aop.aspect.LoggingAspect     : Initiating to execute method: getResponseFromAssistant
2026-09-05T21:22:34.574+05:30  INFO 4500 --- [doc-mind] [http-nio-8080-exec-8] c.p.docmind.aop.aspect.TrackingAspect    : Starting method: NvidiaModelService.getResponse(..)
2026-09-05T21:22:34.574+05:30  INFO 4500 --- [doc-mind] [http-nio-8080-exec-8] c.p.docmind.aop.aspect.LoggingAspect     : Initiating to execute method: getResponse
2026-09-05T21:24:00.471+05:30  INFO 4500 --- [doc-mind] [http-nio-8080-exec-8] c.p.docmind.aop.aspect.LoggingAspect     : Completed successfully method: getResponse
2026-09-05T21:24:00.471+05:30  INFO 4500 --- [doc-mind] [http-nio-8080-exec-8] c.p.docmind.aop.aspect.TrackingAspect    : Ending method: NvidiaModelService.getResponse(..) | Time: 01:25:898
2026-09-05T21:24:00.471+05:30  INFO 4500 --- [doc-mind] [http-nio-8080-exec-8] c.p.docmind.aop.aspect.LoggingAspect     : Completed successfully method: getResponseFromAssistant
2026-09-05T21:26:55.643+05:30  INFO 4500 --- [doc-mind] [http-nio-8080-exec-9] c.p.d.s.s.impl.ResolveAccessTokenImpl    : Fetching access token from request
2026-09-05T21:37:09.814+05:30  INFO 4500 --- [doc-mind] [SpringApplicationShutdownHook] o.s.boot.tomcat.GracefulShutdown         : Commencing graceful shutdown. Waiting for active requests to complete
2026-09-05T21:37:09.818+05:30  INFO 4500 --- [doc-mind] [tomcat-shutdown] o.s.boot.tomcat.GracefulShutdown         : Graceful shutdown complete
2026-09-05T21:37:09.840+05:30  INFO 4500 --- [doc-mind] [SpringApplicationShutdownHook] j.LocalContainerEntityManagerFactoryBean : Closing JPA EntityManagerFactory for persistence unit 'default'
2026-09-05T21:37:09.843+05:30  INFO 4500 --- [doc-mind] [SpringApplicationShutdownHook] com.zaxxer.hikari.HikariDataSource       : DocMindHikariPool - Shutdown initiated...
2026-09-05T21:37:09.844+05:30  INFO 4500 --- [doc-mind] [SpringApplicationShutdownHook] com.zaxxer.hikari.HikariDataSource       : DocMindHikariPool - Shutdown completed.
2026-09-05T21:37:12.959+05:30  INFO 10932 --- [doc-mind] [main] com.pranit.docmind.DocMindApplication    : Starting DocMindApplication using Java 25.0.3 with PID 10932 (P:\Backend Development\DocMind\DocMind\docmind-backend\doc-mind\build\classes\java\main started by Pranit in P:\Backend Development\DocMind\DocMind\docmind-backend)
2026-09-05T21:37:12.960+05:30  INFO 10932 --- [doc-mind] [main] com.pranit.docmind.DocMindApplication    : The following 1 profile is active: "dev"
2026-09-05T21:37:13.829+05:30  INFO 10932 --- [doc-mind] [main] .s.d.r.c.RepositoryConfigurationDelegate : Multiple Spring Data modules found, entering strict repository configuration mode
2026-09-05T21:37:13.830+05:30  INFO 10932 --- [doc-mind] [main] .s.d.r.c.RepositoryConfigurationDelegate : Bootstrapping Spring Data JPA repositories in DEFAULT mode.
2026-09-05T21:37:13.948+05:30  INFO 10932 --- [doc-mind] [main] .s.d.r.c.RepositoryConfigurationDelegate : Finished Spring Data repository scanning in 112 ms. Found 7 JPA repository interfaces.
2026-09-05T21:37:13.977+05:30  INFO 10932 --- [doc-mind] [main] .s.d.r.c.RepositoryConfigurationDelegate : Multiple Spring Data modules found, entering strict repository configuration mode
2026-09-05T21:37:13.977+05:30  INFO 10932 --- [doc-mind] [main] .s.d.r.c.RepositoryConfigurationDelegate : Bootstrapping Spring Data Redis repositories in DEFAULT mode.
2026-09-05T21:37:13.998+05:30  INFO 10932 --- [doc-mind] [main] .RepositoryConfigurationExtensionSupport : Spring Data Redis - Could not safely identify store assignment for repository candidate interface com.pranit.docmind.authentication.repository.RefreshTokenRepository; If you want this repository to be a Redis repository, consider annotating your entities with one of these annotations: org.springframework.data.redis.core.RedisHash (preferred), or consider extending one of the following types with your repository: org.springframework.data.keyvalue.repository.KeyValueRepository
2026-09-05T21:37:13.999+05:30  INFO 10932 --- [doc-mind] [main] .RepositoryConfigurationExtensionSupport : Spring Data Redis - Could not safely identify store assignment for repository candidate interface com.pranit.docmind.authentication.repository.UserRepository; If you want this repository to be a Redis repository, consider annotating your entities with one of these annotations: org.springframework.data.redis.core.RedisHash (preferred), or consider extending one of the following types with your repository: org.springframework.data.keyvalue.repository.KeyValueRepository
2026-09-05T21:37:13.999+05:30  INFO 10932 --- [doc-mind] [main] .RepositoryConfigurationExtensionSupport : Spring Data Redis - Could not safely identify store assignment for repository candidate interface com.pranit.docmind.authorization.repository.RoleRepository; If you want this repository to be a Redis repository, consider annotating your entities with one of these annotations: org.springframework.data.redis.core.RedisHash (preferred), or consider extending one of the following types with your repository: org.springframework.data.keyvalue.repository.KeyValueRepository
2026-09-05T21:37:13.999+05:30  INFO 10932 --- [doc-mind] [main] .RepositoryConfigurationExtensionSupport : Spring Data Redis - Could not safely identify store assignment for repository candidate interface com.pranit.docmind.authorization.repository.UserRoleRepository; If you want this repository to be a Redis repository, consider annotating your entities with one of these annotations: org.springframework.data.redis.core.RedisHash (preferred), or consider extending one of the following types with your repository: org.springframework.data.keyvalue.repository.KeyValueRepository
2026-09-05T21:37:14.000+05:30  INFO 10932 --- [doc-mind] [main] .RepositoryConfigurationExtensionSupport : Spring Data Redis - Could not safely identify store assignment for repository candidate interface com.pranit.docmind.document.repository.DocumentRepository; If you want this repository to be a Redis repository, consider annotating your entities with one of these annotations: org.springframework.data.redis.core.RedisHash (preferred), or consider extending one of the following types with your repository: org.springframework.data.keyvalue.repository.KeyValueRepository
2026-09-05T21:37:14.000+05:30  INFO 10932 --- [doc-mind] [main] .RepositoryConfigurationExtensionSupport : Spring Data Redis - Could not safely identify store assignment for repository candidate interface com.pranit.docmind.document.repository.SeedHistoryRepository; If you want this repository to be a Redis repository, consider annotating your entities with one of these annotations: org.springframework.data.redis.core.RedisHash (preferred), or consider extending one of the following types with your repository: org.springframework.data.keyvalue.repository.KeyValueRepository
2026-09-05T21:37:14.000+05:30  INFO 10932 --- [doc-mind] [main] .RepositoryConfigurationExtensionSupport : Spring Data Redis - Could not safely identify store assignment for repository candidate interface com.pranit.docmind.otp.repository.OtpRepository; If you want this repository to be a Redis repository, consider annotating your entities with one of these annotations: org.springframework.data.redis.core.RedisHash (preferred), or consider extending one of the following types with your repository: org.springframework.data.keyvalue.repository.KeyValueRepository
2026-09-05T21:37:14.000+05:30  INFO 10932 --- [doc-mind] [main] .s.d.r.c.RepositoryConfigurationDelegate : Finished Spring Data repository scanning in 16 ms. Found 0 Redis repository interfaces.
2026-09-05T21:37:14.574+05:30  INFO 10932 --- [doc-mind] [main] o.s.boot.tomcat.TomcatWebServer          : Tomcat initialized with port 8080 (http)
2026-09-05T21:37:14.591+05:30  INFO 10932 --- [doc-mind] [main] o.apache.catalina.core.StandardService   : Starting service [Tomcat]
2026-09-05T21:37:14.592+05:30  INFO 10932 --- [doc-mind] [main] o.apache.catalina.core.StandardEngine    : Starting Servlet engine: [Apache Tomcat/11.0.24]
2026-09-05T21:37:14.649+05:30  INFO 10932 --- [doc-mind] [main] b.w.c.s.WebApplicationContextInitializer : Root WebApplicationContext: initialization completed in 1664 ms
2026-09-05T21:37:15.141+05:30  INFO 10932 --- [doc-mind] [main] com.zaxxer.hikari.HikariDataSource       : DocMindHikariPool - Starting...
2026-09-05T21:37:15.253+05:30  INFO 10932 --- [doc-mind] [main] com.zaxxer.hikari.pool.HikariPool        : DocMindHikariPool - Added connection org.postgresql.jdbc.PgConnection@530e08a7
2026-09-05T21:37:15.254+05:30  INFO 10932 --- [doc-mind] [main] com.zaxxer.hikari.HikariDataSource       : DocMindHikariPool - Start completed.
2026-09-05T21:37:15.267+05:30  INFO 10932 --- [doc-mind] [main] org.flywaydb.core.FlywayExecutor         : Database: jdbc:postgresql://localhost:5432/docmind (PostgreSQL 18.4)
2026-09-05T21:37:15.305+05:30  INFO 10932 --- [doc-mind] [main] o.f.core.internal.command.DbValidate     : Successfully validated 2 migrations (execution time 00:00.014s)
2026-09-05T21:37:15.342+05:30  INFO 10932 --- [doc-mind] [main] o.f.core.internal.command.DbMigrate      : Current version of schema "public": 2
2026-09-05T21:37:15.344+05:30  INFO 10932 --- [doc-mind] [main] o.f.core.internal.command.DbMigrate      : Schema "public" is up to date. No migration necessary.
2026-09-05T21:37:15.461+05:30  INFO 10932 --- [doc-mind] [main] org.hibernate.orm.jpa                    : HHH008540: Processing PersistenceUnitInfo [name: default]
2026-09-05T21:37:15.514+05:30  INFO 10932 --- [doc-mind] [main] org.hibernate.orm.core                   : HHH000001: Hibernate ORM core version 7.4.5.Final
2026-09-05T21:37:15.810+05:30  INFO 10932 --- [doc-mind] [main] o.s.o.j.p.SpringPersistenceUnitInfo      : No LoadTimeWeaver setup: ignoring JPA class transformer
2026-09-05T21:37:15.850+05:30  WARN 10932 --- [doc-mind] [main] org.hibernate.orm.deprecation            : HHH90000025: PostgreSQLDialect does not need to be specified explicitly using 'hibernate.dialect' (remove the property setting and it will be selected by default)
2026-09-05T21:37:15.863+05:30  INFO 10932 --- [doc-mind] [main] org.hibernate.orm.connections.pooling    : HHH10001005: Database info:
	Database JDBC URL [jdbc:postgresql://localhost:5432/docmind]
	Database driver: PostgreSQL JDBC Driver
	Database dialect: PostgreSQLDialect
	Database version: 18.4
	Default catalog/schema: docmind/public
	Autocommit mode: undefined/unknown
	Isolation level: READ_COMMITTED [default READ_COMMITTED]
	JDBC fetch size: none
	Pool: DataSourceConnectionProvider
	Minimum pool size: undefined/unknown
	Maximum pool size: undefined/unknown
2026-09-05T21:37:16.655+05:30  INFO 10932 --- [doc-mind] [main] org.hibernate.orm.core                   : HHH000489: No JTA platform available (set 'hibernate.transaction.jta.platform' to enable JTA platform integration)
2026-09-05T21:37:16.696+05:30  INFO 10932 --- [doc-mind] [main] j.LocalContainerEntityManagerFactoryBean : Initialized JPA EntityManagerFactory for persistence unit 'default'
2026-09-05T21:37:16.807+05:30  INFO 10932 --- [doc-mind] [main] o.s.d.j.r.query.QueryEnhancerFactories   : Hibernate is in classpath; If applicable, HQL parser will be used.
2026-09-05T21:37:18.636+05:30  INFO 10932 --- [doc-mind] [main] r$InitializeUserDetailsManagerConfigurer : Global AuthenticationManager configured with UserDetailsService bean with name userDetailServiceImpl
2026-09-05T21:37:18.902+05:30  WARN 10932 --- [doc-mind] [main] JpaBaseConfiguration$JpaWebConfiguration : spring.jpa.open-in-view is enabled by default. Therefore, database queries may be performed during view rendering. Explicitly configure spring.jpa.open-in-view to disable this warning
2026-09-05T21:37:19.694+05:30  INFO 10932 --- [doc-mind] [main] o.s.b.a.e.web.EndpointLinksResolver      : Exposing 1 endpoint beneath base path '/actuator'
2026-09-05T21:37:19.780+05:30  INFO 10932 --- [doc-mind] [main] o.s.boot.tomcat.TomcatWebServer          : Tomcat started on port 8080 (http) with context path '/'
2026-09-05T21:37:19.790+05:30  INFO 10932 --- [doc-mind] [main] com.pranit.docmind.DocMindApplication    : Started DocMindApplication in 7.123 seconds (process running for 7.47)
2026-09-05T21:37:19.924+05:30  INFO 10932 --- [doc-mind] [main] c.p.d.authentication.seed.AdminSeeder    : Admin user already exists: admin
2026-09-05T21:37:19.947+05:30  INFO 10932 --- [doc-mind] [scheduling-1] c.p.d.document.seed.DocumentSeeder       : Already seeded: java-backend.txt
2026-09-05T21:37:19.947+05:30  INFO 10932 --- [doc-mind] [scheduling-1] c.p.d.document.seed.DocumentSeeder       : Document seeding complete.
2026-09-05T21:37:36.252+05:30  INFO 10932 --- [doc-mind] [http-nio-8080-exec-1] o.a.c.c.C.[Tomcat].[localhost].[/]       : Initializing Spring DispatcherServlet 'dispatcherServlet'
2026-09-05T21:37:36.255+05:30  INFO 10932 --- [doc-mind] [http-nio-8080-exec-1] o.s.web.servlet.DispatcherServlet        : Initializing Servlet 'dispatcherServlet'
2026-09-05T21:37:36.263+05:30  INFO 10932 --- [doc-mind] [http-nio-8080-exec-1] o.s.web.servlet.DispatcherServlet        : Completed initialization in 6 ms
2026-09-05T21:37:36.373+05:30  INFO 10932 --- [doc-mind] [http-nio-8080-exec-1] c.p.d.s.s.impl.ResolveAccessTokenImpl    : Fetching access token from request
2026-09-05T21:37:40.693+05:30  INFO 10932 --- [doc-mind] [http-nio-8080-exec-9] c.p.docmind.aop.aspect.LoggingAspect     : Initiating to execute method: authenticateUser
2026-09-05T21:37:40.991+05:30  INFO 10932 --- [doc-mind] [http-nio-8080-exec-9] c.p.docmind.aop.aspect.LoggingAspect     : Initiating to execute method: loadUserByUsername
2026-09-05T21:37:41.270+05:30  INFO 10932 --- [doc-mind] [http-nio-8080-exec-9] c.p.docmind.aop.aspect.LoggingAspect     : Completed successfully method: loadUserByUsername
2026-09-05T21:37:43.762+05:30  INFO 10932 --- [doc-mind] [http-nio-8080-exec-9] c.p.d.a.service.impl.LoginServiceImpl    : User logged in successfully userId: 6a5417f9-224a-4574-bd57-63826598ef00
2026-09-05T21:37:43.762+05:30  INFO 10932 --- [doc-mind] [http-nio-8080-exec-9] c.p.docmind.aop.aspect.LoggingAspect     : Completed successfully method: authenticateUser
2026-09-05T21:37:44.386+05:30  INFO 10932 --- [doc-mind] [http-nio-8080-exec-3] c.p.d.s.s.impl.ResolveAccessTokenImpl    : Fetching access token from request
2026-09-05T21:37:44.458+05:30  INFO 10932 --- [doc-mind] [http-nio-8080-exec-5] c.p.d.s.s.impl.ResolveAccessTokenImpl    : Fetching access token from request
2026-09-05T21:37:44.543+05:30  INFO 10932 --- [doc-mind] [http-nio-8080-exec-5] c.p.docmind.aop.aspect.LoggingAspect     : Initiating to execute method: loadUserByUsername
2026-09-05T21:37:44.543+05:30  INFO 10932 --- [doc-mind] [http-nio-8080-exec-3] c.p.docmind.aop.aspect.LoggingAspect     : Initiating to execute method: loadUserByUsername
2026-09-05T21:37:44.551+05:30  INFO 10932 --- [doc-mind] [http-nio-8080-exec-3] c.p.docmind.aop.aspect.LoggingAspect     : Completed successfully method: loadUserByUsername
2026-09-05T21:37:44.552+05:30  INFO 10932 --- [doc-mind] [http-nio-8080-exec-5] c.p.docmind.aop.aspect.LoggingAspect     : Completed successfully method: loadUserByUsername
2026-09-05T21:37:44.564+05:30  INFO 10932 --- [doc-mind] [http-nio-8080-exec-3] c.p.docmind.aop.aspect.LoggingAspect     : Initiating to execute method: getCurrentUser
2026-09-05T21:37:44.570+05:30  INFO 10932 --- [doc-mind] [http-nio-8080-exec-3] c.p.docmind.aop.aspect.LoggingAspect     : Completed successfully method: getCurrentUser
2026-09-05T21:37:44.706+05:30  INFO 10932 --- [doc-mind] [http-nio-8080-exec-5] c.p.docmind.aop.aspect.LoggingAspect     : Initiating to execute method: fetchDocuments
2026-09-05T21:37:44.709+05:30  INFO 10932 --- [doc-mind] [http-nio-8080-exec-6] c.p.d.s.s.impl.ResolveAccessTokenImpl    : Fetching access token from request
2026-09-05T21:37:44.721+05:30  INFO 10932 --- [doc-mind] [http-nio-8080-exec-6] c.p.docmind.aop.aspect.LoggingAspect     : Initiating to execute method: loadUserByUsername
2026-09-05T21:37:44.730+05:30  INFO 10932 --- [doc-mind] [http-nio-8080-exec-6] c.p.docmind.aop.aspect.LoggingAspect     : Completed successfully method: loadUserByUsername
2026-09-05T21:37:44.738+05:30  INFO 10932 --- [doc-mind] [http-nio-8080-exec-6] c.p.docmind.aop.aspect.LoggingAspect     : Initiating to execute method: getCurrentUser
2026-09-05T21:37:44.739+05:30  INFO 10932 --- [doc-mind] [http-nio-8080-exec-6] c.p.docmind.aop.aspect.LoggingAspect     : Completed successfully method: getCurrentUser
2026-09-05T21:37:44.885+05:30  INFO 10932 --- [doc-mind] [http-nio-8080-exec-5] c.p.docmind.aop.aspect.LoggingAspect     : Completed successfully method: fetchDocuments
2026-09-05T21:38:02.919+05:30  INFO 10932 --- [doc-mind] [http-nio-8080-exec-2] c.p.d.s.s.impl.ResolveAccessTokenImpl    : Fetching access token from request
2026-09-05T21:38:02.934+05:30  INFO 10932 --- [doc-mind] [http-nio-8080-exec-2] c.p.docmind.aop.aspect.LoggingAspect     : Initiating to execute method: loadUserByUsername
2026-09-05T21:38:02.943+05:30  INFO 10932 --- [doc-mind] [http-nio-8080-exec-2] c.p.docmind.aop.aspect.LoggingAspect     : Completed successfully method: loadUserByUsername
2026-09-05T21:38:03.002+05:30  INFO 10932 --- [doc-mind] [http-nio-8080-exec-2] c.p.docmind.aop.aspect.LoggingAspect     : Initiating to execute method: getStreamResponseFromAssistant
2026-09-05T21:38:03.013+05:30  INFO 10932 --- [doc-mind] [http-nio-8080-exec-2] c.p.docmind.aop.aspect.TrackingAspect    : Starting method: NvidiaModelService.getStreamResponse(..)
2026-09-05T21:38:03.014+05:30  INFO 10932 --- [doc-mind] [http-nio-8080-exec-2] c.p.docmind.aop.aspect.LoggingAspect     : Initiating to execute method: getStreamResponse
2026-09-05T21:38:03.252+05:30  INFO 10932 --- [doc-mind] [http-nio-8080-exec-2] c.p.docmind.aop.aspect.LoggingAspect     : Completed successfully method: getStreamResponse
2026-09-05T21:38:03.259+05:30  INFO 10932 --- [doc-mind] [http-nio-8080-exec-2] c.p.docmind.aop.aspect.TrackingAspect    : Ending method: NvidiaModelService.getStreamResponse(..) | Time: 00:00:246
2026-09-05T21:38:03.266+05:30  INFO 10932 --- [doc-mind] [http-nio-8080-exec-2] c.p.docmind.aop.aspect.LoggingAspect     : Completed successfully method: getStreamResponseFromAssistant
2026-09-05T21:40:48.874+05:30 ERROR 10932 --- [doc-mind] [openai-stream-handler-thread-0] o.s.ai.chat.model.MessageAggregator      : Aggregation Error

com.openai.errors.OpenAIIoException: Stream failed
	at com.openai.core.handlers.IOExceptionWrappingSequence$iterator$1.hasNext(StreamHandler.kt:73) ~[openai-java-core-4.39.1.jar:4.39.1]
	at com.openai.core.handlers.SseHandler$sseHandler$1.invokeSuspend(SseHandler.kt:25) ~[openai-java-core-4.39.1.jar:4.39.1]
	at kotlin.coroutines.jvm.internal.BaseContinuationImpl.resumeWith(ContinuationImpl.kt:34) ~[kotlin-stdlib-2.3.21.jar:2.3.21-release-298]
	at kotlin.sequences.SequenceBuilderIterator.hasNext(SequenceBuilder.kt:129) ~[kotlin-stdlib-2.3.21.jar:2.3.21-release-298]
	at com.openai.core.handlers.CloseableSequence$iterator$1.hasNext(StreamHandler.kt:95) ~[openai-java-core-4.39.1.jar:4.39.1]
	at java.base/java.util.Iterator.forEachRemaining(Iterator.java:132) ~[na:na]
	at java.base/java.util.Spliterators$IteratorSpliterator.forEachRemaining(Spliterators.java:1939) ~[na:na]
	at java.base/java.util.stream.AbstractPipeline.copyInto(AbstractPipeline.java:570) ~[na:na]
	at java.base/java.util.stream.AbstractPipeline.wrapAndCopyInto(AbstractPipeline.java:560) ~[na:na]
	at java.base/java.util.stream.ForEachOps$ForEachOp.evaluateSequential(ForEachOps.java:153) ~[na:na]
	at java.base/java.util.stream.ForEachOps$ForEachOp$OfRef.evaluateSequential(ForEachOps.java:176) ~[na:na]
	at java.base/java.util.stream.AbstractPipeline.evaluate(AbstractPipeline.java:265) ~[na:na]
	at java.base/java.util.stream.ReferencePipeline.forEach(ReferencePipeline.java:632) ~[na:na]
	at com.openai.core.http.AsyncStreamResponseKt$toAsync$1$subscribe$1$2.invoke(AsyncStreamResponse.kt:110) ~[openai-java-core-4.39.1.jar:4.39.1]
	at com.openai.core.http.AsyncStreamResponseKt$toAsync$1$subscribe$1$2.invoke(AsyncStreamResponse.kt:94) ~[openai-java-core-4.39.1.jar:4.39.1]
	at com.openai.core.http.AsyncStreamResponseKt$toAsync$1.subscribe$lambda$3$lambda$2(AsyncStreamResponse.kt:95) ~[openai-java-core-4.39.1.jar:4.39.1]
	at java.base/java.util.concurrent.CompletableFuture.uniWhenComplete(CompletableFuture.java:884) ~[na:na]
	at java.base/java.util.concurrent.CompletableFuture$UniWhenComplete.tryFire(CompletableFuture.java:862) ~[na:na]
	at java.base/java.util.concurrent.CompletableFuture$Completion.run(CompletableFuture.java:503) ~[na:na]
	at java.base/java.util.concurrent.ThreadPoolExecutor.runWorker(ThreadPoolExecutor.java:1090) ~[na:na]
	at java.base/java.util.concurrent.ThreadPoolExecutor$Worker.run(ThreadPoolExecutor.java:614) ~[na:na]
	at java.base/java.lang.Thread.run(Thread.java:1474) ~[na:na]
Caused by: java.io.InterruptedIOException: timeout
	at okhttp3.internal.connection.RealCall.timeoutExit(RealCall.kt:398) ~[okhttp-4.12.0.jar:na]
	at okhttp3.internal.connection.RealCall.callDone(RealCall.kt:360) ~[okhttp-4.12.0.jar:na]
	at okhttp3.internal.connection.RealCall.messageDone$okhttp(RealCall.kt:309) ~[okhttp-4.12.0.jar:na]
	at okhttp3.internal.connection.Exchange.bodyComplete(Exchange.kt:198) ~[okhttp-4.12.0.jar:na]
	at okhttp3.internal.connection.Exchange$ResponseBodySource.complete(Exchange.kt:329) ~[okhttp-4.12.0.jar:na]
	at okhttp3.internal.connection.Exchange$ResponseBodySource.read(Exchange.kt:305) ~[okhttp-4.12.0.jar:na]
	at okio.RealBufferedSource$inputStream$1.read(RealBufferedSource.kt:161) ~[okio-jvm-3.6.0.jar:na]
	at java.base/sun.nio.cs.StreamDecoder.readBytes(StreamDecoder.java:279) ~[na:na]
	at java.base/sun.nio.cs.StreamDecoder.implRead(StreamDecoder.java:322) ~[na:na]
	at java.base/sun.nio.cs.StreamDecoder.read(StreamDecoder.java:186) ~[na:na]
	at java.base/java.io.InputStreamReader.read(InputStreamReader.java:183) ~[na:na]
	at java.base/java.io.BufferedReader.fill(BufferedReader.java:166) ~[na:na]
	at java.base/java.io.BufferedReader.readLine(BufferedReader.java:333) ~[na:na]
	at java.base/java.io.BufferedReader.readLine(BufferedReader.java:400) ~[na:na]
	at kotlin.io.LinesSequence$iterator$1.hasNext(ReadWrite.kt:94) ~[kotlin-stdlib-2.3.21.jar:2.3.21-release-298]
	at com.openai.core.handlers.IOExceptionWrappingSequence$iterator$1.hasNext(StreamHandler.kt:71) ~[openai-java-core-4.39.1.jar:4.39.1]
	... 21 common frames omitted
Caused by: okhttp3.internal.http2.StreamResetException: stream was reset: CANCEL
	at okhttp3.internal.http2.Http2Stream$FramingSource.read(Http2Stream.kt:355) ~[okhttp-4.12.0.jar:na]
	at okhttp3.internal.connection.Exchange$ResponseBodySource.read(Exchange.kt:281) ~[okhttp-4.12.0.jar:na]
	... 31 common frames omitted

2026-09-05T21:40:48.895+05:30 ERROR 10932 --- [doc-mind] [boundedElastic-3] o.s.ai.chat.model.MessageAggregator      : Aggregation Error

com.openai.errors.OpenAIIoException: Stream failed
	at com.openai.core.handlers.IOExceptionWrappingSequence$iterator$1.hasNext(StreamHandler.kt:73) ~[openai-java-core-4.39.1.jar:4.39.1]
	at com.openai.core.handlers.SseHandler$sseHandler$1.invokeSuspend(SseHandler.kt:25) ~[openai-java-core-4.39.1.jar:4.39.1]
	at kotlin.coroutines.jvm.internal.BaseContinuationImpl.resumeWith(ContinuationImpl.kt:34) ~[kotlin-stdlib-2.3.21.jar:2.3.21-release-298]
	at kotlin.sequences.SequenceBuilderIterator.hasNext(SequenceBuilder.kt:129) ~[kotlin-stdlib-2.3.21.jar:2.3.21-release-298]
	at com.openai.core.handlers.CloseableSequence$iterator$1.hasNext(StreamHandler.kt:95) ~[openai-java-core-4.39.1.jar:4.39.1]
	at java.base/java.util.Iterator.forEachRemaining(Iterator.java:132) ~[na:na]
	at java.base/java.util.Spliterators$IteratorSpliterator.forEachRemaining(Spliterators.java:1939) ~[na:na]
	at java.base/java.util.stream.AbstractPipeline.copyInto(AbstractPipeline.java:570) ~[na:na]
	at java.base/java.util.stream.AbstractPipeline.wrapAndCopyInto(AbstractPipeline.java:560) ~[na:na]
	at java.base/java.util.stream.ForEachOps$ForEachOp.evaluateSequential(ForEachOps.java:153) ~[na:na]
	at java.base/java.util.stream.ForEachOps$ForEachOp$OfRef.evaluateSequential(ForEachOps.java:176) ~[na:na]
	at java.base/java.util.stream.AbstractPipeline.evaluate(AbstractPipeline.java:265) ~[na:na]
	at java.base/java.util.stream.ReferencePipeline.forEach(ReferencePipeline.java:632) ~[na:na]
	at com.openai.core.http.AsyncStreamResponseKt$toAsync$1$subscribe$1$2.invoke(AsyncStreamResponse.kt:110) ~[openai-java-core-4.39.1.jar:4.39.1]
	at com.openai.core.http.AsyncStreamResponseKt$toAsync$1$subscribe$1$2.invoke(AsyncStreamResponse.kt:94) ~[openai-java-core-4.39.1.jar:4.39.1]
	at com.openai.core.http.AsyncStreamResponseKt$toAsync$1.subscribe$lambda$3$lambda$2(AsyncStreamResponse.kt:95) ~[openai-java-core-4.39.1.jar:4.39.1]
	at java.base/java.util.concurrent.CompletableFuture.uniWhenComplete(CompletableFuture.java:884) ~[na:na]
	at java.base/java.util.concurrent.CompletableFuture$UniWhenComplete.tryFire(CompletableFuture.java:862) ~[na:na]
	at java.base/java.util.concurrent.CompletableFuture$Completion.run(CompletableFuture.java:503) ~[na:na]
	at java.base/java.util.concurrent.ThreadPoolExecutor.runWorker(ThreadPoolExecutor.java:1090) ~[na:na]
	at java.base/java.util.concurrent.ThreadPoolExecutor$Worker.run(ThreadPoolExecutor.java:614) ~[na:na]
	at java.base/java.lang.Thread.run(Thread.java:1474) ~[na:na]
Caused by: java.io.InterruptedIOException: timeout
	at okhttp3.internal.connection.RealCall.timeoutExit(RealCall.kt:398) ~[okhttp-4.12.0.jar:na]
	at okhttp3.internal.connection.RealCall.callDone(RealCall.kt:360) ~[okhttp-4.12.0.jar:na]
	at okhttp3.internal.connection.RealCall.messageDone$okhttp(RealCall.kt:309) ~[okhttp-4.12.0.jar:na]
	at okhttp3.internal.connection.Exchange.bodyComplete(Exchange.kt:198) ~[okhttp-4.12.0.jar:na]
	at okhttp3.internal.connection.Exchange$ResponseBodySource.complete(Exchange.kt:329) ~[okhttp-4.12.0.jar:na]
	at okhttp3.internal.connection.Exchange$ResponseBodySource.read(Exchange.kt:305) ~[okhttp-4.12.0.jar:na]
	at okio.RealBufferedSource$inputStream$1.read(RealBufferedSource.kt:161) ~[okio-jvm-3.6.0.jar:na]
	at java.base/sun.nio.cs.StreamDecoder.readBytes(StreamDecoder.java:279) ~[na:na]
	at java.base/sun.nio.cs.StreamDecoder.implRead(StreamDecoder.java:322) ~[na:na]
	at java.base/sun.nio.cs.StreamDecoder.read(StreamDecoder.java:186) ~[na:na]
	at java.base/java.io.InputStreamReader.read(InputStreamReader.java:183) ~[na:na]
	at java.base/java.io.BufferedReader.fill(BufferedReader.java:166) ~[na:na]
	at java.base/java.io.BufferedReader.readLine(BufferedReader.java:333) ~[na:na]
	at java.base/java.io.BufferedReader.readLine(BufferedReader.java:400) ~[na:na]
	at kotlin.io.LinesSequence$iterator$1.hasNext(ReadWrite.kt:94) ~[kotlin-stdlib-2.3.21.jar:2.3.21-release-298]
	at com.openai.core.handlers.IOExceptionWrappingSequence$iterator$1.hasNext(StreamHandler.kt:71) ~[openai-java-core-4.39.1.jar:4.39.1]
	... 21 common frames omitted
Caused by: okhttp3.internal.http2.StreamResetException: stream was reset: CANCEL
	at okhttp3.internal.http2.Http2Stream$FramingSource.read(Http2Stream.kt:355) ~[okhttp-4.12.0.jar:na]
	at okhttp3.internal.connection.Exchange$ResponseBodySource.read(Exchange.kt:281) ~[okhttp-4.12.0.jar:na]
	... 31 common frames omitted

2026-09-05T21:40:48.902+05:30 ERROR 10932 --- [doc-mind] [boundedElastic-3] o.s.ai.chat.model.MessageAggregator      : Aggregation Error

java.lang.IllegalStateException: Stream processing failed
	at org.springframework.ai.chat.client.advisor.api.BaseAdvisor.lambda$adviseStream$2(BaseAdvisor.java:73) ~[spring-ai-client-chat-2.0.0.jar:2.0.0]
	at reactor.core.publisher.FluxOnErrorResume$ResumeSubscriber.onError(FluxOnErrorResume.java:95) ~[reactor-core-3.8.7.jar:3.8.7]
	at reactor.core.publisher.FluxMap$MapSubscriber.onError(FluxMap.java:134) ~[reactor-core-3.8.7.jar:3.8.7]
	at reactor.core.publisher.MonoFlatMapMany$FlatMapManyInner.onError(MonoFlatMapMany.java:256) ~[reactor-core-3.8.7.jar:3.8.7]
	at reactor.core.publisher.FluxMap$MapSubscriber.onError(FluxMap.java:134) ~[reactor-core-3.8.7.jar:3.8.7]
	at reactor.core.publisher.FluxPeek$PeekSubscriber.onError(FluxPeek.java:225) ~[reactor-core-3.8.7.jar:3.8.7]
	at reactor.core.publisher.FluxPeek$PeekSubscriber.onError(FluxPeek.java:225) ~[reactor-core-3.8.7.jar:3.8.7]
	at reactor.core.publisher.FluxPeek$PeekSubscriber.onError(FluxPeek.java:225) ~[reactor-core-3.8.7.jar:3.8.7]
	at reactor.core.publisher.FluxPeek$PeekSubscriber.onError(FluxPeek.java:225) ~[reactor-core-3.8.7.jar:3.8.7]
	at reactor.core.publisher.FluxHandle$HandleSubscriber.onError(FluxHandle.java:216) ~[reactor-core-3.8.7.jar:3.8.7]
	at reactor.core.publisher.FluxContextWrite$ContextWriteSubscriber.onError(FluxContextWrite.java:123) ~[reactor-core-3.8.7.jar:3.8.7]
	at reactor.core.publisher.FluxDoFinally$DoFinallySubscriber.onError(FluxDoFinally.java:119) ~[reactor-core-3.8.7.jar:3.8.7]
	at reactor.core.publisher.FluxPeekFuseable$PeekFuseableConditionalSubscriber.onError(FluxPeekFuseable.java:554) ~[reactor-core-3.8.7.jar:3.8.7]
	at reactor.core.publisher.FluxPublishOn$PublishOnConditionalSubscriber.doError(FluxPublishOn.java:1115) ~[reactor-core-3.8.7.jar:3.8.7]
	at reactor.core.publisher.FluxPublishOn$PublishOnConditionalSubscriber.checkTerminated(FluxPublishOn.java:1140) ~[reactor-core-3.8.7.jar:3.8.7]
	at reactor.core.publisher.FluxPublishOn$PublishOnConditionalSubscriber.runAsync(FluxPublishOn.java:999) ~[reactor-core-3.8.7.jar:3.8.7]
	at reactor.core.publisher.FluxPublishOn$PublishOnConditionalSubscriber.run(FluxPublishOn.java:1083) ~[reactor-core-3.8.7.jar:3.8.7]
	at reactor.core.scheduler.WorkerTask.call(WorkerTask.java:90) ~[reactor-core-3.8.7.jar:3.8.7]
	at reactor.core.scheduler.WorkerTask.call(WorkerTask.java:37) ~[reactor-core-3.8.7.jar:3.8.7]
	at java.base/java.util.concurrent.FutureTask.run(FutureTask.java:328) ~[na:na]
	at java.base/java.util.concurrent.ScheduledThreadPoolExecutor$ScheduledFutureTask.run(ScheduledThreadPoolExecutor.java:309) ~[na:na]
	at java.base/java.util.concurrent.ThreadPoolExecutor.runWorker(ThreadPoolExecutor.java:1090) ~[na:na]
	at java.base/java.util.concurrent.ThreadPoolExecutor$Worker.run(ThreadPoolExecutor.java:614) ~[na:na]
	at java.base/java.lang.Thread.run(Thread.java:1474) ~[na:na]
Caused by: com.openai.errors.OpenAIIoException: Stream failed
	at com.openai.core.handlers.IOExceptionWrappingSequence$iterator$1.hasNext(StreamHandler.kt:73) ~[openai-java-core-4.39.1.jar:4.39.1]
	at com.openai.core.handlers.SseHandler$sseHandler$1.invokeSuspend(SseHandler.kt:25) ~[openai-java-core-4.39.1.jar:4.39.1]
	at kotlin.coroutines.jvm.internal.BaseContinuationImpl.resumeWith(ContinuationImpl.kt:34) ~[kotlin-stdlib-2.3.21.jar:2.3.21-release-298]
	at kotlin.sequences.SequenceBuilderIterator.hasNext(SequenceBuilder.kt:129) ~[kotlin-stdlib-2.3.21.jar:2.3.21-release-298]
	at com.openai.core.handlers.CloseableSequence$iterator$1.hasNext(StreamHandler.kt:95) ~[openai-java-core-4.39.1.jar:4.39.1]
	at java.base/java.util.Iterator.forEachRemaining(Iterator.java:132) ~[na:na]
	at java.base/java.util.Spliterators$IteratorSpliterator.forEachRemaining(Spliterators.java:1939) ~[na:na]
	at java.base/java.util.stream.AbstractPipeline.copyInto(AbstractPipeline.java:570) ~[na:na]
	at java.base/java.util.stream.AbstractPipeline.wrapAndCopyInto(AbstractPipeline.java:560) ~[na:na]
	at java.base/java.util.stream.ForEachOps$ForEachOp.evaluateSequential(ForEachOps.java:153) ~[na:na]
	at java.base/java.util.stream.ForEachOps$ForEachOp$OfRef.evaluateSequential(ForEachOps.java:176) ~[na:na]
	at java.base/java.util.stream.AbstractPipeline.evaluate(AbstractPipeline.java:265) ~[na:na]
	at java.base/java.util.stream.ReferencePipeline.forEach(ReferencePipeline.java:632) ~[na:na]
	at com.openai.core.http.AsyncStreamResponseKt$toAsync$1$subscribe$1$2.invoke(AsyncStreamResponse.kt:110) ~[openai-java-core-4.39.1.jar:4.39.1]
	at com.openai.core.http.AsyncStreamResponseKt$toAsync$1$subscribe$1$2.invoke(AsyncStreamResponse.kt:94) ~[openai-java-core-4.39.1.jar:4.39.1]
	at com.openai.core.http.AsyncStreamResponseKt$toAsync$1.subscribe$lambda$3$lambda$2(AsyncStreamResponse.kt:95) ~[openai-java-core-4.39.1.jar:4.39.1]
	at java.base/java.util.concurrent.CompletableFuture.uniWhenComplete(CompletableFuture.java:884) ~[na:na]
	at java.base/java.util.concurrent.CompletableFuture$UniWhenComplete.tryFire(CompletableFuture.java:862) ~[na:na]
	at java.base/java.util.concurrent.CompletableFuture$Completion.run(CompletableFuture.java:503) ~[na:na]
	... 3 common frames omitted
Caused by: java.io.InterruptedIOException: timeout
	at okhttp3.internal.connection.RealCall.timeoutExit(RealCall.kt:398) ~[okhttp-4.12.0.jar:na]
	at okhttp3.internal.connection.RealCall.callDone(RealCall.kt:360) ~[okhttp-4.12.0.jar:na]
	at okhttp3.internal.connection.RealCall.messageDone$okhttp(RealCall.kt:309) ~[okhttp-4.12.0.jar:na]
	at okhttp3.internal.connection.Exchange.bodyComplete(Exchange.kt:198) ~[okhttp-4.12.0.jar:na]
	at okhttp3.internal.connection.Exchange$ResponseBodySource.complete(Exchange.kt:329) ~[okhttp-4.12.0.jar:na]
	at okhttp3.internal.connection.Exchange$ResponseBodySource.read(Exchange.kt:305) ~[okhttp-4.12.0.jar:na]
	at okio.RealBufferedSource$inputStream$1.read(RealBufferedSource.kt:161) ~[okio-jvm-3.6.0.jar:na]
	at java.base/sun.nio.cs.StreamDecoder.readBytes(StreamDecoder.java:279) ~[na:na]
	at java.base/sun.nio.cs.StreamDecoder.implRead(StreamDecoder.java:322) ~[na:na]
	at java.base/sun.nio.cs.StreamDecoder.read(StreamDecoder.java:186) ~[na:na]
	at java.base/java.io.InputStreamReader.read(InputStreamReader.java:183) ~[na:na]
	at java.base/java.io.BufferedReader.fill(BufferedReader.java:166) ~[na:na]
	at java.base/java.io.BufferedReader.readLine(BufferedReader.java:333) ~[na:na]
	at java.base/java.io.BufferedReader.readLine(BufferedReader.java:400) ~[na:na]
	at kotlin.io.LinesSequence$iterator$1.hasNext(ReadWrite.kt:94) ~[kotlin-stdlib-2.3.21.jar:2.3.21-release-298]
	at com.openai.core.handlers.IOExceptionWrappingSequence$iterator$1.hasNext(StreamHandler.kt:71) ~[openai-java-core-4.39.1.jar:4.39.1]
	... 21 common frames omitted
Caused by: okhttp3.internal.http2.StreamResetException: stream was reset: CANCEL
	at okhttp3.internal.http2.Http2Stream$FramingSource.read(Http2Stream.kt:355) ~[okhttp-4.12.0.jar:na]
	at okhttp3.internal.connection.Exchange$ResponseBodySource.read(Exchange.kt:281) ~[okhttp-4.12.0.jar:na]
	... 31 common frames omitted

2026-09-05T21:40:48.909+05:30 ERROR 10932 --- [doc-mind] [boundedElastic-3] o.s.ai.chat.model.MessageAggregator      : Aggregation Error

java.lang.IllegalStateException: Stream processing failed
	at org.springframework.ai.chat.client.advisor.api.BaseAdvisor.lambda$adviseStream$2(BaseAdvisor.java:73) ~[spring-ai-client-chat-2.0.0.jar:2.0.0]
	at reactor.core.publisher.FluxOnErrorResume$ResumeSubscriber.onError(FluxOnErrorResume.java:95) ~[reactor-core-3.8.7.jar:3.8.7]
	at reactor.core.publisher.FluxMap$MapSubscriber.onError(FluxMap.java:134) ~[reactor-core-3.8.7.jar:3.8.7]
	at reactor.core.publisher.MonoFlatMapMany$FlatMapManyInner.onError(MonoFlatMapMany.java:256) ~[reactor-core-3.8.7.jar:3.8.7]
	at reactor.core.publisher.FluxMap$MapSubscriber.onError(FluxMap.java:134) ~[reactor-core-3.8.7.jar:3.8.7]
	at reactor.core.publisher.FluxPeek$PeekSubscriber.onError(FluxPeek.java:225) ~[reactor-core-3.8.7.jar:3.8.7]
	at reactor.core.publisher.FluxPeek$PeekSubscriber.onError(FluxPeek.java:225) ~[reactor-core-3.8.7.jar:3.8.7]
	at reactor.core.publisher.FluxPeek$PeekSubscriber.onError(FluxPeek.java:225) ~[reactor-core-3.8.7.jar:3.8.7]
	at reactor.core.publisher.FluxPeek$PeekSubscriber.onError(FluxPeek.java:225) ~[reactor-core-3.8.7.jar:3.8.7]
	at reactor.core.publisher.FluxHandle$HandleSubscriber.onError(FluxHandle.java:216) ~[reactor-core-3.8.7.jar:3.8.7]
	at reactor.core.publisher.FluxContextWrite$ContextWriteSubscriber.onError(FluxContextWrite.java:123) ~[reactor-core-3.8.7.jar:3.8.7]
	at reactor.core.publisher.FluxDoFinally$DoFinallySubscriber.onError(FluxDoFinally.java:119) ~[reactor-core-3.8.7.jar:3.8.7]
	at reactor.core.publisher.FluxPeekFuseable$PeekFuseableConditionalSubscriber.onError(FluxPeekFuseable.java:554) ~[reactor-core-3.8.7.jar:3.8.7]
	at reactor.core.publisher.FluxPublishOn$PublishOnConditionalSubscriber.doError(FluxPublishOn.java:1115) ~[reactor-core-3.8.7.jar:3.8.7]
	at reactor.core.publisher.FluxPublishOn$PublishOnConditionalSubscriber.checkTerminated(FluxPublishOn.java:1140) ~[reactor-core-3.8.7.jar:3.8.7]
	at reactor.core.publisher.FluxPublishOn$PublishOnConditionalSubscriber.runAsync(FluxPublishOn.java:999) ~[reactor-core-3.8.7.jar:3.8.7]
	at reactor.core.publisher.FluxPublishOn$PublishOnConditionalSubscriber.run(FluxPublishOn.java:1083) ~[reactor-core-3.8.7.jar:3.8.7]
	at reactor.core.scheduler.WorkerTask.call(WorkerTask.java:90) ~[reactor-core-3.8.7.jar:3.8.7]
	at reactor.core.scheduler.WorkerTask.call(WorkerTask.java:37) ~[reactor-core-3.8.7.jar:3.8.7]
	at java.base/java.util.concurrent.FutureTask.run(FutureTask.java:328) ~[na:na]
	at java.base/java.util.concurrent.ScheduledThreadPoolExecutor$ScheduledFutureTask.run(ScheduledThreadPoolExecutor.java:309) ~[na:na]
	at java.base/java.util.concurrent.ThreadPoolExecutor.runWorker(ThreadPoolExecutor.java:1090) ~[na:na]
	at java.base/java.util.concurrent.ThreadPoolExecutor$Worker.run(ThreadPoolExecutor.java:614) ~[na:na]
	at java.base/java.lang.Thread.run(Thread.java:1474) ~[na:na]
Caused by: com.openai.errors.OpenAIIoException: Stream failed
	at com.openai.core.handlers.IOExceptionWrappingSequence$iterator$1.hasNext(StreamHandler.kt:73) ~[openai-java-core-4.39.1.jar:4.39.1]
	at com.openai.core.handlers.SseHandler$sseHandler$1.invokeSuspend(SseHandler.kt:25) ~[openai-java-core-4.39.1.jar:4.39.1]
	at kotlin.coroutines.jvm.internal.BaseContinuationImpl.resumeWith(ContinuationImpl.kt:34) ~[kotlin-stdlib-2.3.21.jar:2.3.21-release-298]
	at kotlin.sequences.SequenceBuilderIterator.hasNext(SequenceBuilder.kt:129) ~[kotlin-stdlib-2.3.21.jar:2.3.21-release-298]
	at com.openai.core.handlers.CloseableSequence$iterator$1.hasNext(StreamHandler.kt:95) ~[openai-java-core-4.39.1.jar:4.39.1]
	at java.base/java.util.Iterator.forEachRemaining(Iterator.java:132) ~[na:na]
	at java.base/java.util.Spliterators$IteratorSpliterator.forEachRemaining(Spliterators.java:1939) ~[na:na]
	at java.base/java.util.stream.AbstractPipeline.copyInto(AbstractPipeline.java:570) ~[na:na]
	at java.base/java.util.stream.AbstractPipeline.wrapAndCopyInto(AbstractPipeline.java:560) ~[na:na]
	at java.base/java.util.stream.ForEachOps$ForEachOp.evaluateSequential(ForEachOps.java:153) ~[na:na]
	at java.base/java.util.stream.ForEachOps$ForEachOp$OfRef.evaluateSequential(ForEachOps.java:176) ~[na:na]
	at java.base/java.util.stream.AbstractPipeline.evaluate(AbstractPipeline.java:265) ~[na:na]
	at java.base/java.util.stream.ReferencePipeline.forEach(ReferencePipeline.java:632) ~[na:na]
	at com.openai.core.http.AsyncStreamResponseKt$toAsync$1$subscribe$1$2.invoke(AsyncStreamResponse.kt:110) ~[openai-java-core-4.39.1.jar:4.39.1]
	at com.openai.core.http.AsyncStreamResponseKt$toAsync$1$subscribe$1$2.invoke(AsyncStreamResponse.kt:94) ~[openai-java-core-4.39.1.jar:4.39.1]
	at com.openai.core.http.AsyncStreamResponseKt$toAsync$1.subscribe$lambda$3$lambda$2(AsyncStreamResponse.kt:95) ~[openai-java-core-4.39.1.jar:4.39.1]
	at java.base/java.util.concurrent.CompletableFuture.uniWhenComplete(CompletableFuture.java:884) ~[na:na]
	at java.base/java.util.concurrent.CompletableFuture$UniWhenComplete.tryFire(CompletableFuture.java:862) ~[na:na]
	at java.base/java.util.concurrent.CompletableFuture$Completion.run(CompletableFuture.java:503) ~[na:na]
	... 3 common frames omitted
Caused by: java.io.InterruptedIOException: timeout
	at okhttp3.internal.connection.RealCall.timeoutExit(RealCall.kt:398) ~[okhttp-4.12.0.jar:na]
	at okhttp3.internal.connection.RealCall.callDone(RealCall.kt:360) ~[okhttp-4.12.0.jar:na]
	at okhttp3.internal.connection.RealCall.messageDone$okhttp(RealCall.kt:309) ~[okhttp-4.12.0.jar:na]
	at okhttp3.internal.connection.Exchange.bodyComplete(Exchange.kt:198) ~[okhttp-4.12.0.jar:na]
	at okhttp3.internal.connection.Exchange$ResponseBodySource.complete(Exchange.kt:329) ~[okhttp-4.12.0.jar:na]
	at okhttp3.internal.connection.Exchange$ResponseBodySource.read(Exchange.kt:305) ~[okhttp-4.12.0.jar:na]
	at okio.RealBufferedSource$inputStream$1.read(RealBufferedSource.kt:161) ~[okio-jvm-3.6.0.jar:na]
	at java.base/sun.nio.cs.StreamDecoder.readBytes(StreamDecoder.java:279) ~[na:na]
	at java.base/sun.nio.cs.StreamDecoder.implRead(StreamDecoder.java:322) ~[na:na]
	at java.base/sun.nio.cs.StreamDecoder.read(StreamDecoder.java:186) ~[na:na]
	at java.base/java.io.InputStreamReader.read(InputStreamReader.java:183) ~[na:na]
	at java.base/java.io.BufferedReader.fill(BufferedReader.java:166) ~[na:na]
	at java.base/java.io.BufferedReader.readLine(BufferedReader.java:333) ~[na:na]
	at java.base/java.io.BufferedReader.readLine(BufferedReader.java:400) ~[na:na]
	at kotlin.io.LinesSequence$iterator$1.hasNext(ReadWrite.kt:94) ~[kotlin-stdlib-2.3.21.jar:2.3.21-release-298]
	at com.openai.core.handlers.IOExceptionWrappingSequence$iterator$1.hasNext(StreamHandler.kt:71) ~[openai-java-core-4.39.1.jar:4.39.1]
	... 21 common frames omitted
Caused by: okhttp3.internal.http2.StreamResetException: stream was reset: CANCEL
	at okhttp3.internal.http2.Http2Stream$FramingSource.read(Http2Stream.kt:355) ~[okhttp-4.12.0.jar:na]
	at okhttp3.internal.connection.Exchange$ResponseBodySource.read(Exchange.kt:281) ~[okhttp-4.12.0.jar:na]
	... 31 common frames omitted

2026-09-05T21:40:48.909+05:30 ERROR 10932 --- [doc-mind] [boundedElastic-3] o.s.ai.chat.model.MessageAggregator      : Aggregation Error

java.lang.IllegalStateException: Stream processing failed
	at org.springframework.ai.chat.client.advisor.api.BaseAdvisor.lambda$adviseStream$2(BaseAdvisor.java:73) ~[spring-ai-client-chat-2.0.0.jar:2.0.0]
	at reactor.core.publisher.FluxOnErrorResume$ResumeSubscriber.onError(FluxOnErrorResume.java:95) ~[reactor-core-3.8.7.jar:3.8.7]
	at reactor.core.publisher.FluxMap$MapSubscriber.onError(FluxMap.java:134) ~[reactor-core-3.8.7.jar:3.8.7]
	at reactor.core.publisher.MonoFlatMapMany$FlatMapManyInner.onError(MonoFlatMapMany.java:256) ~[reactor-core-3.8.7.jar:3.8.7]
	at reactor.core.publisher.FluxMap$MapSubscriber.onError(FluxMap.java:134) ~[reactor-core-3.8.7.jar:3.8.7]
	at reactor.core.publisher.FluxPeek$PeekSubscriber.onError(FluxPeek.java:225) ~[reactor-core-3.8.7.jar:3.8.7]
	at reactor.core.publisher.FluxPeek$PeekSubscriber.onError(FluxPeek.java:225) ~[reactor-core-3.8.7.jar:3.8.7]
	at reactor.core.publisher.FluxPeek$PeekSubscriber.onError(FluxPeek.java:225) ~[reactor-core-3.8.7.jar:3.8.7]
	at reactor.core.publisher.FluxPeek$PeekSubscriber.onError(FluxPeek.java:225) ~[reactor-core-3.8.7.jar:3.8.7]
	at reactor.core.publisher.FluxHandle$HandleSubscriber.onError(FluxHandle.java:216) ~[reactor-core-3.8.7.jar:3.8.7]
	at reactor.core.publisher.FluxContextWrite$ContextWriteSubscriber.onError(FluxContextWrite.java:123) ~[reactor-core-3.8.7.jar:3.8.7]
	at reactor.core.publisher.FluxDoFinally$DoFinallySubscriber.onError(FluxDoFinally.java:119) ~[reactor-core-3.8.7.jar:3.8.7]
	at reactor.core.publisher.FluxPeekFuseable$PeekFuseableConditionalSubscriber.onError(FluxPeekFuseable.java:554) ~[reactor-core-3.8.7.jar:3.8.7]
	at reactor.core.publisher.FluxPublishOn$PublishOnConditionalSubscriber.doError(FluxPublishOn.java:1115) ~[reactor-core-3.8.7.jar:3.8.7]
	at reactor.core.publisher.FluxPublishOn$PublishOnConditionalSubscriber.checkTerminated(FluxPublishOn.java:1140) ~[reactor-core-3.8.7.jar:3.8.7]
	at reactor.core.publisher.FluxPublishOn$PublishOnConditionalSubscriber.runAsync(FluxPublishOn.java:999) ~[reactor-core-3.8.7.jar:3.8.7]
	at reactor.core.publisher.FluxPublishOn$PublishOnConditionalSubscriber.run(FluxPublishOn.java:1083) ~[reactor-core-3.8.7.jar:3.8.7]
	at reactor.core.scheduler.WorkerTask.call(WorkerTask.java:90) ~[reactor-core-3.8.7.jar:3.8.7]
	at reactor.core.scheduler.WorkerTask.call(WorkerTask.java:37) ~[reactor-core-3.8.7.jar:3.8.7]
	at java.base/java.util.concurrent.FutureTask.run(FutureTask.java:328) ~[na:na]
	at java.base/java.util.concurrent.ScheduledThreadPoolExecutor$ScheduledFutureTask.run(ScheduledThreadPoolExecutor.java:309) ~[na:na]
	at java.base/java.util.concurrent.ThreadPoolExecutor.runWorker(ThreadPoolExecutor.java:1090) ~[na:na]
	at java.base/java.util.concurrent.ThreadPoolExecutor$Worker.run(ThreadPoolExecutor.java:614) ~[na:na]
	at java.base/java.lang.Thread.run(Thread.java:1474) ~[na:na]
Caused by: com.openai.errors.OpenAIIoException: Stream failed
	at com.openai.core.handlers.IOExceptionWrappingSequence$iterator$1.hasNext(StreamHandler.kt:73) ~[openai-java-core-4.39.1.jar:4.39.1]
	at com.openai.core.handlers.SseHandler$sseHandler$1.invokeSuspend(SseHandler.kt:25) ~[openai-java-core-4.39.1.jar:4.39.1]
	at kotlin.coroutines.jvm.internal.BaseContinuationImpl.resumeWith(ContinuationImpl.kt:34) ~[kotlin-stdlib-2.3.21.jar:2.3.21-release-298]
	at kotlin.sequences.SequenceBuilderIterator.hasNext(SequenceBuilder.kt:129) ~[kotlin-stdlib-2.3.21.jar:2.3.21-release-298]
	at com.openai.core.handlers.CloseableSequence$iterator$1.hasNext(StreamHandler.kt:95) ~[openai-java-core-4.39.1.jar:4.39.1]
	at java.base/java.util.Iterator.forEachRemaining(Iterator.java:132) ~[na:na]
	at java.base/java.util.Spliterators$IteratorSpliterator.forEachRemaining(Spliterators.java:1939) ~[na:na]
	at java.base/java.util.stream.AbstractPipeline.copyInto(AbstractPipeline.java:570) ~[na:na]
	at java.base/java.util.stream.AbstractPipeline.wrapAndCopyInto(AbstractPipeline.java:560) ~[na:na]
	at java.base/java.util.stream.ForEachOps$ForEachOp.evaluateSequential(ForEachOps.java:153) ~[na:na]
	at java.base/java.util.stream.ForEachOps$ForEachOp$OfRef.evaluateSequential(ForEachOps.java:176) ~[na:na]
	at java.base/java.util.stream.AbstractPipeline.evaluate(AbstractPipeline.java:265) ~[na:na]
	at java.base/java.util.stream.ReferencePipeline.forEach(ReferencePipeline.java:632) ~[na:na]
	at com.openai.core.http.AsyncStreamResponseKt$toAsync$1$subscribe$1$2.invoke(AsyncStreamResponse.kt:110) ~[openai-java-core-4.39.1.jar:4.39.1]
	at com.openai.core.http.AsyncStreamResponseKt$toAsync$1$subscribe$1$2.invoke(AsyncStreamResponse.kt:94) ~[openai-java-core-4.39.1.jar:4.39.1]
	at com.openai.core.http.AsyncStreamResponseKt$toAsync$1.subscribe$lambda$3$lambda$2(AsyncStreamResponse.kt:95) ~[openai-java-core-4.39.1.jar:4.39.1]
	at java.base/java.util.concurrent.CompletableFuture.uniWhenComplete(CompletableFuture.java:884) ~[na:na]
	at java.base/java.util.concurrent.CompletableFuture$UniWhenComplete.tryFire(CompletableFuture.java:862) ~[na:na]
	at java.base/java.util.concurrent.CompletableFuture$Completion.run(CompletableFuture.java:503) ~[na:na]
	... 3 common frames omitted
Caused by: java.io.InterruptedIOException: timeout
	at okhttp3.internal.connection.RealCall.timeoutExit(RealCall.kt:398) ~[okhttp-4.12.0.jar:na]
	at okhttp3.internal.connection.RealCall.callDone(RealCall.kt:360) ~[okhttp-4.12.0.jar:na]
	at okhttp3.internal.connection.RealCall.messageDone$okhttp(RealCall.kt:309) ~[okhttp-4.12.0.jar:na]
	at okhttp3.internal.connection.Exchange.bodyComplete(Exchange.kt:198) ~[okhttp-4.12.0.jar:na]
	at okhttp3.internal.connection.Exchange$ResponseBodySource.complete(Exchange.kt:329) ~[okhttp-4.12.0.jar:na]
	at okhttp3.internal.connection.Exchange$ResponseBodySource.read(Exchange.kt:305) ~[okhttp-4.12.0.jar:na]
	at okio.RealBufferedSource$inputStream$1.read(RealBufferedSource.kt:161) ~[okio-jvm-3.6.0.jar:na]
	at java.base/sun.nio.cs.StreamDecoder.readBytes(StreamDecoder.java:279) ~[na:na]
	at java.base/sun.nio.cs.StreamDecoder.implRead(StreamDecoder.java:322) ~[na:na]
	at java.base/sun.nio.cs.StreamDecoder.read(StreamDecoder.java:186) ~[na:na]
	at java.base/java.io.InputStreamReader.read(InputStreamReader.java:183) ~[na:na]
	at java.base/java.io.BufferedReader.fill(BufferedReader.java:166) ~[na:na]
	at java.base/java.io.BufferedReader.readLine(BufferedReader.java:333) ~[na:na]
	at java.base/java.io.BufferedReader.readLine(BufferedReader.java:400) ~[na:na]
	at kotlin.io.LinesSequence$iterator$1.hasNext(ReadWrite.kt:94) ~[kotlin-stdlib-2.3.21.jar:2.3.21-release-298]
	at com.openai.core.handlers.IOExceptionWrappingSequence$iterator$1.hasNext(StreamHandler.kt:71) ~[openai-java-core-4.39.1.jar:4.39.1]
	... 21 common frames omitted
Caused by: okhttp3.internal.http2.StreamResetException: stream was reset: CANCEL
	at okhttp3.internal.http2.Http2Stream$FramingSource.read(Http2Stream.kt:355) ~[okhttp-4.12.0.jar:na]
	at okhttp3.internal.connection.Exchange$ResponseBodySource.read(Exchange.kt:281) ~[okhttp-4.12.0.jar:na]
	... 31 common frames omitted

2026-09-05T21:40:48.916+05:30 ERROR 10932 --- [doc-mind] [boundedElastic-3] o.s.ai.chat.model.MessageAggregator      : Aggregation Error

java.lang.IllegalStateException: Stream processing failed
	at org.springframework.ai.chat.client.advisor.api.BaseAdvisor.lambda$adviseStream$2(BaseAdvisor.java:73) ~[spring-ai-client-chat-2.0.0.jar:2.0.0]
	at reactor.core.publisher.FluxOnErrorResume$ResumeSubscriber.onError(FluxOnErrorResume.java:95) ~[reactor-core-3.8.7.jar:3.8.7]
	at reactor.core.publisher.FluxMap$MapSubscriber.onError(FluxMap.java:134) ~[reactor-core-3.8.7.jar:3.8.7]
	at reactor.core.publisher.MonoFlatMapMany$FlatMapManyInner.onError(MonoFlatMapMany.java:256) ~[reactor-core-3.8.7.jar:3.8.7]
	at reactor.core.publisher.FluxMap$MapSubscriber.onError(FluxMap.java:134) ~[reactor-core-3.8.7.jar:3.8.7]
	at reactor.core.publisher.FluxPeek$PeekSubscriber.onError(FluxPeek.java:225) ~[reactor-core-3.8.7.jar:3.8.7]
	at reactor.core.publisher.FluxPeek$PeekSubscriber.onError(FluxPeek.java:225) ~[reactor-core-3.8.7.jar:3.8.7]
	at reactor.core.publisher.FluxPeek$PeekSubscriber.onError(FluxPeek.java:225) ~[reactor-core-3.8.7.jar:3.8.7]
	at reactor.core.publisher.FluxPeek$PeekSubscriber.onError(FluxPeek.java:225) ~[reactor-core-3.8.7.jar:3.8.7]
	at reactor.core.publisher.FluxHandle$HandleSubscriber.onError(FluxHandle.java:216) ~[reactor-core-3.8.7.jar:3.8.7]
	at reactor.core.publisher.FluxContextWrite$ContextWriteSubscriber.onError(FluxContextWrite.java:123) ~[reactor-core-3.8.7.jar:3.8.7]
	at reactor.core.publisher.FluxDoFinally$DoFinallySubscriber.onError(FluxDoFinally.java:119) ~[reactor-core-3.8.7.jar:3.8.7]
	at reactor.core.publisher.FluxPeekFuseable$PeekFuseableConditionalSubscriber.onError(FluxPeekFuseable.java:554) ~[reactor-core-3.8.7.jar:3.8.7]
	at reactor.core.publisher.FluxPublishOn$PublishOnConditionalSubscriber.doError(FluxPublishOn.java:1115) ~[reactor-core-3.8.7.jar:3.8.7]
	at reactor.core.publisher.FluxPublishOn$PublishOnConditionalSubscriber.checkTerminated(FluxPublishOn.java:1140) ~[reactor-core-3.8.7.jar:3.8.7]
	at reactor.core.publisher.FluxPublishOn$PublishOnConditionalSubscriber.runAsync(FluxPublishOn.java:999) ~[reactor-core-3.8.7.jar:3.8.7]
	at reactor.core.publisher.FluxPublishOn$PublishOnConditionalSubscriber.run(FluxPublishOn.java:1083) ~[reactor-core-3.8.7.jar:3.8.7]
	at reactor.core.scheduler.WorkerTask.call(WorkerTask.java:90) ~[reactor-core-3.8.7.jar:3.8.7]
	at reactor.core.scheduler.WorkerTask.call(WorkerTask.java:37) ~[reactor-core-3.8.7.jar:3.8.7]
	at java.base/java.util.concurrent.FutureTask.run(FutureTask.java:328) ~[na:na]
	at java.base/java.util.concurrent.ScheduledThreadPoolExecutor$ScheduledFutureTask.run(ScheduledThreadPoolExecutor.java:309) ~[na:na]
	at java.base/java.util.concurrent.ThreadPoolExecutor.runWorker(ThreadPoolExecutor.java:1090) ~[na:na]
	at java.base/java.util.concurrent.ThreadPoolExecutor$Worker.run(ThreadPoolExecutor.java:614) ~[na:na]
	at java.base/java.lang.Thread.run(Thread.java:1474) ~[na:na]
Caused by: com.openai.errors.OpenAIIoException: Stream failed
	at com.openai.core.handlers.IOExceptionWrappingSequence$iterator$1.hasNext(StreamHandler.kt:73) ~[openai-java-core-4.39.1.jar:4.39.1]
	at com.openai.core.handlers.SseHandler$sseHandler$1.invokeSuspend(SseHandler.kt:25) ~[openai-java-core-4.39.1.jar:4.39.1]
	at kotlin.coroutines.jvm.internal.BaseContinuationImpl.resumeWith(ContinuationImpl.kt:34) ~[kotlin-stdlib-2.3.21.jar:2.3.21-release-298]
	at kotlin.sequences.SequenceBuilderIterator.hasNext(SequenceBuilder.kt:129) ~[kotlin-stdlib-2.3.21.jar:2.3.21-release-298]
	at com.openai.core.handlers.CloseableSequence$iterator$1.hasNext(StreamHandler.kt:95) ~[openai-java-core-4.39.1.jar:4.39.1]
	at java.base/java.util.Iterator.forEachRemaining(Iterator.java:132) ~[na:na]
	at java.base/java.util.Spliterators$IteratorSpliterator.forEachRemaining(Spliterators.java:1939) ~[na:na]
	at java.base/java.util.stream.AbstractPipeline.copyInto(AbstractPipeline.java:570) ~[na:na]
	at java.base/java.util.stream.AbstractPipeline.wrapAndCopyInto(AbstractPipeline.java:560) ~[na:na]
	at java.base/java.util.stream.ForEachOps$ForEachOp.evaluateSequential(ForEachOps.java:153) ~[na:na]
	at java.base/java.util.stream.ForEachOps$ForEachOp$OfRef.evaluateSequential(ForEachOps.java:176) ~[na:na]
	at java.base/java.util.stream.AbstractPipeline.evaluate(AbstractPipeline.java:265) ~[na:na]
	at java.base/java.util.stream.ReferencePipeline.forEach(ReferencePipeline.java:632) ~[na:na]
	at com.openai.core.http.AsyncStreamResponseKt$toAsync$1$subscribe$1$2.invoke(AsyncStreamResponse.kt:110) ~[openai-java-core-4.39.1.jar:4.39.1]
	at com.openai.core.http.AsyncStreamResponseKt$toAsync$1$subscribe$1$2.invoke(AsyncStreamResponse.kt:94) ~[openai-java-core-4.39.1.jar:4.39.1]
	at com.openai.core.http.AsyncStreamResponseKt$toAsync$1.subscribe$lambda$3$lambda$2(AsyncStreamResponse.kt:95) ~[openai-java-core-4.39.1.jar:4.39.1]
	at java.base/java.util.concurrent.CompletableFuture.uniWhenComplete(CompletableFuture.java:884) ~[na:na]
	at java.base/java.util.concurrent.CompletableFuture$UniWhenComplete.tryFire(CompletableFuture.java:862) ~[na:na]
	at java.base/java.util.concurrent.CompletableFuture$Completion.run(CompletableFuture.java:503) ~[na:na]
	... 3 common frames omitted
Caused by: java.io.InterruptedIOException: timeout
	at okhttp3.internal.connection.RealCall.timeoutExit(RealCall.kt:398) ~[okhttp-4.12.0.jar:na]
	at okhttp3.internal.connection.RealCall.callDone(RealCall.kt:360) ~[okhttp-4.12.0.jar:na]
	at okhttp3.internal.connection.RealCall.messageDone$okhttp(RealCall.kt:309) ~[okhttp-4.12.0.jar:na]
	at okhttp3.internal.connection.Exchange.bodyComplete(Exchange.kt:198) ~[okhttp-4.12.0.jar:na]
	at okhttp3.internal.connection.Exchange$ResponseBodySource.complete(Exchange.kt:329) ~[okhttp-4.12.0.jar:na]
	at okhttp3.internal.connection.Exchange$ResponseBodySource.read(Exchange.kt:305) ~[okhttp-4.12.0.jar:na]
	at okio.RealBufferedSource$inputStream$1.read(RealBufferedSource.kt:161) ~[okio-jvm-3.6.0.jar:na]
	at java.base/sun.nio.cs.StreamDecoder.readBytes(StreamDecoder.java:279) ~[na:na]
	at java.base/sun.nio.cs.StreamDecoder.implRead(StreamDecoder.java:322) ~[na:na]
	at java.base/sun.nio.cs.StreamDecoder.read(StreamDecoder.java:186) ~[na:na]
	at java.base/java.io.InputStreamReader.read(InputStreamReader.java:183) ~[na:na]
	at java.base/java.io.BufferedReader.fill(BufferedReader.java:166) ~[na:na]
	at java.base/java.io.BufferedReader.readLine(BufferedReader.java:333) ~[na:na]
	at java.base/java.io.BufferedReader.readLine(BufferedReader.java:400) ~[na:na]
	at kotlin.io.LinesSequence$iterator$1.hasNext(ReadWrite.kt:94) ~[kotlin-stdlib-2.3.21.jar:2.3.21-release-298]
	at com.openai.core.handlers.IOExceptionWrappingSequence$iterator$1.hasNext(StreamHandler.kt:71) ~[openai-java-core-4.39.1.jar:4.39.1]
	... 21 common frames omitted
Caused by: okhttp3.internal.http2.StreamResetException: stream was reset: CANCEL
	at okhttp3.internal.http2.Http2Stream$FramingSource.read(Http2Stream.kt:355) ~[okhttp-4.12.0.jar:na]
	at okhttp3.internal.connection.Exchange$ResponseBodySource.read(Exchange.kt:281) ~[okhttp-4.12.0.jar:na]
	... 31 common frames omitted

2026-09-05T21:40:48.916+05:30 ERROR 10932 --- [doc-mind] [boundedElastic-3] o.s.ai.chat.model.MessageAggregator      : Aggregation Error

java.lang.IllegalStateException: Stream processing failed
	at org.springframework.ai.chat.client.advisor.api.BaseAdvisor.lambda$adviseStream$2(BaseAdvisor.java:73) ~[spring-ai-client-chat-2.0.0.jar:2.0.0]
	at reactor.core.publisher.FluxOnErrorResume$ResumeSubscriber.onError(FluxOnErrorResume.java:95) ~[reactor-core-3.8.7.jar:3.8.7]
	at reactor.core.publisher.FluxMap$MapSubscriber.onError(FluxMap.java:134) ~[reactor-core-3.8.7.jar:3.8.7]
	at reactor.core.publisher.MonoFlatMapMany$FlatMapManyInner.onError(MonoFlatMapMany.java:256) ~[reactor-core-3.8.7.jar:3.8.7]
	at reactor.core.publisher.FluxMap$MapSubscriber.onError(FluxMap.java:134) ~[reactor-core-3.8.7.jar:3.8.7]
	at reactor.core.publisher.FluxPeek$PeekSubscriber.onError(FluxPeek.java:225) ~[reactor-core-3.8.7.jar:3.8.7]
	at reactor.core.publisher.FluxPeek$PeekSubscriber.onError(FluxPeek.java:225) ~[reactor-core-3.8.7.jar:3.8.7]
	at reactor.core.publisher.FluxPeek$PeekSubscriber.onError(FluxPeek.java:225) ~[reactor-core-3.8.7.jar:3.8.7]
	at reactor.core.publisher.FluxPeek$PeekSubscriber.onError(FluxPeek.java:225) ~[reactor-core-3.8.7.jar:3.8.7]
	at reactor.core.publisher.FluxHandle$HandleSubscriber.onError(FluxHandle.java:216) ~[reactor-core-3.8.7.jar:3.8.7]
	at reactor.core.publisher.FluxContextWrite$ContextWriteSubscriber.onError(FluxContextWrite.java:123) ~[reactor-core-3.8.7.jar:3.8.7]
	at reactor.core.publisher.FluxDoFinally$DoFinallySubscriber.onError(FluxDoFinally.java:119) ~[reactor-core-3.8.7.jar:3.8.7]
	at reactor.core.publisher.FluxPeekFuseable$PeekFuseableConditionalSubscriber.onError(FluxPeekFuseable.java:554) ~[reactor-core-3.8.7.jar:3.8.7]
	at reactor.core.publisher.FluxPublishOn$PublishOnConditionalSubscriber.doError(FluxPublishOn.java:1115) ~[reactor-core-3.8.7.jar:3.8.7]
	at reactor.core.publisher.FluxPublishOn$PublishOnConditionalSubscriber.checkTerminated(FluxPublishOn.java:1140) ~[reactor-core-3.8.7.jar:3.8.7]
	at reactor.core.publisher.FluxPublishOn$PublishOnConditionalSubscriber.runAsync(FluxPublishOn.java:999) ~[reactor-core-3.8.7.jar:3.8.7]
	at reactor.core.publisher.FluxPublishOn$PublishOnConditionalSubscriber.run(FluxPublishOn.java:1083) ~[reactor-core-3.8.7.jar:3.8.7]
	at reactor.core.scheduler.WorkerTask.call(WorkerTask.java:90) ~[reactor-core-3.8.7.jar:3.8.7]
	at reactor.core.scheduler.WorkerTask.call(WorkerTask.java:37) ~[reactor-core-3.8.7.jar:3.8.7]
	at java.base/java.util.concurrent.FutureTask.run(FutureTask.java:328) ~[na:na]
	at java.base/java.util.concurrent.ScheduledThreadPoolExecutor$ScheduledFutureTask.run(ScheduledThreadPoolExecutor.java:309) ~[na:na]
	at java.base/java.util.concurrent.ThreadPoolExecutor.runWorker(ThreadPoolExecutor.java:1090) ~[na:na]
	at java.base/java.util.concurrent.ThreadPoolExecutor$Worker.run(ThreadPoolExecutor.java:614) ~[na:na]
	at java.base/java.lang.Thread.run(Thread.java:1474) ~[na:na]
Caused by: com.openai.errors.OpenAIIoException: Stream failed
	at com.openai.core.handlers.IOExceptionWrappingSequence$iterator$1.hasNext(StreamHandler.kt:73) ~[openai-java-core-4.39.1.jar:4.39.1]
	at com.openai.core.handlers.SseHandler$sseHandler$1.invokeSuspend(SseHandler.kt:25) ~[openai-java-core-4.39.1.jar:4.39.1]
	at kotlin.coroutines.jvm.internal.BaseContinuationImpl.resumeWith(ContinuationImpl.kt:34) ~[kotlin-stdlib-2.3.21.jar:2.3.21-release-298]
	at kotlin.sequences.SequenceBuilderIterator.hasNext(SequenceBuilder.kt:129) ~[kotlin-stdlib-2.3.21.jar:2.3.21-release-298]
	at com.openai.core.handlers.CloseableSequence$iterator$1.hasNext(StreamHandler.kt:95) ~[openai-java-core-4.39.1.jar:4.39.1]
	at java.base/java.util.Iterator.forEachRemaining(Iterator.java:132) ~[na:na]
	at java.base/java.util.Spliterators$IteratorSpliterator.forEachRemaining(Spliterators.java:1939) ~[na:na]
	at java.base/java.util.stream.AbstractPipeline.copyInto(AbstractPipeline.java:570) ~[na:na]
	at java.base/java.util.stream.AbstractPipeline.wrapAndCopyInto(AbstractPipeline.java:560) ~[na:na]
	at java.base/java.util.stream.ForEachOps$ForEachOp.evaluateSequential(ForEachOps.java:153) ~[na:na]
	at java.base/java.util.stream.ForEachOps$ForEachOp$OfRef.evaluateSequential(ForEachOps.java:176) ~[na:na]
	at java.base/java.util.stream.AbstractPipeline.evaluate(AbstractPipeline.java:265) ~[na:na]
	at java.base/java.util.stream.ReferencePipeline.forEach(ReferencePipeline.java:632) ~[na:na]
	at com.openai.core.http.AsyncStreamResponseKt$toAsync$1$subscribe$1$2.invoke(AsyncStreamResponse.kt:110) ~[openai-java-core-4.39.1.jar:4.39.1]
	at com.openai.core.http.AsyncStreamResponseKt$toAsync$1$subscribe$1$2.invoke(AsyncStreamResponse.kt:94) ~[openai-java-core-4.39.1.jar:4.39.1]
	at com.openai.core.http.AsyncStreamResponseKt$toAsync$1.subscribe$lambda$3$lambda$2(AsyncStreamResponse.kt:95) ~[openai-java-core-4.39.1.jar:4.39.1]
	at java.base/java.util.concurrent.CompletableFuture.uniWhenComplete(CompletableFuture.java:884) ~[na:na]
	at java.base/java.util.concurrent.CompletableFuture$UniWhenComplete.tryFire(CompletableFuture.java:862) ~[na:na]
	at java.base/java.util.concurrent.CompletableFuture$Completion.run(CompletableFuture.java:503) ~[na:na]
	... 3 common frames omitted
Caused by: java.io.InterruptedIOException: timeout
	at okhttp3.internal.connection.RealCall.timeoutExit(RealCall.kt:398) ~[okhttp-4.12.0.jar:na]
	at okhttp3.internal.connection.RealCall.callDone(RealCall.kt:360) ~[okhttp-4.12.0.jar:na]
	at okhttp3.internal.connection.RealCall.messageDone$okhttp(RealCall.kt:309) ~[okhttp-4.12.0.jar:na]
	at okhttp3.internal.connection.Exchange.bodyComplete(Exchange.kt:198) ~[okhttp-4.12.0.jar:na]
	at okhttp3.internal.connection.Exchange$ResponseBodySource.complete(Exchange.kt:329) ~[okhttp-4.12.0.jar:na]
	at okhttp3.internal.connection.Exchange$ResponseBodySource.read(Exchange.kt:305) ~[okhttp-4.12.0.jar:na]
	at okio.RealBufferedSource$inputStream$1.read(RealBufferedSource.kt:161) ~[okio-jvm-3.6.0.jar:na]
	at java.base/sun.nio.cs.StreamDecoder.readBytes(StreamDecoder.java:279) ~[na:na]
	at java.base/sun.nio.cs.StreamDecoder.implRead(StreamDecoder.java:322) ~[na:na]
	at java.base/sun.nio.cs.StreamDecoder.read(StreamDecoder.java:186) ~[na:na]
	at java.base/java.io.InputStreamReader.read(InputStreamReader.java:183) ~[na:na]
	at java.base/java.io.BufferedReader.fill(BufferedReader.java:166) ~[na:na]
	at java.base/java.io.BufferedReader.readLine(BufferedReader.java:333) ~[na:na]
	at java.base/java.io.BufferedReader.readLine(BufferedReader.java:400) ~[na:na]
	at kotlin.io.LinesSequence$iterator$1.hasNext(ReadWrite.kt:94) ~[kotlin-stdlib-2.3.21.jar:2.3.21-release-298]
	at com.openai.core.handlers.IOExceptionWrappingSequence$iterator$1.hasNext(StreamHandler.kt:71) ~[openai-java-core-4.39.1.jar:4.39.1]
	... 21 common frames omitted
Caused by: okhttp3.internal.http2.StreamResetException: stream was reset: CANCEL
	at okhttp3.internal.http2.Http2Stream$FramingSource.read(Http2Stream.kt:355) ~[okhttp-4.12.0.jar:na]
	at okhttp3.internal.connection.Exchange$ResponseBodySource.read(Exchange.kt:281) ~[okhttp-4.12.0.jar:na]
	... 31 common frames omitted

2026-09-05T21:40:48.916+05:30 ERROR 10932 --- [doc-mind] [boundedElastic-3] o.s.ai.chat.model.MessageAggregator      : Aggregation Error

java.lang.IllegalStateException: Stream processing failed
	at org.springframework.ai.chat.client.advisor.api.BaseAdvisor.lambda$adviseStream$2(BaseAdvisor.java:73) ~[spring-ai-client-chat-2.0.0.jar:2.0.0]
	at reactor.core.publisher.FluxOnErrorResume$ResumeSubscriber.onError(FluxOnErrorResume.java:95) ~[reactor-core-3.8.7.jar:3.8.7]
	at reactor.core.publisher.FluxMap$MapSubscriber.onError(FluxMap.java:134) ~[reactor-core-3.8.7.jar:3.8.7]
	at reactor.core.publisher.MonoFlatMapMany$FlatMapManyInner.onError(MonoFlatMapMany.java:256) ~[reactor-core-3.8.7.jar:3.8.7]
	at reactor.core.publisher.FluxMap$MapSubscriber.onError(FluxMap.java:134) ~[reactor-core-3.8.7.jar:3.8.7]
	at reactor.core.publisher.FluxPeek$PeekSubscriber.onError(FluxPeek.java:225) ~[reactor-core-3.8.7.jar:3.8.7]
	at reactor.core.publisher.FluxPeek$PeekSubscriber.onError(FluxPeek.java:225) ~[reactor-core-3.8.7.jar:3.8.7]
	at reactor.core.publisher.FluxPeek$PeekSubscriber.onError(FluxPeek.java:225) ~[reactor-core-3.8.7.jar:3.8.7]
	at reactor.core.publisher.FluxPeek$PeekSubscriber.onError(FluxPeek.java:225) ~[reactor-core-3.8.7.jar:3.8.7]
	at reactor.core.publisher.FluxHandle$HandleSubscriber.onError(FluxHandle.java:216) ~[reactor-core-3.8.7.jar:3.8.7]
	at reactor.core.publisher.FluxContextWrite$ContextWriteSubscriber.onError(FluxContextWrite.java:123) ~[reactor-core-3.8.7.jar:3.8.7]
	at reactor.core.publisher.FluxDoFinally$DoFinallySubscriber.onError(FluxDoFinally.java:119) ~[reactor-core-3.8.7.jar:3.8.7]
	at reactor.core.publisher.FluxPeekFuseable$PeekFuseableConditionalSubscriber.onError(FluxPeekFuseable.java:554) ~[reactor-core-3.8.7.jar:3.8.7]
	at reactor.core.publisher.FluxPublishOn$PublishOnConditionalSubscriber.doError(FluxPublishOn.java:1115) ~[reactor-core-3.8.7.jar:3.8.7]
	at reactor.core.publisher.FluxPublishOn$PublishOnConditionalSubscriber.checkTerminated(FluxPublishOn.java:1140) ~[reactor-core-3.8.7.jar:3.8.7]
	at reactor.core.publisher.FluxPublishOn$PublishOnConditionalSubscriber.runAsync(FluxPublishOn.java:999) ~[reactor-core-3.8.7.jar:3.8.7]
	at reactor.core.publisher.FluxPublishOn$PublishOnConditionalSubscriber.run(FluxPublishOn.java:1083) ~[reactor-core-3.8.7.jar:3.8.7]
	at reactor.core.scheduler.WorkerTask.call(WorkerTask.java:90) ~[reactor-core-3.8.7.jar:3.8.7]
	at reactor.core.scheduler.WorkerTask.call(WorkerTask.java:37) ~[reactor-core-3.8.7.jar:3.8.7]
	at java.base/java.util.concurrent.FutureTask.run(FutureTask.java:328) ~[na:na]
	at java.base/java.util.concurrent.ScheduledThreadPoolExecutor$ScheduledFutureTask.run(ScheduledThreadPoolExecutor.java:309) ~[na:na]
	at java.base/java.util.concurrent.ThreadPoolExecutor.runWorker(ThreadPoolExecutor.java:1090) ~[na:na]
	at java.base/java.util.concurrent.ThreadPoolExecutor$Worker.run(ThreadPoolExecutor.java:614) ~[na:na]
	at java.base/java.lang.Thread.run(Thread.java:1474) ~[na:na]
Caused by: com.openai.errors.OpenAIIoException: Stream failed
	at com.openai.core.handlers.IOExceptionWrappingSequence$iterator$1.hasNext(StreamHandler.kt:73) ~[openai-java-core-4.39.1.jar:4.39.1]
	at com.openai.core.handlers.SseHandler$sseHandler$1.invokeSuspend(SseHandler.kt:25) ~[openai-java-core-4.39.1.jar:4.39.1]
	at kotlin.coroutines.jvm.internal.BaseContinuationImpl.resumeWith(ContinuationImpl.kt:34) ~[kotlin-stdlib-2.3.21.jar:2.3.21-release-298]
	at kotlin.sequences.SequenceBuilderIterator.hasNext(SequenceBuilder.kt:129) ~[kotlin-stdlib-2.3.21.jar:2.3.21-release-298]
	at com.openai.core.handlers.CloseableSequence$iterator$1.hasNext(StreamHandler.kt:95) ~[openai-java-core-4.39.1.jar:4.39.1]
	at java.base/java.util.Iterator.forEachRemaining(Iterator.java:132) ~[na:na]
	at java.base/java.util.Spliterators$IteratorSpliterator.forEachRemaining(Spliterators.java:1939) ~[na:na]
	at java.base/java.util.stream.AbstractPipeline.copyInto(AbstractPipeline.java:570) ~[na:na]
	at java.base/java.util.stream.AbstractPipeline.wrapAndCopyInto(AbstractPipeline.java:560) ~[na:na]
	at java.base/java.util.stream.ForEachOps$ForEachOp.evaluateSequential(ForEachOps.java:153) ~[na:na]
	at java.base/java.util.stream.ForEachOps$ForEachOp$OfRef.evaluateSequential(ForEachOps.java:176) ~[na:na]
	at java.base/java.util.stream.AbstractPipeline.evaluate(AbstractPipeline.java:265) ~[na:na]
	at java.base/java.util.stream.ReferencePipeline.forEach(ReferencePipeline.java:632) ~[na:na]
	at com.openai.core.http.AsyncStreamResponseKt$toAsync$1$subscribe$1$2.invoke(AsyncStreamResponse.kt:110) ~[openai-java-core-4.39.1.jar:4.39.1]
	at com.openai.core.http.AsyncStreamResponseKt$toAsync$1$subscribe$1$2.invoke(AsyncStreamResponse.kt:94) ~[openai-java-core-4.39.1.jar:4.39.1]
	at com.openai.core.http.AsyncStreamResponseKt$toAsync$1.subscribe$lambda$3$lambda$2(AsyncStreamResponse.kt:95) ~[openai-java-core-4.39.1.jar:4.39.1]
	at java.base/java.util.concurrent.CompletableFuture.uniWhenComplete(CompletableFuture.java:884) ~[na:na]
	at java.base/java.util.concurrent.CompletableFuture$UniWhenComplete.tryFire(CompletableFuture.java:862) ~[na:na]
	at java.base/java.util.concurrent.CompletableFuture$Completion.run(CompletableFuture.java:503) ~[na:na]
	... 3 common frames omitted
Caused by: java.io.InterruptedIOException: timeout
	at okhttp3.internal.connection.RealCall.timeoutExit(RealCall.kt:398) ~[okhttp-4.12.0.jar:na]
	at okhttp3.internal.connection.RealCall.callDone(RealCall.kt:360) ~[okhttp-4.12.0.jar:na]
	at okhttp3.internal.connection.RealCall.messageDone$okhttp(RealCall.kt:309) ~[okhttp-4.12.0.jar:na]
	at okhttp3.internal.connection.Exchange.bodyComplete(Exchange.kt:198) ~[okhttp-4.12.0.jar:na]
	at okhttp3.internal.connection.Exchange$ResponseBodySource.complete(Exchange.kt:329) ~[okhttp-4.12.0.jar:na]
	at okhttp3.internal.connection.Exchange$ResponseBodySource.read(Exchange.kt:305) ~[okhttp-4.12.0.jar:na]
	at okio.RealBufferedSource$inputStream$1.read(RealBufferedSource.kt:161) ~[okio-jvm-3.6.0.jar:na]
	at java.base/sun.nio.cs.StreamDecoder.readBytes(StreamDecoder.java:279) ~[na:na]
	at java.base/sun.nio.cs.StreamDecoder.implRead(StreamDecoder.java:322) ~[na:na]
	at java.base/sun.nio.cs.StreamDecoder.read(StreamDecoder.java:186) ~[na:na]
	at java.base/java.io.InputStreamReader.read(InputStreamReader.java:183) ~[na:na]
	at java.base/java.io.BufferedReader.fill(BufferedReader.java:166) ~[na:na]
	at java.base/java.io.BufferedReader.readLine(BufferedReader.java:333) ~[na:na]
	at java.base/java.io.BufferedReader.readLine(BufferedReader.java:400) ~[na:na]
	at kotlin.io.LinesSequence$iterator$1.hasNext(ReadWrite.kt:94) ~[kotlin-stdlib-2.3.21.jar:2.3.21-release-298]
	at com.openai.core.handlers.IOExceptionWrappingSequence$iterator$1.hasNext(StreamHandler.kt:71) ~[openai-java-core-4.39.1.jar:4.39.1]
	... 21 common frames omitted
Caused by: okhttp3.internal.http2.StreamResetException: stream was reset: CANCEL
	at okhttp3.internal.http2.Http2Stream$FramingSource.read(Http2Stream.kt:355) ~[okhttp-4.12.0.jar:na]
	at okhttp3.internal.connection.Exchange$ResponseBodySource.read(Exchange.kt:281) ~[okhttp-4.12.0.jar:na]
	... 31 common frames omitted

2026-09-05T21:40:48.979+05:30 ERROR 10932 --- [doc-mind] [http-nio-8080-exec-7] c.p.d.exception.GlobalExceptionHandler   : Stream processing failed

java.lang.IllegalStateException: Stream processing failed
	at org.springframework.ai.chat.client.advisor.api.BaseAdvisor.lambda$adviseStream$2(BaseAdvisor.java:73) ~[spring-ai-client-chat-2.0.0.jar:2.0.0]
	at reactor.core.publisher.FluxOnErrorResume$ResumeSubscriber.onError(FluxOnErrorResume.java:95) ~[reactor-core-3.8.7.jar:3.8.7]
	at reactor.core.publisher.FluxMap$MapSubscriber.onError(FluxMap.java:134) ~[reactor-core-3.8.7.jar:3.8.7]
	at reactor.core.publisher.MonoFlatMapMany$FlatMapManyInner.onError(MonoFlatMapMany.java:256) ~[reactor-core-3.8.7.jar:3.8.7]
	at reactor.core.publisher.FluxMap$MapSubscriber.onError(FluxMap.java:134) ~[reactor-core-3.8.7.jar:3.8.7]
	at reactor.core.publisher.FluxPeek$PeekSubscriber.onError(FluxPeek.java:225) ~[reactor-core-3.8.7.jar:3.8.7]
	at reactor.core.publisher.FluxPeek$PeekSubscriber.onError(FluxPeek.java:225) ~[reactor-core-3.8.7.jar:3.8.7]
	at reactor.core.publisher.FluxPeek$PeekSubscriber.onError(FluxPeek.java:225) ~[reactor-core-3.8.7.jar:3.8.7]
	at reactor.core.publisher.FluxPeek$PeekSubscriber.onError(FluxPeek.java:225) ~[reactor-core-3.8.7.jar:3.8.7]
	at reactor.core.publisher.FluxHandle$HandleSubscriber.onError(FluxHandle.java:216) ~[reactor-core-3.8.7.jar:3.8.7]
	at reactor.core.publisher.FluxContextWrite$ContextWriteSubscriber.onError(FluxContextWrite.java:123) ~[reactor-core-3.8.7.jar:3.8.7]
	at reactor.core.publisher.FluxDoFinally$DoFinallySubscriber.onError(FluxDoFinally.java:119) ~[reactor-core-3.8.7.jar:3.8.7]
	at reactor.core.publisher.FluxPeekFuseable$PeekFuseableConditionalSubscriber.onError(FluxPeekFuseable.java:554) ~[reactor-core-3.8.7.jar:3.8.7]
	at reactor.core.publisher.FluxPublishOn$PublishOnConditionalSubscriber.doError(FluxPublishOn.java:1115) ~[reactor-core-3.8.7.jar:3.8.7]
	at reactor.core.publisher.FluxPublishOn$PublishOnConditionalSubscriber.checkTerminated(FluxPublishOn.java:1140) ~[reactor-core-3.8.7.jar:3.8.7]
	at reactor.core.publisher.FluxPublishOn$PublishOnConditionalSubscriber.runAsync(FluxPublishOn.java:999) ~[reactor-core-3.8.7.jar:3.8.7]
	at reactor.core.publisher.FluxPublishOn$PublishOnConditionalSubscriber.run(FluxPublishOn.java:1083) ~[reactor-core-3.8.7.jar:3.8.7]
	at reactor.core.scheduler.WorkerTask.call(WorkerTask.java:90) ~[reactor-core-3.8.7.jar:3.8.7]
	at reactor.core.scheduler.WorkerTask.call(WorkerTask.java:37) ~[reactor-core-3.8.7.jar:3.8.7]
	at java.base/java.util.concurrent.FutureTask.run(FutureTask.java:328) ~[na:na]
	at java.base/java.util.concurrent.ScheduledThreadPoolExecutor$ScheduledFutureTask.run(ScheduledThreadPoolExecutor.java:309) ~[na:na]
	at java.base/java.util.concurrent.ThreadPoolExecutor.runWorker(ThreadPoolExecutor.java:1090) ~[na:na]
	at java.base/java.util.concurrent.ThreadPoolExecutor$Worker.run(ThreadPoolExecutor.java:614) ~[na:na]
	at java.base/java.lang.Thread.run(Thread.java:1474) ~[na:na]
Caused by: com.openai.errors.OpenAIIoException: Stream failed
	at com.openai.core.handlers.IOExceptionWrappingSequence$iterator$1.hasNext(StreamHandler.kt:73) ~[openai-java-core-4.39.1.jar:4.39.1]
	at com.openai.core.handlers.SseHandler$sseHandler$1.invokeSuspend(SseHandler.kt:25) ~[openai-java-core-4.39.1.jar:4.39.1]
	at kotlin.coroutines.jvm.internal.BaseContinuationImpl.resumeWith(ContinuationImpl.kt:34) ~[kotlin-stdlib-2.3.21.jar:2.3.21-release-298]
	at kotlin.sequences.SequenceBuilderIterator.hasNext(SequenceBuilder.kt:129) ~[kotlin-stdlib-2.3.21.jar:2.3.21-release-298]
	at com.openai.core.handlers.CloseableSequence$iterator$1.hasNext(StreamHandler.kt:95) ~[openai-java-core-4.39.1.jar:4.39.1]
	at java.base/java.util.Iterator.forEachRemaining(Iterator.java:132) ~[na:na]
	at java.base/java.util.Spliterators$IteratorSpliterator.forEachRemaining(Spliterators.java:1939) ~[na:na]
	at java.base/java.util.stream.AbstractPipeline.copyInto(AbstractPipeline.java:570) ~[na:na]
	at java.base/java.util.stream.AbstractPipeline.wrapAndCopyInto(AbstractPipeline.java:560) ~[na:na]
	at java.base/java.util.stream.ForEachOps$ForEachOp.evaluateSequential(ForEachOps.java:153) ~[na:na]
	at java.base/java.util.stream.ForEachOps$ForEachOp$OfRef.evaluateSequential(ForEachOps.java:176) ~[na:na]
	at java.base/java.util.stream.AbstractPipeline.evaluate(AbstractPipeline.java:265) ~[na:na]
	at java.base/java.util.stream.ReferencePipeline.forEach(ReferencePipeline.java:632) ~[na:na]
	at com.openai.core.http.AsyncStreamResponseKt$toAsync$1$subscribe$1$2.invoke(AsyncStreamResponse.kt:110) ~[openai-java-core-4.39.1.jar:4.39.1]
	at com.openai.core.http.AsyncStreamResponseKt$toAsync$1$subscribe$1$2.invoke(AsyncStreamResponse.kt:94) ~[openai-java-core-4.39.1.jar:4.39.1]
	at com.openai.core.http.AsyncStreamResponseKt$toAsync$1.subscribe$lambda$3$lambda$2(AsyncStreamResponse.kt:95) ~[openai-java-core-4.39.1.jar:4.39.1]
	at java.base/java.util.concurrent.CompletableFuture.uniWhenComplete(CompletableFuture.java:884) ~[na:na]
	at java.base/java.util.concurrent.CompletableFuture$UniWhenComplete.tryFire(CompletableFuture.java:862) ~[na:na]
	at java.base/java.util.concurrent.CompletableFuture$Completion.run(CompletableFuture.java:503) ~[na:na]
	... 3 common frames omitted
Caused by: java.io.InterruptedIOException: timeout
	at okhttp3.internal.connection.RealCall.timeoutExit(RealCall.kt:398) ~[okhttp-4.12.0.jar:na]
	at okhttp3.internal.connection.RealCall.callDone(RealCall.kt:360) ~[okhttp-4.12.0.jar:na]
	at okhttp3.internal.connection.RealCall.messageDone$okhttp(RealCall.kt:309) ~[okhttp-4.12.0.jar:na]
	at okhttp3.internal.connection.Exchange.bodyComplete(Exchange.kt:198) ~[okhttp-4.12.0.jar:na]
	at okhttp3.internal.connection.Exchange$ResponseBodySource.complete(Exchange.kt:329) ~[okhttp-4.12.0.jar:na]
	at okhttp3.internal.connection.Exchange$ResponseBodySource.read(Exchange.kt:305) ~[okhttp-4.12.0.jar:na]
	at okio.RealBufferedSource$inputStream$1.read(RealBufferedSource.kt:161) ~[okio-jvm-3.6.0.jar:na]
	at java.base/sun.nio.cs.StreamDecoder.readBytes(StreamDecoder.java:279) ~[na:na]
	at java.base/sun.nio.cs.StreamDecoder.implRead(StreamDecoder.java:322) ~[na:na]
	at java.base/sun.nio.cs.StreamDecoder.read(StreamDecoder.java:186) ~[na:na]
	at java.base/java.io.InputStreamReader.read(InputStreamReader.java:183) ~[na:na]
	at java.base/java.io.BufferedReader.fill(BufferedReader.java:166) ~[na:na]
	at java.base/java.io.BufferedReader.readLine(BufferedReader.java:333) ~[na:na]
	at java.base/java.io.BufferedReader.readLine(BufferedReader.java:400) ~[na:na]
	at kotlin.io.LinesSequence$iterator$1.hasNext(ReadWrite.kt:94) ~[kotlin-stdlib-2.3.21.jar:2.3.21-release-298]
	at com.openai.core.handlers.IOExceptionWrappingSequence$iterator$1.hasNext(StreamHandler.kt:71) ~[openai-java-core-4.39.1.jar:4.39.1]
	... 21 common frames omitted
Caused by: okhttp3.internal.http2.StreamResetException: stream was reset: CANCEL
	at okhttp3.internal.http2.Http2Stream$FramingSource.read(Http2Stream.kt:355) ~[okhttp-4.12.0.jar:na]
	at okhttp3.internal.connection.Exchange$ResponseBodySource.read(Exchange.kt:281) ~[okhttp-4.12.0.jar:na]
	... 31 common frames omitted

2026-09-05T21:50:56.926+05:30  INFO 10932 --- [doc-mind] [SpringApplicationShutdownHook] o.s.boot.tomcat.GracefulShutdown         : Commencing graceful shutdown. Waiting for active requests to complete
2026-09-05T21:50:56.931+05:30  INFO 10932 --- [doc-mind] [tomcat-shutdown] o.s.boot.tomcat.GracefulShutdown         : Graceful shutdown complete
2026-09-05T21:50:56.952+05:30  INFO 10932 --- [doc-mind] [SpringApplicationShutdownHook] j.LocalContainerEntityManagerFactoryBean : Closing JPA EntityManagerFactory for persistence unit 'default'
2026-09-05T21:50:56.954+05:30  INFO 10932 --- [doc-mind] [SpringApplicationShutdownHook] com.zaxxer.hikari.HikariDataSource       : DocMindHikariPool - Shutdown initiated...
2026-09-05T21:50:56.955+05:30  INFO 10932 --- [doc-mind] [SpringApplicationShutdownHook] com.zaxxer.hikari.HikariDataSource       : DocMindHikariPool - Shutdown completed.
2026-09-05T21:50:59.790+05:30  INFO 30964 --- [doc-mind] [main] com.pranit.docmind.DocMindApplication    : Starting DocMindApplication using Java 25.0.3 with PID 30964 (P:\Backend Development\DocMind\DocMind\docmind-backend\doc-mind\build\classes\java\main started by Pranit in P:\Backend Development\DocMind\DocMind\docmind-backend)
2026-09-05T21:50:59.791+05:30  INFO 30964 --- [doc-mind] [main] com.pranit.docmind.DocMindApplication    : The following 1 profile is active: "dev"
2026-09-05T21:51:00.670+05:30  INFO 30964 --- [doc-mind] [main] .s.d.r.c.RepositoryConfigurationDelegate : Multiple Spring Data modules found, entering strict repository configuration mode
2026-09-05T21:51:00.671+05:30  INFO 30964 --- [doc-mind] [main] .s.d.r.c.RepositoryConfigurationDelegate : Bootstrapping Spring Data JPA repositories in DEFAULT mode.
2026-09-05T21:51:00.790+05:30  INFO 30964 --- [doc-mind] [main] .s.d.r.c.RepositoryConfigurationDelegate : Finished Spring Data repository scanning in 115 ms. Found 7 JPA repository interfaces.
2026-09-05T21:51:00.818+05:30  INFO 30964 --- [doc-mind] [main] .s.d.r.c.RepositoryConfigurationDelegate : Multiple Spring Data modules found, entering strict repository configuration mode
2026-09-05T21:51:00.819+05:30  INFO 30964 --- [doc-mind] [main] .s.d.r.c.RepositoryConfigurationDelegate : Bootstrapping Spring Data Redis repositories in DEFAULT mode.
2026-09-05T21:51:00.840+05:30  INFO 30964 --- [doc-mind] [main] .RepositoryConfigurationExtensionSupport : Spring Data Redis - Could not safely identify store assignment for repository candidate interface com.pranit.docmind.authentication.repository.RefreshTokenRepository; If you want this repository to be a Redis repository, consider annotating your entities with one of these annotations: org.springframework.data.redis.core.RedisHash (preferred), or consider extending one of the following types with your repository: org.springframework.data.keyvalue.repository.KeyValueRepository
2026-09-05T21:51:00.840+05:30  INFO 30964 --- [doc-mind] [main] .RepositoryConfigurationExtensionSupport : Spring Data Redis - Could not safely identify store assignment for repository candidate interface com.pranit.docmind.authentication.repository.UserRepository; If you want this repository to be a Redis repository, consider annotating your entities with one of these annotations: org.springframework.data.redis.core.RedisHash (preferred), or consider extending one of the following types with your repository: org.springframework.data.keyvalue.repository.KeyValueRepository
2026-09-05T21:51:00.840+05:30  INFO 30964 --- [doc-mind] [main] .RepositoryConfigurationExtensionSupport : Spring Data Redis - Could not safely identify store assignment for repository candidate interface com.pranit.docmind.authorization.repository.RoleRepository; If you want this repository to be a Redis repository, consider annotating your entities with one of these annotations: org.springframework.data.redis.core.RedisHash (preferred), or consider extending one of the following types with your repository: org.springframework.data.keyvalue.repository.KeyValueRepository
2026-09-05T21:51:00.840+05:30  INFO 30964 --- [doc-mind] [main] .RepositoryConfigurationExtensionSupport : Spring Data Redis - Could not safely identify store assignment for repository candidate interface com.pranit.docmind.authorization.repository.UserRoleRepository; If you want this repository to be a Redis repository, consider annotating your entities with one of these annotations: org.springframework.data.redis.core.RedisHash (preferred), or consider extending one of the following types with your repository: org.springframework.data.keyvalue.repository.KeyValueRepository
2026-09-05T21:51:00.840+05:30  INFO 30964 --- [doc-mind] [main] .RepositoryConfigurationExtensionSupport : Spring Data Redis - Could not safely identify store assignment for repository candidate interface com.pranit.docmind.document.repository.DocumentRepository; If you want this repository to be a Redis repository, consider annotating your entities with one of these annotations: org.springframework.data.redis.core.RedisHash (preferred), or consider extending one of the following types with your repository: org.springframework.data.keyvalue.repository.KeyValueRepository
2026-09-05T21:51:00.841+05:30  INFO 30964 --- [doc-mind] [main] .RepositoryConfigurationExtensionSupport : Spring Data Redis - Could not safely identify store assignment for repository candidate interface com.pranit.docmind.document.repository.SeedHistoryRepository; If you want this repository to be a Redis repository, consider annotating your entities with one of these annotations: org.springframework.data.redis.core.RedisHash (preferred), or consider extending one of the following types with your repository: org.springframework.data.keyvalue.repository.KeyValueRepository
2026-09-05T21:51:00.841+05:30  INFO 30964 --- [doc-mind] [main] .RepositoryConfigurationExtensionSupport : Spring Data Redis - Could not safely identify store assignment for repository candidate interface com.pranit.docmind.otp.repository.OtpRepository; If you want this repository to be a Redis repository, consider annotating your entities with one of these annotations: org.springframework.data.redis.core.RedisHash (preferred), or consider extending one of the following types with your repository: org.springframework.data.keyvalue.repository.KeyValueRepository
2026-09-05T21:51:00.841+05:30  INFO 30964 --- [doc-mind] [main] .s.d.r.c.RepositoryConfigurationDelegate : Finished Spring Data repository scanning in 15 ms. Found 0 Redis repository interfaces.
2026-09-05T21:51:01.416+05:30  INFO 30964 --- [doc-mind] [main] o.s.boot.tomcat.TomcatWebServer          : Tomcat initialized with port 8080 (http)
2026-09-05T21:51:01.425+05:30  INFO 30964 --- [doc-mind] [main] o.apache.catalina.core.StandardService   : Starting service [Tomcat]
2026-09-05T21:51:01.425+05:30  INFO 30964 --- [doc-mind] [main] o.apache.catalina.core.StandardEngine    : Starting Servlet engine: [Apache Tomcat/11.0.24]
2026-09-05T21:51:01.491+05:30  INFO 30964 --- [doc-mind] [main] b.w.c.s.WebApplicationContextInitializer : Root WebApplicationContext: initialization completed in 1674 ms
2026-09-05T21:51:01.985+05:30  INFO 30964 --- [doc-mind] [main] com.zaxxer.hikari.HikariDataSource       : DocMindHikariPool - Starting...
2026-09-05T21:51:02.087+05:30  INFO 30964 --- [doc-mind] [main] com.zaxxer.hikari.pool.HikariPool        : DocMindHikariPool - Added connection org.postgresql.jdbc.PgConnection@530e08a7
2026-09-05T21:51:02.089+05:30  INFO 30964 --- [doc-mind] [main] com.zaxxer.hikari.HikariDataSource       : DocMindHikariPool - Start completed.
2026-09-05T21:51:02.103+05:30  INFO 30964 --- [doc-mind] [main] org.flywaydb.core.FlywayExecutor         : Database: jdbc:postgresql://localhost:5432/docmind (PostgreSQL 18.4)
2026-09-05T21:51:02.144+05:30  INFO 30964 --- [doc-mind] [main] o.f.core.internal.command.DbValidate     : Successfully validated 2 migrations (execution time 00:00.017s)
2026-09-05T21:51:02.190+05:30  INFO 30964 --- [doc-mind] [main] o.f.core.internal.command.DbMigrate      : Current version of schema "public": 2
2026-09-05T21:51:02.193+05:30  INFO 30964 --- [doc-mind] [main] o.f.core.internal.command.DbMigrate      : Schema "public" is up to date. No migration necessary.
2026-09-05T21:51:02.295+05:30  INFO 30964 --- [doc-mind] [main] org.hibernate.orm.jpa                    : HHH008540: Processing PersistenceUnitInfo [name: default]
2026-09-05T21:51:02.331+05:30  INFO 30964 --- [doc-mind] [main] org.hibernate.orm.core                   : HHH000001: Hibernate ORM core version 7.4.5.Final
2026-09-05T21:51:02.622+05:30  INFO 30964 --- [doc-mind] [main] o.s.o.j.p.SpringPersistenceUnitInfo      : No LoadTimeWeaver setup: ignoring JPA class transformer
2026-09-05T21:51:02.663+05:30  WARN 30964 --- [doc-mind] [main] org.hibernate.orm.deprecation            : HHH90000025: PostgreSQLDialect does not need to be specified explicitly using 'hibernate.dialect' (remove the property setting and it will be selected by default)
2026-09-05T21:51:02.676+05:30  INFO 30964 --- [doc-mind] [main] org.hibernate.orm.connections.pooling    : HHH10001005: Database info:
	Database JDBC URL [jdbc:postgresql://localhost:5432/docmind]
	Database driver: PostgreSQL JDBC Driver
	Database dialect: PostgreSQLDialect
	Database version: 18.4
	Default catalog/schema: docmind/public
	Autocommit mode: undefined/unknown
	Isolation level: READ_COMMITTED [default READ_COMMITTED]
	JDBC fetch size: none
	Pool: DataSourceConnectionProvider
	Minimum pool size: undefined/unknown
	Maximum pool size: undefined/unknown
2026-09-05T21:51:03.466+05:30  INFO 30964 --- [doc-mind] [main] org.hibernate.orm.core                   : HHH000489: No JTA platform available (set 'hibernate.transaction.jta.platform' to enable JTA platform integration)
2026-09-05T21:51:03.507+05:30  INFO 30964 --- [doc-mind] [main] j.LocalContainerEntityManagerFactoryBean : Initialized JPA EntityManagerFactory for persistence unit 'default'
2026-09-05T21:51:03.556+05:30  INFO 30964 --- [doc-mind] [main] o.s.d.j.r.query.QueryEnhancerFactories   : Hibernate is in classpath; If applicable, HQL parser will be used.
2026-09-05T21:51:05.215+05:30  INFO 30964 --- [doc-mind] [main] r$InitializeUserDetailsManagerConfigurer : Global AuthenticationManager configured with UserDetailsService bean with name userDetailServiceImpl
2026-09-05T21:51:05.474+05:30  WARN 30964 --- [doc-mind] [main] JpaBaseConfiguration$JpaWebConfiguration : spring.jpa.open-in-view is enabled by default. Therefore, database queries may be performed during view rendering. Explicitly configure spring.jpa.open-in-view to disable this warning
2026-09-05T21:51:06.265+05:30  INFO 30964 --- [doc-mind] [main] o.s.b.a.e.web.EndpointLinksResolver      : Exposing 1 endpoint beneath base path '/actuator'
2026-09-05T21:51:06.353+05:30  INFO 30964 --- [doc-mind] [main] o.s.boot.tomcat.TomcatWebServer          : Tomcat started on port 8080 (http) with context path '/'
2026-09-05T21:51:06.364+05:30  INFO 30964 --- [doc-mind] [main] com.pranit.docmind.DocMindApplication    : Started DocMindApplication in 6.872 seconds (process running for 7.216)
2026-09-05T21:51:06.480+05:30  INFO 30964 --- [doc-mind] [main] c.p.d.authentication.seed.AdminSeeder    : Admin user already exists: admin
2026-09-05T21:51:06.505+05:30  INFO 30964 --- [doc-mind] [scheduling-1] c.p.d.document.seed.DocumentSeeder       : Already seeded: java-backend.txt
2026-09-05T21:51:06.505+05:30  INFO 30964 --- [doc-mind] [scheduling-1] c.p.d.document.seed.DocumentSeeder       : Document seeding complete.
2026-09-05T21:51:15.008+05:30  INFO 30964 --- [doc-mind] [http-nio-8080-exec-2] o.a.c.c.C.[Tomcat].[localhost].[/]       : Initializing Spring DispatcherServlet 'dispatcherServlet'
2026-09-05T21:51:15.009+05:30  INFO 30964 --- [doc-mind] [http-nio-8080-exec-2] o.s.web.servlet.DispatcherServlet        : Initializing Servlet 'dispatcherServlet'
2026-09-05T21:51:15.016+05:30  INFO 30964 --- [doc-mind] [http-nio-8080-exec-2] o.s.web.servlet.DispatcherServlet        : Completed initialization in 7 ms
2026-09-05T21:51:15.126+05:30  INFO 30964 --- [doc-mind] [http-nio-8080-exec-1] c.p.d.s.s.impl.ResolveAccessTokenImpl    : Fetching access token from request
2026-09-05T21:51:15.126+05:30  INFO 30964 --- [doc-mind] [http-nio-8080-exec-2] c.p.d.s.s.impl.ResolveAccessTokenImpl    : Fetching access token from request
2026-09-05T21:51:16.929+05:30  INFO 30964 --- [doc-mind] [http-nio-8080-exec-1] c.p.docmind.aop.aspect.LoggingAspect     : Initiating to execute method: loadUserByUsername
2026-09-05T21:51:16.929+05:30  INFO 30964 --- [doc-mind] [http-nio-8080-exec-2] c.p.docmind.aop.aspect.LoggingAspect     : Initiating to execute method: loadUserByUsername
2026-09-05T21:51:17.157+05:30  INFO 30964 --- [doc-mind] [http-nio-8080-exec-1] c.p.docmind.aop.aspect.LoggingAspect     : Completed successfully method: loadUserByUsername
2026-09-05T21:51:17.157+05:30  INFO 30964 --- [doc-mind] [http-nio-8080-exec-2] c.p.docmind.aop.aspect.LoggingAspect     : Completed successfully method: loadUserByUsername
2026-09-05T21:51:17.277+05:30  INFO 30964 --- [doc-mind] [http-nio-8080-exec-2] c.p.docmind.aop.aspect.LoggingAspect     : Initiating to execute method: getCurrentUser
2026-09-05T21:51:17.277+05:30  INFO 30964 --- [doc-mind] [http-nio-8080-exec-2] c.p.docmind.aop.aspect.LoggingAspect     : Completed successfully method: getCurrentUser
2026-09-05T21:51:17.352+05:30  INFO 30964 --- [doc-mind] [http-nio-8080-exec-1] c.p.docmind.aop.aspect.LoggingAspect     : Initiating to execute method: fetchDocuments
2026-09-05T21:51:17.514+05:30  INFO 30964 --- [doc-mind] [http-nio-8080-exec-1] c.p.docmind.aop.aspect.LoggingAspect     : Completed successfully method: fetchDocuments
2026-09-05T21:51:17.901+05:30  INFO 30964 --- [doc-mind] [http-nio-8080-exec-3] c.p.d.s.s.impl.ResolveAccessTokenImpl    : Fetching access token from request
2026-09-05T21:51:17.911+05:30  INFO 30964 --- [doc-mind] [http-nio-8080-exec-3] c.p.docmind.aop.aspect.LoggingAspect     : Initiating to execute method: loadUserByUsername
2026-09-05T21:51:17.926+05:30  INFO 30964 --- [doc-mind] [http-nio-8080-exec-3] c.p.docmind.aop.aspect.LoggingAspect     : Completed successfully method: loadUserByUsername
2026-09-05T21:51:17.930+05:30  INFO 30964 --- [doc-mind] [http-nio-8080-exec-5] c.p.d.s.s.impl.ResolveAccessTokenImpl    : Fetching access token from request
2026-09-05T21:51:17.933+05:30  INFO 30964 --- [doc-mind] [http-nio-8080-exec-3] c.p.docmind.aop.aspect.LoggingAspect     : Initiating to execute method: getCurrentUser
2026-09-05T21:51:17.934+05:30  INFO 30964 --- [doc-mind] [http-nio-8080-exec-3] c.p.docmind.aop.aspect.LoggingAspect     : Completed successfully method: getCurrentUser
2026-09-05T21:51:17.941+05:30  INFO 30964 --- [doc-mind] [http-nio-8080-exec-5] c.p.docmind.aop.aspect.LoggingAspect     : Initiating to execute method: loadUserByUsername
2026-09-05T21:51:17.948+05:30  INFO 30964 --- [doc-mind] [http-nio-8080-exec-5] c.p.docmind.aop.aspect.LoggingAspect     : Completed successfully method: loadUserByUsername
2026-09-05T21:51:17.957+05:30  INFO 30964 --- [doc-mind] [http-nio-8080-exec-5] c.p.docmind.aop.aspect.LoggingAspect     : Initiating to execute method: fetchDocuments
2026-09-05T21:51:17.967+05:30  INFO 30964 --- [doc-mind] [http-nio-8080-exec-5] c.p.docmind.aop.aspect.LoggingAspect     : Completed successfully method: fetchDocuments
2026-09-05T21:51:24.255+05:30  INFO 30964 --- [doc-mind] [http-nio-8080-exec-7] c.p.d.s.s.impl.ResolveAccessTokenImpl    : Fetching access token from request
2026-09-05T21:51:24.255+05:30  INFO 30964 --- [doc-mind] [http-nio-8080-exec-4] c.p.d.s.s.impl.ResolveAccessTokenImpl    : Fetching access token from request
2026-09-05T21:51:24.265+05:30  INFO 30964 --- [doc-mind] [http-nio-8080-exec-4] c.p.docmind.aop.aspect.LoggingAspect     : Initiating to execute method: loadUserByUsername
2026-09-05T21:51:24.265+05:30  INFO 30964 --- [doc-mind] [http-nio-8080-exec-7] c.p.docmind.aop.aspect.LoggingAspect     : Initiating to execute method: loadUserByUsername
2026-09-05T21:51:24.273+05:30  INFO 30964 --- [doc-mind] [http-nio-8080-exec-7] c.p.docmind.aop.aspect.LoggingAspect     : Completed successfully method: loadUserByUsername
2026-09-05T21:51:24.273+05:30  INFO 30964 --- [doc-mind] [http-nio-8080-exec-4] c.p.docmind.aop.aspect.LoggingAspect     : Completed successfully method: loadUserByUsername
2026-09-05T21:51:24.276+05:30  INFO 30964 --- [doc-mind] [http-nio-8080-exec-7] c.p.docmind.aop.aspect.LoggingAspect     : Initiating to execute method: getCurrentUser
2026-09-05T21:51:24.277+05:30  INFO 30964 --- [doc-mind] [http-nio-8080-exec-7] c.p.docmind.aop.aspect.LoggingAspect     : Completed successfully method: getCurrentUser
2026-09-05T21:51:24.279+05:30  INFO 30964 --- [doc-mind] [http-nio-8080-exec-4] c.p.docmind.aop.aspect.LoggingAspect     : Initiating to execute method: fetchDocuments
2026-09-05T21:51:24.295+05:30  INFO 30964 --- [doc-mind] [http-nio-8080-exec-6] c.p.d.s.s.impl.ResolveAccessTokenImpl    : Fetching access token from request
2026-09-05T21:51:24.297+05:30  INFO 30964 --- [doc-mind] [http-nio-8080-exec-4] c.p.docmind.aop.aspect.LoggingAspect     : Completed successfully method: fetchDocuments
2026-09-05T21:51:24.307+05:30  INFO 30964 --- [doc-mind] [http-nio-8080-exec-6] c.p.docmind.aop.aspect.LoggingAspect     : Initiating to execute method: loadUserByUsername
2026-09-05T21:51:24.314+05:30  INFO 30964 --- [doc-mind] [http-nio-8080-exec-8] c.p.d.s.s.impl.ResolveAccessTokenImpl    : Fetching access token from request
2026-09-05T21:51:24.317+05:30  INFO 30964 --- [doc-mind] [http-nio-8080-exec-6] c.p.docmind.aop.aspect.LoggingAspect     : Completed successfully method: loadUserByUsername
2026-09-05T21:51:24.323+05:30  INFO 30964 --- [doc-mind] [http-nio-8080-exec-8] c.p.docmind.aop.aspect.LoggingAspect     : Initiating to execute method: loadUserByUsername
2026-09-05T21:51:24.323+05:30  INFO 30964 --- [doc-mind] [http-nio-8080-exec-6] c.p.docmind.aop.aspect.LoggingAspect     : Initiating to execute method: getCurrentUser
2026-09-05T21:51:24.324+05:30  INFO 30964 --- [doc-mind] [http-nio-8080-exec-6] c.p.docmind.aop.aspect.LoggingAspect     : Completed successfully method: getCurrentUser
2026-09-05T21:51:24.331+05:30  INFO 30964 --- [doc-mind] [http-nio-8080-exec-8] c.p.docmind.aop.aspect.LoggingAspect     : Completed successfully method: loadUserByUsername
2026-09-05T21:51:24.338+05:30  INFO 30964 --- [doc-mind] [http-nio-8080-exec-8] c.p.docmind.aop.aspect.LoggingAspect     : Initiating to execute method: fetchDocuments
2026-09-05T21:51:24.345+05:30  INFO 30964 --- [doc-mind] [http-nio-8080-exec-8] c.p.docmind.aop.aspect.LoggingAspect     : Completed successfully method: fetchDocuments
2026-09-05T21:51:33.543+05:30  INFO 30964 --- [doc-mind] [http-nio-8080-exec-9] c.p.d.s.s.impl.ResolveAccessTokenImpl    : Fetching access token from request
2026-09-05T21:51:33.543+05:30  INFO 30964 --- [doc-mind] [http-nio-8080-exec-10] c.p.d.s.s.impl.ResolveAccessTokenImpl    : Fetching access token from request
2026-09-05T21:51:33.555+05:30  INFO 30964 --- [doc-mind] [http-nio-8080-exec-10] c.p.docmind.aop.aspect.LoggingAspect     : Initiating to execute method: loadUserByUsername
2026-09-05T21:51:33.555+05:30  INFO 30964 --- [doc-mind] [http-nio-8080-exec-9] c.p.docmind.aop.aspect.LoggingAspect     : Initiating to execute method: loadUserByUsername
2026-09-05T21:51:33.563+05:30  INFO 30964 --- [doc-mind] [http-nio-8080-exec-9] c.p.docmind.aop.aspect.LoggingAspect     : Completed successfully method: loadUserByUsername
2026-09-05T21:51:33.566+05:30  INFO 30964 --- [doc-mind] [http-nio-8080-exec-10] c.p.docmind.aop.aspect.LoggingAspect     : Completed successfully method: loadUserByUsername
2026-09-05T21:51:33.571+05:30  INFO 30964 --- [doc-mind] [http-nio-8080-exec-10] c.p.docmind.aop.aspect.LoggingAspect     : Initiating to execute method: getCurrentUser
2026-09-05T21:51:33.575+05:30  INFO 30964 --- [doc-mind] [http-nio-8080-exec-10] c.p.docmind.aop.aspect.LoggingAspect     : Completed successfully method: getCurrentUser
2026-09-05T21:51:33.571+05:30  INFO 30964 --- [doc-mind] [http-nio-8080-exec-9] c.p.docmind.aop.aspect.LoggingAspect     : Initiating to execute method: fetchDocuments
2026-09-05T21:51:33.586+05:30  INFO 30964 --- [doc-mind] [http-nio-8080-exec-2] c.p.d.s.s.impl.ResolveAccessTokenImpl    : Fetching access token from request
2026-09-05T21:51:33.586+05:30  INFO 30964 --- [doc-mind] [http-nio-8080-exec-9] c.p.docmind.aop.aspect.LoggingAspect     : Completed successfully method: fetchDocuments
2026-09-05T21:51:33.597+05:30  INFO 30964 --- [doc-mind] [http-nio-8080-exec-2] c.p.docmind.aop.aspect.LoggingAspect     : Initiating to execute method: loadUserByUsername
2026-09-05T21:51:33.604+05:30  INFO 30964 --- [doc-mind] [http-nio-8080-exec-2] c.p.docmind.aop.aspect.LoggingAspect     : Completed successfully method: loadUserByUsername
2026-09-05T21:51:33.606+05:30  INFO 30964 --- [doc-mind] [http-nio-8080-exec-1] c.p.d.s.s.impl.ResolveAccessTokenImpl    : Fetching access token from request
2026-09-05T21:51:33.606+05:30  INFO 30964 --- [doc-mind] [http-nio-8080-exec-2] c.p.docmind.aop.aspect.LoggingAspect     : Initiating to execute method: getCurrentUser
2026-09-05T21:51:33.606+05:30  INFO 30964 --- [doc-mind] [http-nio-8080-exec-2] c.p.docmind.aop.aspect.LoggingAspect     : Completed successfully method: getCurrentUser
2026-09-05T21:51:33.617+05:30  INFO 30964 --- [doc-mind] [http-nio-8080-exec-1] c.p.docmind.aop.aspect.LoggingAspect     : Initiating to execute method: loadUserByUsername
2026-09-05T21:51:33.623+05:30  INFO 30964 --- [doc-mind] [http-nio-8080-exec-1] c.p.docmind.aop.aspect.LoggingAspect     : Completed successfully method: loadUserByUsername
2026-09-05T21:51:33.626+05:30  INFO 30964 --- [doc-mind] [http-nio-8080-exec-1] c.p.docmind.aop.aspect.LoggingAspect     : Initiating to execute method: fetchDocuments
2026-09-05T21:51:33.641+05:30  INFO 30964 --- [doc-mind] [http-nio-8080-exec-1] c.p.docmind.aop.aspect.LoggingAspect     : Completed successfully method: fetchDocuments
2026-09-05T21:51:39.894+05:30  INFO 30964 --- [doc-mind] [http-nio-8080-exec-3] c.p.d.s.s.impl.ResolveAccessTokenImpl    : Fetching access token from request
2026-09-05T21:51:39.901+05:30  INFO 30964 --- [doc-mind] [http-nio-8080-exec-3] c.p.docmind.aop.aspect.LoggingAspect     : Initiating to execute method: loadUserByUsername
2026-09-05T21:51:39.908+05:30  INFO 30964 --- [doc-mind] [http-nio-8080-exec-3] c.p.docmind.aop.aspect.LoggingAspect     : Completed successfully method: loadUserByUsername
2026-09-05T21:51:40.022+05:30  INFO 30964 --- [doc-mind] [http-nio-8080-exec-3] c.p.docmind.aop.aspect.LoggingAspect     : Initiating to execute method: getStreamResponseFromAssistant
2026-09-05T21:51:40.050+05:30  INFO 30964 --- [doc-mind] [http-nio-8080-exec-3] c.p.docmind.aop.aspect.LoggingAspect     : Completed successfully method: getStreamResponseFromAssistant
2026-09-05T21:51:40.110+05:30  INFO 30964 --- [doc-mind] [http-nio-8080-exec-3] c.p.docmind.aop.aspect.TrackingAspect    : Starting method: NvidiaModelService.getStreamResponse(..)
2026-09-05T21:51:40.110+05:30  INFO 30964 --- [doc-mind] [http-nio-8080-exec-3] c.p.docmind.aop.aspect.LoggingAspect     : Initiating to execute method: getStreamResponse
2026-09-05T21:51:40.314+05:30  INFO 30964 --- [doc-mind] [http-nio-8080-exec-3] c.p.docmind.aop.aspect.LoggingAspect     : Completed successfully method: getStreamResponse
2026-09-05T21:51:40.314+05:30  INFO 30964 --- [doc-mind] [http-nio-8080-exec-3] c.p.docmind.aop.aspect.TrackingAspect    : Ending method: NvidiaModelService.getStreamResponse(..) | Time: 00:00:207
2026-09-05T22:01:12.790+05:30  INFO 30964 --- [doc-mind] [http-nio-8080-exec-7] c.p.d.s.s.impl.ResolveAccessTokenImpl    : Fetching access token from request
2026-09-05T22:01:17.883+05:30  INFO 30964 --- [doc-mind] [http-nio-8080-exec-4] c.p.docmind.aop.aspect.LoggingAspect     : Initiating to execute method: authenticateUser
2026-09-05T22:01:18.231+05:30  INFO 30964 --- [doc-mind] [http-nio-8080-exec-4] c.p.docmind.aop.aspect.LoggingAspect     : Initiating to execute method: loadUserByUsername
2026-09-05T22:01:18.244+05:30  INFO 30964 --- [doc-mind] [http-nio-8080-exec-4] c.p.docmind.aop.aspect.LoggingAspect     : Completed successfully method: loadUserByUsername
2026-09-05T22:01:18.952+05:30  INFO 30964 --- [doc-mind] [http-nio-8080-exec-4] c.p.d.a.service.impl.LoginServiceImpl    : User logged in successfully userId: 6a5417f9-224a-4574-bd57-63826598ef00
2026-09-05T22:01:18.952+05:30  INFO 30964 --- [doc-mind] [http-nio-8080-exec-4] c.p.docmind.aop.aspect.LoggingAspect     : Completed successfully method: authenticateUser
2026-09-05T22:01:19.033+05:30  INFO 30964 --- [doc-mind] [http-nio-8080-exec-6] c.p.d.s.s.impl.ResolveAccessTokenImpl    : Fetching access token from request
2026-09-05T22:01:19.040+05:30  INFO 30964 --- [doc-mind] [http-nio-8080-exec-6] c.p.docmind.aop.aspect.LoggingAspect     : Initiating to execute method: loadUserByUsername
2026-09-05T22:01:19.046+05:30  INFO 30964 --- [doc-mind] [http-nio-8080-exec-6] c.p.docmind.aop.aspect.LoggingAspect     : Completed successfully method: loadUserByUsername
2026-09-05T22:01:19.050+05:30  INFO 30964 --- [doc-mind] [http-nio-8080-exec-6] c.p.docmind.aop.aspect.LoggingAspect     : Initiating to execute method: getCurrentUser
2026-09-05T22:01:19.051+05:30  INFO 30964 --- [doc-mind] [http-nio-8080-exec-6] c.p.docmind.aop.aspect.LoggingAspect     : Completed successfully method: getCurrentUser
2026-09-05T22:01:19.064+05:30  INFO 30964 --- [doc-mind] [http-nio-8080-exec-10] c.p.d.s.s.impl.ResolveAccessTokenImpl    : Fetching access token from request
2026-09-05T22:01:19.064+05:30  INFO 30964 --- [doc-mind] [http-nio-8080-exec-8] c.p.d.s.s.impl.ResolveAccessTokenImpl    : Fetching access token from request
2026-09-05T22:01:19.071+05:30  INFO 30964 --- [doc-mind] [http-nio-8080-exec-10] c.p.docmind.aop.aspect.LoggingAspect     : Initiating to execute method: loadUserByUsername
2026-09-05T22:01:19.072+05:30  INFO 30964 --- [doc-mind] [http-nio-8080-exec-8] c.p.docmind.aop.aspect.LoggingAspect     : Initiating to execute method: loadUserByUsername
2026-09-05T22:01:19.077+05:30  INFO 30964 --- [doc-mind] [http-nio-8080-exec-10] c.p.docmind.aop.aspect.LoggingAspect     : Completed successfully method: loadUserByUsername
2026-09-05T22:01:19.081+05:30  INFO 30964 --- [doc-mind] [http-nio-8080-exec-8] c.p.docmind.aop.aspect.LoggingAspect     : Completed successfully method: loadUserByUsername
2026-09-05T22:01:19.085+05:30  INFO 30964 --- [doc-mind] [http-nio-8080-exec-10] c.p.docmind.aop.aspect.LoggingAspect     : Initiating to execute method: getCurrentUser
2026-09-05T22:01:19.085+05:30  INFO 30964 --- [doc-mind] [http-nio-8080-exec-10] c.p.docmind.aop.aspect.LoggingAspect     : Completed successfully method: getCurrentUser
2026-09-05T22:01:19.086+05:30  INFO 30964 --- [doc-mind] [http-nio-8080-exec-8] c.p.docmind.aop.aspect.LoggingAspect     : Initiating to execute method: fetchDocuments
2026-09-05T22:01:19.094+05:30  INFO 30964 --- [doc-mind] [http-nio-8080-exec-8] c.p.docmind.aop.aspect.LoggingAspect     : Completed successfully method: fetchDocuments
2026-09-05T22:01:26.613+05:30  INFO 30964 --- [doc-mind] [http-nio-8080-exec-9] c.p.d.s.s.impl.ResolveAccessTokenImpl    : Fetching access token from request
2026-09-05T22:01:26.625+05:30  INFO 30964 --- [doc-mind] [http-nio-8080-exec-9] c.p.docmind.aop.aspect.LoggingAspect     : Initiating to execute method: loadUserByUsername
2026-09-05T22:01:26.631+05:30  INFO 30964 --- [doc-mind] [http-nio-8080-exec-9] c.p.docmind.aop.aspect.LoggingAspect     : Completed successfully method: loadUserByUsername
2026-09-05T22:01:26.639+05:30  INFO 30964 --- [doc-mind] [http-nio-8080-exec-9] c.p.docmind.aop.aspect.LoggingAspect     : Initiating to execute method: getStreamResponseFromAssistant
2026-09-05T22:01:26.642+05:30  INFO 30964 --- [doc-mind] [http-nio-8080-exec-9] c.p.docmind.aop.aspect.LoggingAspect     : Completed successfully method: getStreamResponseFromAssistant
2026-09-05T22:01:26.642+05:30  INFO 30964 --- [doc-mind] [http-nio-8080-exec-9] c.p.docmind.aop.aspect.TrackingAspect    : Starting method: NvidiaModelService.getStreamResponse(..)
2026-09-05T22:01:26.645+05:30  INFO 30964 --- [doc-mind] [http-nio-8080-exec-9] c.p.docmind.aop.aspect.LoggingAspect     : Initiating to execute method: getStreamResponse
2026-09-05T22:01:26.645+05:30  INFO 30964 --- [doc-mind] [http-nio-8080-exec-9] c.p.docmind.aop.aspect.LoggingAspect     : Completed successfully method: getStreamResponse
2026-09-05T22:01:26.645+05:30  INFO 30964 --- [doc-mind] [http-nio-8080-exec-9] c.p.docmind.aop.aspect.TrackingAspect    : Ending method: NvidiaModelService.getStreamResponse(..) | Time: 00:00:003
2026-09-05T22:02:21.653+05:30  WARN 30964 --- [doc-mind] [boundedElastic-4] o.s.a.r.p.q.e.MultiQueryExpander         : Query expansion result does not contain the requested 3 variants. Returning the input query unchanged.
2026-09-05T22:03:08.487+05:30  INFO 30964 --- [doc-mind] [SpringApplicationShutdownHook] o.s.boot.tomcat.GracefulShutdown         : Commencing graceful shutdown. Waiting for active requests to complete
2026-09-05T22:03:08.491+05:30  INFO 30964 --- [doc-mind] [tomcat-shutdown] o.s.boot.tomcat.GracefulShutdown         : Graceful shutdown complete
2026-09-05T22:03:08.511+05:30  INFO 30964 --- [doc-mind] [SpringApplicationShutdownHook] j.LocalContainerEntityManagerFactoryBean : Closing JPA EntityManagerFactory for persistence unit 'default'
2026-09-05T22:03:08.513+05:30  INFO 30964 --- [doc-mind] [SpringApplicationShutdownHook] com.zaxxer.hikari.HikariDataSource       : DocMindHikariPool - Shutdown initiated...
2026-09-05T22:03:08.515+05:30  INFO 30964 --- [doc-mind] [SpringApplicationShutdownHook] com.zaxxer.hikari.HikariDataSource       : DocMindHikariPool - Shutdown completed.
